-- phpMyAdmin SQL Dump
-- version 5.2.0
-- https://www.phpmyadmin.net/
--
-- Máy chủ: 127.0.0.1
-- Thời gian đã tạo: Th6 01, 2023 lúc 07:52 PM
-- Phiên bản máy phục vụ: 10.4.27-MariaDB
-- Phiên bản PHP: 8.1.17

SET SQL_MODE = "NO_AUTO_VALUE_ON_ZERO";
START TRANSACTION;
SET time_zone = "+00:00";


/*!40101 SET @OLD_CHARACTER_SET_CLIENT=@@CHARACTER_SET_CLIENT */;
/*!40101 SET @OLD_CHARACTER_SET_RESULTS=@@CHARACTER_SET_RESULTS */;
/*!40101 SET @OLD_COLLATION_CONNECTION=@@COLLATION_CONNECTION */;
/*!40101 SET NAMES utf8mb4 */;

--
-- Cơ sở dữ liệu: `doan4`
--

-- --------------------------------------------------------

--
-- Cấu trúc bảng cho bảng `access_logs`
--

CREATE TABLE `access_logs` (
  `id` bigint(20) UNSIGNED NOT NULL,
  `user_id` bigint(20) UNSIGNED DEFAULT NULL,
  `ip_address` varchar(255) NOT NULL,
  `user_agent` text DEFAULT NULL,
  `created_at` timestamp NULL DEFAULT NULL,
  `updated_at` timestamp NULL DEFAULT NULL
) ENGINE=InnoDB DEFAULT CHARSET=utf8mb4 COLLATE=utf8mb4_unicode_ci;

--
-- Đang đổ dữ liệu cho bảng `access_logs`
--

INSERT INTO `access_logs` (`id`, `user_id`, `ip_address`, `user_agent`, `created_at`, `updated_at`) VALUES
(1, NULL, '::1', 'Mozilla/5.0 (Windows NT 10.0; Win64; x64) AppleWebKit/537.36 (KHTML, like Gecko) Chrome/114.0.0.0 Safari/537.36', '2023-06-01 04:50:48', '2023-06-01 04:50:48'),
(2, NULL, '::1', 'Mozilla/5.0 (Windows NT 10.0; Win64; x64) AppleWebKit/537.36 (KHTML, like Gecko) Chrome/114.0.0.0 Safari/537.36', '2023-06-01 04:50:48', '2023-06-01 04:50:48'),
(3, NULL, '::1', 'Mozilla/5.0 (Windows NT 10.0; Win64; x64) AppleWebKit/537.36 (KHTML, like Gecko) Chrome/114.0.0.0 Safari/537.36', '2023-06-01 04:50:48', '2023-06-01 04:50:48'),
(4, NULL, '::1', 'Mozilla/5.0 (Windows NT 10.0; Win64; x64) AppleWebKit/537.36 (KHTML, like Gecko) Chrome/114.0.0.0 Safari/537.36', '2023-06-01 04:54:03', '2023-06-01 04:54:03'),
(5, NULL, '::1', 'Mozilla/5.0 (Windows NT 10.0; Win64; x64) AppleWebKit/537.36 (KHTML, like Gecko) Chrome/114.0.0.0 Safari/537.36', '2023-06-01 04:54:13', '2023-06-01 04:54:13'),
(6, NULL, '::1', 'Mozilla/5.0 (Windows NT 10.0; Win64; x64) AppleWebKit/537.36 (KHTML, like Gecko) Chrome/114.0.0.0 Safari/537.36', '2023-06-01 04:54:14', '2023-06-01 04:54:14'),
(7, NULL, '::1', 'Mozilla/5.0 (Windows NT 10.0; Win64; x64) AppleWebKit/537.36 (KHTML, like Gecko) Chrome/114.0.0.0 Safari/537.36', '2023-06-01 04:54:14', '2023-06-01 04:54:14'),
(8, NULL, '::1', 'Mozilla/5.0 (Windows NT 10.0; Win64; x64) AppleWebKit/537.36 (KHTML, like Gecko) Chrome/114.0.0.0 Safari/537.36', '2023-06-01 04:56:04', '2023-06-01 04:56:04'),
(9, NULL, '::1', 'Mozilla/5.0 (Windows NT 10.0; Win64; x64) AppleWebKit/537.36 (KHTML, like Gecko) Chrome/114.0.0.0 Safari/537.36', '2023-06-01 04:56:04', '2023-06-01 04:56:04'),
(10, NULL, '::1', 'Mozilla/5.0 (Windows NT 10.0; Win64; x64) AppleWebKit/537.36 (KHTML, like Gecko) Chrome/114.0.0.0 Safari/537.36', '2023-06-01 04:56:04', '2023-06-01 04:56:04'),
(11, NULL, '::1', 'Mozilla/5.0 (Windows NT 10.0; Win64; x64) AppleWebKit/537.36 (KHTML, like Gecko) Chrome/114.0.0.0 Safari/537.36', '2023-06-01 04:58:48', '2023-06-01 04:58:48'),
(12, NULL, '::1', 'Mozilla/5.0 (Windows NT 10.0; Win64; x64) AppleWebKit/537.36 (KHTML, like Gecko) Chrome/114.0.0.0 Safari/537.36', '2023-06-01 04:58:48', '2023-06-01 04:58:48'),
(13, NULL, '::1', 'Mozilla/5.0 (Windows NT 10.0; Win64; x64) AppleWebKit/537.36 (KHTML, like Gecko) Chrome/114.0.0.0 Safari/537.36', '2023-06-01 04:58:48', '2023-06-01 04:58:48'),
(14, NULL, '::1', 'Mozilla/5.0 (Windows NT 10.0; Win64; x64) AppleWebKit/537.36 (KHTML, like Gecko) Chrome/114.0.0.0 Safari/537.36', '2023-06-01 05:26:59', '2023-06-01 05:26:59'),
(15, NULL, '::1', 'Mozilla/5.0 (Windows NT 10.0; Win64; x64) AppleWebKit/537.36 (KHTML, like Gecko) Chrome/114.0.0.0 Safari/537.36', '2023-06-01 08:58:25', '2023-06-01 08:58:25'),
(16, NULL, '::1', 'Mozilla/5.0 (Windows NT 10.0; Win64; x64) AppleWebKit/537.36 (KHTML, like Gecko) Chrome/114.0.0.0 Safari/537.36', '2023-06-01 08:58:26', '2023-06-01 08:58:26'),
(17, NULL, '::1', 'Mozilla/5.0 (Windows NT 10.0; Win64; x64) AppleWebKit/537.36 (KHTML, like Gecko) Chrome/114.0.0.0 Safari/537.36', '2023-06-01 09:44:04', '2023-06-01 09:44:04'),
(18, NULL, '::1', 'Mozilla/5.0 (Windows NT 10.0; Win64; x64) AppleWebKit/537.36 (KHTML, like Gecko) Chrome/114.0.0.0 Safari/537.36', '2023-06-01 11:38:02', '2023-06-01 11:38:02'),
(19, NULL, '::1', 'Mozilla/5.0 (Windows NT 10.0; Win64; x64) AppleWebKit/537.36 (KHTML, like Gecko) Chrome/114.0.0.0 Safari/537.36', '2023-06-01 11:51:39', '2023-06-01 11:51:39'),
(20, NULL, '::1', 'Mozilla/5.0 (Windows NT 10.0; Win64; x64) AppleWebKit/537.36 (KHTML, like Gecko) Chrome/114.0.0.0 Safari/537.36', '2023-06-01 12:14:39', '2023-06-01 12:14:39'),
(21, NULL, '::1', 'Mozilla/5.0 (Windows NT 10.0; Win64; x64) AppleWebKit/537.36 (KHTML, like Gecko) Chrome/114.0.0.0 Safari/537.36', '2023-06-01 12:35:19', '2023-06-01 12:35:19'),
(22, NULL, '::1', 'Mozilla/5.0 (Windows NT 10.0; Win64; x64) AppleWebKit/537.36 (KHTML, like Gecko) Chrome/114.0.0.0 Safari/537.36', '2023-06-01 12:37:55', '2023-06-01 12:37:55'),
(23, NULL, '::1', 'Mozilla/5.0 (Windows NT 10.0; Win64; x64) AppleWebKit/537.36 (KHTML, like Gecko) Chrome/114.0.0.0 Safari/537.36', '2023-06-01 13:46:48', '2023-06-01 13:46:48'),
(24, NULL, '::1', 'Mozilla/5.0 (Windows NT 10.0; Win64; x64) AppleWebKit/537.36 (KHTML, like Gecko) Chrome/114.0.0.0 Safari/537.36', '2023-06-01 14:50:11', '2023-06-01 14:50:11'),
(25, NULL, '::1', 'Mozilla/5.0 (Windows NT 10.0; Win64; x64) AppleWebKit/537.36 (KHTML, like Gecko) Chrome/114.0.0.0 Safari/537.36', '2023-06-01 16:49:01', '2023-06-01 16:49:01');

-- --------------------------------------------------------

--
-- Cấu trúc bảng cho bảng `category`
--

CREATE TABLE `category` (
  `CatID` int(11) NOT NULL,
  `Name` varchar(50) DEFAULT NULL,
  `type` varchar(50) DEFAULT NULL,
  `Active` bit(1) DEFAULT b'1',
  `updated_at` timestamp NULL DEFAULT current_timestamp(),
  `created_at` timestamp NULL DEFAULT current_timestamp() ON UPDATE current_timestamp()
) ENGINE=InnoDB DEFAULT CHARSET=utf8 COLLATE=utf8_general_ci;

--
-- Đang đổ dữ liệu cho bảng `category`
--

INSERT INTO `category` (`CatID`, `Name`, `type`, `Active`, `updated_at`, `created_at`) VALUES
(21, 'Quần', 'Nam', b'1', '2023-05-29 22:54:38', '2023-05-29 22:54:38'),
(22, 'Áo', 'Nam', b'1', '2023-05-23 07:21:07', '2023-05-23 07:21:07'),
(23, 'Đồ mặc nhà', 'Nam', b'1', '2023-05-23 07:21:22', '2023-05-23 07:21:22'),
(24, 'Đồ mặc ngoài', 'Nam', b'1', '2023-05-23 07:21:37', '2023-05-23 07:21:37'),
(25, 'Đồ mặc trong', 'Nam', b'1', '2023-05-23 07:21:51', '2023-05-23 07:21:51'),
(26, 'Phụ kiện', 'Nam', b'1', '2023-05-23 07:22:03', '2023-05-23 07:22:03'),
(27, 'Áo', 'Nữ', b'1', '2023-05-23 07:22:35', '2023-05-23 07:22:35'),
(28, 'Quần', 'Nữ', b'1', '2023-05-23 07:22:51', '2023-05-23 07:22:51'),
(29, 'Đồ mặc nhà', 'Nữ', b'1', '2023-05-23 07:23:20', '2023-05-23 07:23:20'),
(30, 'Đồ mặc trong', 'Nữ', b'1', '2023-05-23 07:23:14', '2023-05-23 07:23:14'),
(31, 'Đồ mặc ngoài', 'Nữ', b'1', '2023-05-23 07:23:36', '2023-05-23 07:23:36'),
(32, 'Phụ kiện', 'Nữ', b'1', '2023-05-23 07:23:50', '2023-05-23 07:23:50'),
(33, 'Váy', 'Nữ', b'1', '2023-05-23 07:24:23', '2023-05-23 07:24:23'),
(34, 'Áo', 'Bé gái', b'1', '2023-05-23 07:24:55', '2023-05-23 07:24:55'),
(35, 'Quần', 'Bé gái', b'1', '2023-05-23 07:25:05', '2023-05-23 07:25:05'),
(36, 'Váy', 'Bé gái', b'1', '2023-05-23 07:25:23', '2023-05-23 07:25:23'),
(37, 'Đồ mặc nhà', 'Bé gái', b'1', '2023-05-23 07:25:35', '2023-05-23 07:25:35'),
(38, 'Đồ mặc trong', 'Bé gái', b'1', '2023-05-23 07:25:45', '2023-05-23 07:25:45'),
(39, 'Đồ mặc ngoài', 'Bé gái', b'1', '2023-05-23 07:25:56', '2023-05-23 07:25:56'),
(40, 'Phụ kiện', 'Bé gái', b'1', '2023-05-23 07:26:17', '2023-05-23 07:26:17'),
(41, 'Gía tốt', 'Bé gái', b'1', '2023-05-23 07:26:32', '2023-05-23 07:26:32'),
(42, 'Áo', 'Bé trai', b'1', '2023-05-23 07:26:50', '2023-05-23 07:26:50'),
(43, 'Quần', 'Bé trai', b'1', '2023-05-23 07:27:10', '2023-05-23 07:27:10'),
(44, 'Đồ mặc nhà', 'Bé trai', b'1', '2023-05-23 07:27:23', '2023-05-23 07:27:23'),
(45, 'Đồ mặc trong', 'Bé trai', b'1', '2023-05-23 07:27:35', '2023-05-23 07:27:35'),
(46, 'Đồ mặc ngoài', 'Bé trai', b'1', '2023-05-23 07:27:47', '2023-05-23 07:27:47'),
(47, 'Phụ kiện', 'Bé trai', b'1', '2023-05-23 07:28:00', '2023-05-23 07:28:00'),
(48, 'Gía tốt', 'Bé trai', b'1', '2023-05-23 07:28:12', '2023-05-23 07:28:12');

-- --------------------------------------------------------

--
-- Cấu trúc bảng cho bảng `customer`
--

CREATE TABLE `customer` (
  `CusID` bigint(20) NOT NULL,
  `Name` varchar(100) DEFAULT NULL,
  `Phone` varchar(10) DEFAULT NULL,
  `ResetPasswordCode` varchar(100) DEFAULT NULL,
  `Password` varchar(50) DEFAULT NULL,
  `Email` varchar(100) DEFAULT NULL,
  `Address` varchar(300) DEFAULT NULL,
  `Status` bit(1) DEFAULT NULL,
  `updated_at` timestamp NULL DEFAULT current_timestamp(),
  `created_at` timestamp NULL DEFAULT current_timestamp() ON UPDATE current_timestamp()
) ENGINE=InnoDB DEFAULT CHARSET=utf8 COLLATE=utf8_general_ci;

--
-- Đang đổ dữ liệu cho bảng `customer`
--

INSERT INTO `customer` (`CusID`, `Name`, `Phone`, `ResetPasswordCode`, `Password`, `Email`, `Address`, `Status`, `updated_at`, `created_at`) VALUES
(1, 'Trần khánh Sơn', '0354214178', NULL, '30082002', NULL, 'Trung hòa Yên mĩ', b'1', '2023-06-01 16:35:46', '2023-06-01 16:35:46'),
(2, 'Minh Tâm', '0392572493', NULL, '12345678', NULL, 'Tân Dân', b'1', '2023-06-01 03:16:29', '2023-06-01 03:16:29'),
(3, 'Phạm Hùng', '0937377387', NULL, '12345678', NULL, 'Cao Bằng', b'1', '2023-05-29 03:44:19', '2023-05-29 03:44:19'),
(4, 'Phạm Hiệp', '0928382738', NULL, '12345678', NULL, 'Ân Thi', b'1', '2023-05-29 03:45:06', '2023-05-29 03:45:06'),
(5, 'Trần Thảo', '0832297222', NULL, '12345678', NULL, 'Kim Động', b'1', '2023-05-29 03:47:06', '2023-05-29 03:47:06'),
(6, 'Quốc Anh', '0354272992', NULL, '12345678', NULL, 'Ân Thị', b'1', '2023-05-29 03:48:05', '2023-05-29 03:48:05');

-- --------------------------------------------------------

--
-- Cấu trúc bảng cho bảng `discountdetail`
--

CREATE TABLE `discountdetail` (
  `DiscountDetailId` bigint(20) NOT NULL,
  `ProId` bigint(20) DEFAULT NULL,
  `DiscountProductId` int(11) DEFAULT NULL,
  `Amount` int(11) DEFAULT NULL,
  `TypeAmount` varchar(50) DEFAULT NULL,
  `created_at` timestamp NULL DEFAULT current_timestamp() ON UPDATE current_timestamp(),
  `updated_at` timestamp NULL DEFAULT current_timestamp(),
  `priceAfter` decimal(18,0) DEFAULT NULL,
  `MaxQuantityPerUser` int(11) DEFAULT NULL
) ENGINE=InnoDB DEFAULT CHARSET=utf8 COLLATE=utf8_general_ci;

--
-- Đang đổ dữ liệu cho bảng `discountdetail`
--

INSERT INTO `discountdetail` (`DiscountDetailId`, `ProId`, `DiscountProductId`, `Amount`, `TypeAmount`, `created_at`, `updated_at`, `priceAfter`, `MaxQuantityPerUser`) VALUES
(43, 10, 15, 10, '1', '2023-05-29 23:32:28', '2023-05-29 23:32:28', NULL, NULL),
(44, 14, 15, 10, '1', '2023-05-29 23:32:28', '2023-05-29 23:32:28', NULL, NULL),
(45, 19, 15, 10, '1', '2023-05-29 23:32:28', '2023-05-29 23:32:28', NULL, NULL),
(46, 17, 15, 10, '1', '2023-05-29 23:32:28', '2023-05-29 23:32:28', NULL, NULL),
(47, 24, 15, 10, '1', '2023-05-29 23:32:28', '2023-05-29 23:32:28', NULL, NULL),
(48, 21, 15, 10, '1', '2023-05-29 23:32:28', '2023-05-29 23:32:28', NULL, NULL),
(49, 20, 15, 10, '1', '2023-05-29 23:32:28', '2023-05-29 23:32:28', NULL, NULL),
(50, 58, 15, 10, '1', '2023-05-29 23:32:28', '2023-05-29 23:32:28', NULL, NULL),
(51, 55, 15, 10, '1', '2023-05-29 23:32:28', '2023-05-29 23:32:28', NULL, NULL),
(52, 53, 15, 10, '1', '2023-05-29 23:32:28', '2023-05-29 23:32:28', NULL, NULL),
(53, 52, 15, 10, '1', '2023-05-29 23:32:28', '2023-05-29 23:32:28', NULL, NULL),
(54, 50, 15, 10, '1', '2023-05-29 23:32:28', '2023-05-29 23:32:28', NULL, NULL),
(55, 43, 16, 15, '1', '2023-05-29 23:33:55', '2023-05-29 23:33:55', NULL, NULL),
(56, 44, 16, 15, '1', '2023-05-29 23:33:55', '2023-05-29 23:33:55', NULL, NULL),
(57, 42, 16, 15, '1', '2023-05-29 23:33:55', '2023-05-29 23:33:55', NULL, NULL),
(58, 49, 16, 15, '1', '2023-05-29 23:33:55', '2023-05-29 23:33:55', NULL, NULL),
(59, 48, 16, 15, '1', '2023-05-29 23:33:55', '2023-05-29 23:33:55', NULL, NULL),
(60, 47, 16, 15, '1', '2023-05-29 23:33:55', '2023-05-29 23:33:55', NULL, NULL),
(61, 46, 16, 15, '1', '2023-05-29 23:33:55', '2023-05-29 23:33:55', NULL, NULL),
(62, 45, 16, 15, '1', '2023-05-29 23:33:55', '2023-05-29 23:33:55', NULL, NULL),
(63, 52, 16, 15, '1', '2023-05-29 23:33:55', '2023-05-29 23:33:55', NULL, NULL),
(64, 50, 16, 15, '1', '2023-05-29 23:33:55', '2023-05-29 23:33:55', NULL, NULL),
(65, 58, 16, 15, '1', '2023-05-29 23:33:55', '2023-05-29 23:33:55', NULL, NULL),
(66, 57, 16, 15, '1', '2023-05-29 23:33:55', '2023-05-29 23:33:55', NULL, NULL),
(67, 26, 17, 5, '1', '2023-05-29 23:35:16', '2023-05-29 23:35:16', NULL, NULL),
(68, 28, 17, 5, '1', '2023-05-29 23:35:16', '2023-05-29 23:35:16', NULL, NULL),
(69, 31, 17, 5, '1', '2023-05-29 23:35:16', '2023-05-29 23:35:16', NULL, NULL),
(70, 32, 17, 5, '1', '2023-05-29 23:35:16', '2023-05-29 23:35:16', NULL, NULL),
(71, 34, 17, 5, '1', '2023-05-29 23:35:16', '2023-05-29 23:35:16', NULL, NULL),
(72, 35, 17, 5, '1', '2023-05-29 23:35:16', '2023-05-29 23:35:16', NULL, NULL),
(73, 37, 17, 5, '1', '2023-05-29 23:35:16', '2023-05-29 23:35:16', NULL, NULL),
(74, 39, 17, 5, '1', '2023-05-29 23:35:16', '2023-05-29 23:35:16', NULL, NULL),
(75, 40, 17, 5, '1', '2023-05-29 23:35:16', '2023-05-29 23:35:16', NULL, NULL),
(85, 10, 19, 10, '1', '2023-06-01 16:40:50', '2023-06-01 16:40:50', NULL, NULL),
(86, 11, 19, 15, '1', '2023-06-01 16:40:50', '2023-06-01 16:40:50', NULL, NULL),
(87, 12, 19, 10, '1', '2023-06-01 16:40:50', '2023-06-01 16:40:50', NULL, NULL),
(88, 14, 19, 15, '1', '2023-06-01 16:40:50', '2023-06-01 16:40:50', NULL, NULL),
(89, 13, 19, 15, '1', '2023-06-01 16:40:50', '2023-06-01 16:40:50', NULL, NULL),
(90, 16, 19, 16, '1', '2023-06-01 16:40:50', '2023-06-01 16:40:50', NULL, NULL),
(91, 17, 19, 20, '1', '2023-06-01 16:40:50', '2023-06-01 16:40:50', NULL, NULL),
(92, 18, 19, 15, '1', '2023-06-01 16:40:50', '2023-06-01 16:40:50', NULL, NULL),
(93, 19, 19, 10, '1', '2023-06-01 16:40:50', '2023-06-01 16:40:50', NULL, NULL),
(94, 21, 19, 15, '1', '2023-06-01 16:40:50', '2023-06-01 16:40:50', NULL, NULL),
(95, 22, 19, 15, '1', '2023-06-01 16:40:50', '2023-06-01 16:40:50', NULL, NULL),
(96, 23, 19, 10, '1', '2023-06-01 16:40:50', '2023-06-01 16:40:50', NULL, NULL),
(97, 57, 19, 10, '1', '2023-06-01 16:40:50', '2023-06-01 16:40:50', NULL, NULL),
(98, 58, 19, 10, '1', '2023-06-01 16:40:50', '2023-06-01 16:40:50', NULL, NULL),
(99, 55, 19, 10, '1', '2023-06-01 16:40:50', '2023-06-01 16:40:50', NULL, NULL),
(100, 56, 19, 10, '1', '2023-06-01 16:40:50', '2023-06-01 16:40:50', NULL, NULL),
(101, 54, 19, 10, '1', '2023-06-01 16:40:50', '2023-06-01 16:40:50', NULL, NULL),
(102, 52, 19, 15, '1', '2023-06-01 16:40:50', '2023-06-01 16:40:50', NULL, NULL),
(103, 51, 19, 10, '1', '2023-06-01 16:40:50', '2023-06-01 16:40:50', NULL, NULL);

-- --------------------------------------------------------

--
-- Cấu trúc bảng cho bảng `discountproduct`
--

CREATE TABLE `discountproduct` (
  `DiscountProductId` int(11) NOT NULL,
  `Name` varchar(100) DEFAULT NULL,
  `StartDate` datetime DEFAULT NULL,
  `EndDate` datetime DEFAULT NULL,
  `updated_at` timestamp NULL DEFAULT current_timestamp(),
  `created_at` timestamp NULL DEFAULT current_timestamp() ON UPDATE current_timestamp()
) ENGINE=InnoDB DEFAULT CHARSET=utf8 COLLATE=utf8_general_ci;

--
-- Đang đổ dữ liệu cho bảng `discountproduct`
--

INSERT INTO `discountproduct` (`DiscountProductId`, `Name`, `StartDate`, `EndDate`, `updated_at`, `created_at`) VALUES
(15, 'Flash Sale', '2023-06-01 06:29:00', '2023-06-10 06:30:00', '2023-05-29 23:32:28', '2023-05-29 23:32:28'),
(16, 'Sale ngày quốc tế thiếu nhi', '2023-06-01 06:32:00', '2023-06-05 06:32:00', '2023-05-29 23:33:55', '2023-05-29 23:33:55'),
(17, 'Sale cuối tuần', '2023-06-11 06:34:00', '2023-06-13 06:34:00', '2023-05-29 23:35:16', '2023-05-29 23:35:16'),
(19, '1/6/2023', '2023-06-01 23:41:00', '2023-06-04 23:39:00', '2023-06-01 16:40:50', '2023-06-01 16:40:50');

-- --------------------------------------------------------

--
-- Cấu trúc bảng cho bảng `feedback`
--

CREATE TABLE `feedback` (
  `FeedbackId` bigint(20) NOT NULL,
  `CusID` bigint(20) DEFAULT NULL,
  `ProVariationID` bigint(20) DEFAULT NULL,
  `Stars` int(11) DEFAULT NULL,
  `Content` longtext DEFAULT NULL,
  `Image` text DEFAULT NULL,
  `Status` bit(1) DEFAULT NULL,
  `Datetime` datetime DEFAULT NULL,
  `updated_at` timestamp NULL DEFAULT current_timestamp(),
  `created_at` timestamp NULL DEFAULT current_timestamp() ON UPDATE current_timestamp()
) ENGINE=InnoDB DEFAULT CHARSET=utf8 COLLATE=utf8_general_ci;

--
-- Đang đổ dữ liệu cho bảng `feedback`
--

INSERT INTO `feedback` (`FeedbackId`, `CusID`, `ProVariationID`, `Stars`, `Content`, `Image`, `Status`, `Datetime`, `updated_at`, `created_at`) VALUES
(15, 1, 38, 5, 'Trên cả tuyệt vời', 'NdSE0ymOnoPmvYSJe5z5qcZZ5uxpc1Jw87YJMLeR.jpg', b'1', '2023-06-02 00:38:40', '2023-06-01 17:51:44', '2023-06-01 17:51:44'),
(16, 1, 39, 3, 'sản phẩm tuyệt vời nhưng cần cải thiện chất liệu vải', '16mVEY2LwvNv8xhSoF3QB3MHMh3uJHssfYMTyz44.jpg', b'1', '2023-06-02 00:39:23', '2023-06-01 17:41:25', '2023-06-01 17:41:25');

-- --------------------------------------------------------

--
-- Cấu trúc bảng cho bảng `importbill`
--

CREATE TABLE `importbill` (
  `ImpId` bigint(20) NOT NULL,
  `StaffId` int(11) DEFAULT NULL,
  `MoneyTotal` int(11) DEFAULT NULL,
  `updated_at` timestamp NULL DEFAULT current_timestamp(),
  `created_at` timestamp NULL DEFAULT current_timestamp() ON UPDATE current_timestamp()
) ENGINE=InnoDB DEFAULT CHARSET=utf8 COLLATE=utf8_general_ci;

--
-- Đang đổ dữ liệu cho bảng `importbill`
--

INSERT INTO `importbill` (`ImpId`, `StaffId`, `MoneyTotal`, `updated_at`, `created_at`) VALUES
(4, 1, 37960000, '2023-05-29 03:05:33', '2023-05-29 03:05:33'),
(5, 1, 7500000, '2023-05-29 03:06:20', '2023-05-29 03:06:20'),
(6, 1, 7280000, '2023-05-29 03:06:39', '2023-05-29 03:06:39'),
(7, 1, 10200000, '2023-05-29 03:06:58', '2023-05-29 03:06:58'),
(8, 1, 7182000, '2023-05-29 03:07:17', '2023-05-29 03:07:17'),
(9, 1, 5586000, '2023-05-29 03:07:31', '2023-05-29 03:07:31'),
(10, 1, 10560000, '2023-05-29 03:08:09', '2023-05-29 03:08:09'),
(11, 1, 4776000, '2023-05-29 03:08:45', '2023-05-29 03:08:45'),
(12, 1, 5771000, '2023-05-29 03:09:38', '2023-05-29 03:09:38'),
(13, 1, 4080000, '2023-05-29 03:10:51', '2023-05-29 03:10:51'),
(14, 1, 3240000, '2023-05-29 03:11:25', '2023-05-29 03:11:25'),
(15, 1, 10360000, '2023-05-29 03:11:49', '2023-05-29 03:11:49'),
(16, 1, 9250000, '2023-05-29 03:12:14', '2023-05-29 03:12:14'),
(17, 1, 11460000, '2023-05-29 03:12:59', '2023-05-29 03:12:59'),
(18, 1, 3870000, '2023-05-29 03:13:29', '2023-05-29 03:13:29'),
(19, 1, 8372000, '2023-05-29 03:13:47', '2023-05-29 03:13:47'),
(20, 1, 15180000, '2023-05-29 03:14:45', '2023-05-29 03:14:45'),
(21, 1, 3000000, '2023-05-29 03:15:19', '2023-05-29 03:15:19'),
(22, 1, 1920000, '2023-05-29 03:15:33', '2023-05-29 03:15:33'),
(23, 1, 17976000, '2023-05-29 03:16:15', '2023-05-29 03:16:15'),
(24, 1, 300000, '2023-05-29 19:24:02', '2023-05-29 19:24:02'),
(25, 1, 16038000, '2023-06-01 16:42:50', '2023-06-01 16:42:50'),
(26, 1, 4560000, '2023-06-01 17:13:14', '2023-06-01 17:13:14'),
(27, 1, 3510000, '2023-06-01 17:15:57', '2023-06-01 17:15:57');

-- --------------------------------------------------------

--
-- Cấu trúc bảng cho bảng `importbilldetail`
--

CREATE TABLE `importbilldetail` (
  `ProVariationID` bigint(20) NOT NULL,
  `ImpId` bigint(20) NOT NULL,
  `Quantity` int(11) DEFAULT NULL,
  `created_at` timestamp NULL DEFAULT current_timestamp() ON UPDATE current_timestamp(),
  `updated_at` timestamp NULL DEFAULT current_timestamp(),
  `ImportPrice` int(11) DEFAULT NULL
) ENGINE=InnoDB DEFAULT CHARSET=utf8 COLLATE=utf8_general_ci;

--
-- Đang đổ dữ liệu cho bảng `importbilldetail`
--

INSERT INTO `importbilldetail` (`ProVariationID`, `ImpId`, `Quantity`, `created_at`, `updated_at`, `ImportPrice`) VALUES
(32, 4, 5, '2023-05-29 03:05:33', '2023-05-29 03:05:33', 150000),
(32, 24, 1, '2023-05-29 19:24:02', '2023-05-29 19:24:02', 150000),
(32, 25, 5, '2023-06-01 16:42:50', '2023-06-01 16:42:50', 150000),
(33, 4, 5, '2023-05-29 03:05:33', '2023-05-29 03:05:33', 150000),
(33, 24, 1, '2023-05-29 19:24:02', '2023-05-29 19:24:02', 150000),
(33, 25, 5, '2023-06-01 16:42:50', '2023-06-01 16:42:50', 150000),
(34, 4, 5, '2023-05-29 03:05:33', '2023-05-29 03:05:33', 150000),
(34, 25, 4, '2023-06-01 16:42:50', '2023-06-01 16:42:50', 150000),
(35, 4, 5, '2023-05-29 03:05:33', '2023-05-29 03:05:33', 150000),
(35, 25, 5, '2023-06-01 16:42:50', '2023-06-01 16:42:50', 150000),
(36, 4, 5, '2023-05-29 03:05:33', '2023-05-29 03:05:33', 150000),
(38, 4, 6, '2023-05-29 03:05:33', '2023-05-29 03:05:33', 70000),
(39, 4, 5, '2023-05-29 03:05:33', '2023-05-29 03:05:33', 70000),
(40, 4, 5, '2023-05-29 03:05:33', '2023-05-29 03:05:33', 70000),
(41, 4, 5, '2023-05-29 03:05:33', '2023-05-29 03:05:33', 70000),
(42, 4, 5, '2023-05-29 03:05:33', '2023-05-29 03:05:33', 190000),
(43, 4, 5, '2023-05-29 03:05:33', '2023-05-29 03:05:33', 190000),
(44, 4, 5, '2023-05-29 03:05:33', '2023-05-29 03:05:33', 190000),
(45, 4, 5, '2023-05-29 03:05:33', '2023-05-29 03:05:33', 190000),
(46, 4, 5, '2023-05-29 03:05:33', '2023-05-29 03:05:33', 190000),
(47, 4, 5, '2023-05-29 03:05:33', '2023-05-29 03:05:33', 190000),
(48, 4, 5, '2023-05-29 03:05:33', '2023-05-29 03:05:33', 190000),
(49, 4, 5, '2023-05-29 03:05:33', '2023-05-29 03:05:33', 190000),
(50, 4, 5, '2023-05-29 03:05:33', '2023-05-29 03:05:33', 190000),
(51, 4, 5, '2023-05-29 03:05:33', '2023-05-29 03:05:33', 190000),
(52, 4, 5, '2023-05-29 03:05:33', '2023-05-29 03:05:33', 190000),
(53, 4, 5, '2023-05-29 03:05:33', '2023-05-29 03:05:33', 190000),
(54, 4, 6, '2023-05-29 03:05:33', '2023-05-29 03:05:33', 300000),
(55, 4, 5, '2023-05-29 03:05:33', '2023-05-29 03:05:33', 300000),
(56, 4, 4, '2023-05-29 03:05:33', '2023-05-29 03:05:33', 300000),
(57, 4, 5, '2023-05-29 03:05:33', '2023-05-29 03:05:33', 300000),
(58, 4, 5, '2023-05-29 03:05:33', '2023-05-29 03:05:33', 300000),
(59, 4, 5, '2023-05-29 03:05:33', '2023-05-29 03:05:33', 300000),
(60, 4, 4, '2023-05-29 03:05:33', '2023-05-29 03:05:33', 300000),
(61, 4, 4, '2023-05-29 03:05:33', '2023-05-29 03:05:33', 300000),
(62, 4, 4, '2023-05-29 03:05:33', '2023-05-29 03:05:33', 300000),
(63, 4, 3, '2023-05-29 03:05:33', '2023-05-29 03:05:33', 230000),
(64, 4, 4, '2023-05-29 03:05:33', '2023-05-29 03:05:33', 230000),
(65, 4, 4, '2023-05-29 03:05:33', '2023-05-29 03:05:33', 230000),
(66, 4, 3, '2023-05-29 03:05:33', '2023-05-29 03:05:33', 230000),
(67, 4, 3, '2023-05-29 03:05:33', '2023-05-29 03:05:33', 230000),
(68, 4, 3, '2023-05-29 03:05:33', '2023-05-29 03:05:33', 230000),
(69, 4, 3, '2023-05-29 03:05:33', '2023-05-29 03:05:33', 230000),
(70, 4, 3, '2023-05-29 03:05:33', '2023-05-29 03:05:33', 230000),
(71, 4, 3, '2023-05-29 03:05:33', '2023-05-29 03:05:33', 230000),
(72, 4, 3, '2023-05-29 03:05:33', '2023-05-29 03:05:33', 230000),
(73, 4, 3, '2023-05-29 03:05:33', '2023-05-29 03:05:33', 230000),
(74, 4, 3, '2023-05-29 03:05:33', '2023-05-29 03:05:33', 230000),
(75, 5, 5, '2023-05-29 03:06:20', '2023-05-29 03:06:20', 500000),
(76, 5, 5, '2023-05-29 03:06:20', '2023-05-29 03:06:20', 500000),
(77, 5, 5, '2023-05-29 03:06:20', '2023-05-29 03:06:20', 500000),
(78, 6, 5, '2023-05-29 03:06:39', '2023-05-29 03:06:39', 560000),
(78, 25, 5, '2023-06-01 16:42:50', '2023-06-01 16:42:50', 560000),
(79, 6, 4, '2023-05-29 03:06:39', '2023-05-29 03:06:39', 560000),
(79, 25, 5, '2023-06-01 16:42:50', '2023-06-01 16:42:50', 560000),
(80, 6, 4, '2023-05-29 03:06:39', '2023-05-29 03:06:39', 560000),
(80, 25, 5, '2023-06-01 16:42:50', '2023-06-01 16:42:50', 560000),
(81, 7, 4, '2023-05-29 03:06:58', '2023-05-29 03:06:58', 510000),
(82, 7, 3, '2023-05-29 03:06:58', '2023-05-29 03:06:58', 510000),
(83, 7, 4, '2023-05-29 03:06:58', '2023-05-29 03:06:58', 510000),
(84, 7, 3, '2023-05-29 03:06:58', '2023-05-29 03:06:58', 510000),
(85, 7, 3, '2023-05-29 03:06:58', '2023-05-29 03:06:58', 510000),
(86, 7, 3, '2023-05-29 03:06:58', '2023-05-29 03:06:58', 510000),
(87, 8, 10, '2023-05-29 03:07:17', '2023-05-29 03:07:17', 399000),
(87, 25, 4, '2023-06-01 16:42:50', '2023-06-01 16:42:50', 399000),
(88, 8, 4, '2023-05-29 03:07:17', '2023-05-29 03:07:17', 399000),
(88, 25, 4, '2023-06-01 16:42:50', '2023-06-01 16:42:50', 399000),
(89, 8, 4, '2023-05-29 03:07:17', '2023-05-29 03:07:17', 399000),
(89, 25, 4, '2023-06-01 16:42:50', '2023-06-01 16:42:50', 399000),
(90, 9, 6, '2023-05-29 03:07:31', '2023-05-29 03:07:31', 399000),
(91, 9, 4, '2023-05-29 03:07:31', '2023-05-29 03:07:31', 399000),
(92, 9, 4, '2023-05-29 03:07:31', '2023-05-29 03:07:31', 399000),
(93, 10, 5, '2023-05-29 03:08:09', '2023-05-29 03:08:09', 399000),
(94, 10, 4, '2023-05-29 03:08:09', '2023-05-29 03:08:09', 399000),
(95, 10, 4, '2023-05-29 03:08:09', '2023-05-29 03:08:09', 399000),
(96, 10, 4, '2023-05-29 03:08:09', '2023-05-29 03:08:09', 199000),
(97, 10, 4, '2023-05-29 03:08:09', '2023-05-29 03:08:09', 199000),
(98, 10, 5, '2023-05-29 03:08:09', '2023-05-29 03:08:09', 199000),
(99, 10, 4, '2023-05-29 03:08:09', '2023-05-29 03:08:09', 199000),
(100, 10, 6, '2023-05-29 03:08:09', '2023-05-29 03:08:09', 199000),
(101, 10, 4, '2023-05-29 03:08:09', '2023-05-29 03:08:09', 199000),
(102, 11, 5, '2023-05-29 03:08:45', '2023-05-29 03:08:45', 199000),
(103, 11, 4, '2023-05-29 03:08:45', '2023-05-29 03:08:45', 199000),
(104, 11, 3, '2023-05-29 03:08:45', '2023-05-29 03:08:45', 199000),
(105, 11, 4, '2023-05-29 03:08:45', '2023-05-29 03:08:45', 199000),
(106, 11, 4, '2023-05-29 03:08:45', '2023-05-29 03:08:45', 199000),
(107, 11, 4, '2023-05-29 03:08:45', '2023-05-29 03:08:45', 199000),
(108, 12, 4, '2023-05-29 03:09:38', '2023-05-29 03:09:38', 199000),
(109, 12, 4, '2023-05-29 03:09:38', '2023-05-29 03:09:38', 199000),
(110, 12, 4, '2023-05-29 03:09:38', '2023-05-29 03:09:38', 199000),
(111, 12, 3, '2023-05-29 03:09:38', '2023-05-29 03:09:38', 199000),
(112, 12, 4, '2023-05-29 03:09:38', '2023-05-29 03:09:38', 199000),
(113, 12, 4, '2023-05-29 03:09:38', '2023-05-29 03:09:38', 199000),
(114, 12, 3, '2023-05-29 03:09:38', '2023-05-29 03:09:38', 199000),
(115, 12, 3, '2023-05-29 03:09:38', '2023-05-29 03:09:38', 199000),
(116, 13, 7, '2023-05-29 03:10:51', '2023-05-29 03:10:51', 120000),
(117, 13, 4, '2023-05-29 03:10:51', '2023-05-29 03:10:51', 120000),
(118, 13, 4, '2023-05-29 03:10:51', '2023-05-29 03:10:51', 120000),
(119, 13, 3, '2023-05-29 03:10:51', '2023-05-29 03:10:51', 120000),
(120, 13, 4, '2023-05-29 03:10:51', '2023-05-29 03:10:51', 120000),
(121, 13, 3, '2023-05-29 03:10:51', '2023-05-29 03:10:51', 120000),
(122, 13, 4, '2023-05-29 03:10:51', '2023-05-29 03:10:51', 120000),
(123, 13, 5, '2023-05-29 03:10:51', '2023-05-29 03:10:51', 120000),
(124, 14, 5, '2023-05-29 03:11:25', '2023-05-29 03:11:25', 120000),
(125, 14, 4, '2023-05-29 03:11:25', '2023-05-29 03:11:25', 120000),
(126, 14, 3, '2023-05-29 03:11:25', '2023-05-29 03:11:25', 120000),
(127, 14, 3, '2023-05-29 03:11:25', '2023-05-29 03:11:25', 120000),
(128, 14, 3, '2023-05-29 03:11:25', '2023-05-29 03:11:25', 120000),
(129, 14, 3, '2023-05-29 03:11:25', '2023-05-29 03:11:25', 120000),
(130, 14, 3, '2023-05-29 03:11:25', '2023-05-29 03:11:25', 120000),
(131, 14, 3, '2023-05-29 03:11:25', '2023-05-29 03:11:25', 120000),
(132, 15, 7, '2023-05-29 03:11:49', '2023-05-29 03:11:49', 370000),
(133, 15, 5, '2023-05-29 03:11:49', '2023-05-29 03:11:49', 370000),
(134, 15, 4, '2023-05-29 03:11:49', '2023-05-29 03:11:49', 370000),
(135, 15, 4, '2023-05-29 03:11:49', '2023-05-29 03:11:49', 370000),
(136, 15, 4, '2023-05-29 03:11:49', '2023-05-29 03:11:49', 370000),
(137, 15, 4, '2023-05-29 03:11:49', '2023-05-29 03:11:49', 370000),
(138, 16, 5, '2023-05-29 03:12:14', '2023-05-29 03:12:14', 370000),
(139, 16, 4, '2023-05-29 03:12:14', '2023-05-29 03:12:14', 370000),
(140, 16, 4, '2023-05-29 03:12:14', '2023-05-29 03:12:14', 370000),
(141, 16, 4, '2023-05-29 03:12:14', '2023-05-29 03:12:14', 370000),
(142, 16, 4, '2023-05-29 03:12:14', '2023-05-29 03:12:14', 370000),
(143, 16, 4, '2023-05-29 03:12:14', '2023-05-29 03:12:14', 370000),
(144, 17, 7, '2023-05-29 03:12:59', '2023-05-29 03:12:59', 370000),
(145, 17, 4, '2023-05-29 03:12:59', '2023-05-29 03:12:59', 370000),
(146, 17, 4, '2023-05-29 03:12:59', '2023-05-29 03:12:59', 370000),
(147, 17, 6, '2023-05-29 03:12:59', '2023-05-29 03:12:59', 197000),
(148, 17, 4, '2023-05-29 03:12:59', '2023-05-29 03:12:59', 197000),
(149, 17, 5, '2023-05-29 03:12:59', '2023-05-29 03:12:59', 197000),
(150, 17, 5, '2023-05-29 03:12:59', '2023-05-29 03:12:59', 197000),
(151, 17, 5, '2023-05-29 03:12:59', '2023-05-29 03:12:59', 197000),
(152, 17, 5, '2023-05-29 03:12:59', '2023-05-29 03:12:59', 197000),
(153, 18, 5, '2023-05-29 03:13:29', '2023-05-29 03:13:29', 129000),
(154, 18, 5, '2023-05-29 03:13:29', '2023-05-29 03:13:29', 129000),
(155, 18, 5, '2023-05-29 03:13:29', '2023-05-29 03:13:29', 129000),
(156, 18, 5, '2023-05-29 03:13:29', '2023-05-29 03:13:29', 129000),
(157, 18, 5, '2023-05-29 03:13:29', '2023-05-29 03:13:29', 129000),
(158, 18, 5, '2023-05-29 03:13:29', '2023-05-29 03:13:29', 129000),
(159, 19, 6, '2023-05-29 03:13:47', '2023-05-29 03:13:47', 299000),
(160, 19, 5, '2023-05-29 03:13:47', '2023-05-29 03:13:47', 299000),
(161, 19, 6, '2023-05-29 03:13:47', '2023-05-29 03:13:47', 299000),
(162, 19, 4, '2023-05-29 03:13:47', '2023-05-29 03:13:47', 299000),
(163, 19, 3, '2023-05-29 03:13:47', '2023-05-29 03:13:47', 299000),
(164, 19, 4, '2023-05-29 03:13:47', '2023-05-29 03:13:47', 299000),
(165, 20, 5, '2023-05-29 03:14:45', '2023-05-29 03:14:45', 480000),
(166, 20, 5, '2023-05-29 03:14:45', '2023-05-29 03:14:45', 480000),
(167, 20, 5, '2023-05-29 03:14:45', '2023-05-29 03:14:45', 480000),
(168, 20, 5, '2023-05-29 03:14:45', '2023-05-29 03:14:45', 380000),
(169, 20, 5, '2023-05-29 03:14:45', '2023-05-29 03:14:45', 380000),
(170, 20, 6, '2023-05-29 03:14:45', '2023-05-29 03:14:45', 380000),
(171, 20, 5, '2023-05-29 03:14:45', '2023-05-29 03:14:45', 380000),
(172, 21, 7, '2023-05-29 03:15:19', '2023-05-29 03:15:19', 150000),
(173, 21, 4, '2023-05-29 03:15:19', '2023-05-29 03:15:19', 150000),
(174, 21, 4, '2023-05-29 03:15:19', '2023-05-29 03:15:19', 150000),
(175, 21, 5, '2023-05-29 03:15:19', '2023-05-29 03:15:19', 150000),
(176, 22, 8, '2023-05-29 03:15:33', '2023-05-29 03:15:33', 240000),
(177, 23, 5, '2023-05-29 03:16:15', '2023-05-29 03:16:15', 399000),
(178, 23, 5, '2023-05-29 03:16:15', '2023-05-29 03:16:15', 399000),
(179, 23, 4, '2023-05-29 03:16:15', '2023-05-29 03:16:15', 399000),
(180, 23, 6, '2023-05-29 03:16:15', '2023-05-29 03:16:15', 590000),
(181, 23, 3, '2023-05-29 03:16:15', '2023-05-29 03:16:15', 590000),
(182, 23, 3, '2023-05-29 03:16:15', '2023-05-29 03:16:15', 590000),
(183, 23, 3, '2023-05-29 03:16:15', '2023-05-29 03:16:15', 590000),
(184, 23, 3, '2023-05-29 03:16:15', '2023-05-29 03:16:15', 590000),
(185, 23, 3, '2023-05-29 03:16:15', '2023-05-29 03:16:15', 590000),
(186, 27, 1, '2023-06-01 17:15:57', '2023-06-01 17:15:57', 230000),
(187, 27, 1, '2023-06-01 17:15:57', '2023-06-01 17:15:57', 230000),
(188, 27, 1, '2023-06-01 17:15:57', '2023-06-01 17:15:57', 230000),
(189, 27, 1, '2023-06-01 17:15:57', '2023-06-01 17:15:57', 230000),
(190, 27, 1, '2023-06-01 17:15:57', '2023-06-01 17:15:57', 230000),
(191, 27, 1, '2023-06-01 17:15:57', '2023-06-01 17:15:57', 230000),
(192, 27, 1, '2023-06-01 17:15:58', '2023-06-01 17:15:58', 130000),
(193, 27, 1, '2023-06-01 17:15:58', '2023-06-01 17:15:58', 130000),
(194, 27, 1, '2023-06-01 17:15:58', '2023-06-01 17:15:58', 130000),
(195, 27, 1, '2023-06-01 17:15:57', '2023-06-01 17:15:57', 100000),
(196, 27, 1, '2023-06-01 17:15:57', '2023-06-01 17:15:57', 100000),
(197, 27, 1, '2023-06-01 17:15:57', '2023-06-01 17:15:57', 100000),
(198, 27, 1, '2023-06-01 17:15:57', '2023-06-01 17:15:57', 100000),
(199, 27, 1, '2023-06-01 17:15:57', '2023-06-01 17:15:57', 100000),
(200, 27, 1, '2023-06-01 17:15:57', '2023-06-01 17:15:57', 100000),
(201, 27, 1, '2023-06-01 17:15:58', '2023-06-01 17:15:58', 70000),
(202, 27, 1, '2023-06-01 17:15:58', '2023-06-01 17:15:58', 70000),
(203, 27, 1, '2023-06-01 17:15:58', '2023-06-01 17:15:58', 70000),
(204, 27, 1, '2023-06-01 17:15:57', '2023-06-01 17:15:57', 170000),
(205, 27, 1, '2023-06-01 17:15:57', '2023-06-01 17:15:57', 170000),
(206, 27, 1, '2023-06-01 17:15:57', '2023-06-01 17:15:57', 170000),
(207, 27, 1, '2023-06-01 17:15:58', '2023-06-01 17:15:58', 70000),
(208, 27, 1, '2023-06-01 17:15:58', '2023-06-01 17:15:58', 70000),
(209, 27, 1, '2023-06-01 17:15:58', '2023-06-01 17:15:58', 70000),
(210, 27, 1, '2023-06-01 17:15:58', '2023-06-01 17:15:58', 70000),
(211, 27, 1, '2023-06-01 17:15:58', '2023-06-01 17:15:58', 70000),
(212, 27, 1, '2023-06-01 17:15:58', '2023-06-01 17:15:58', 70000),
(222, 26, 1, '2023-06-01 17:13:14', '2023-06-01 17:13:14', 300000),
(223, 26, 1, '2023-06-01 17:13:14', '2023-06-01 17:13:14', 300000),
(224, 26, 1, '2023-06-01 17:13:14', '2023-06-01 17:13:14', 300000),
(225, 26, 1, '2023-06-01 17:13:14', '2023-06-01 17:13:14', 300000),
(226, 26, 1, '2023-06-01 17:13:14', '2023-06-01 17:13:14', 300000),
(227, 26, 1, '2023-06-01 17:13:14', '2023-06-01 17:13:14', 300000),
(228, 26, 1, '2023-06-01 17:13:14', '2023-06-01 17:13:14', 50000),
(229, 26, 1, '2023-06-01 17:13:14', '2023-06-01 17:13:14', 50000),
(230, 26, 1, '2023-06-01 17:13:14', '2023-06-01 17:13:14', 50000),
(231, 26, 1, '2023-06-01 17:13:14', '2023-06-01 17:13:14', 250000),
(232, 26, 1, '2023-06-01 17:13:14', '2023-06-01 17:13:14', 250000),
(233, 26, 1, '2023-06-01 17:13:14', '2023-06-01 17:13:14', 250000),
(234, 26, 1, '2023-06-01 17:13:14', '2023-06-01 17:13:14', 250000),
(235, 26, 1, '2023-06-01 17:13:14', '2023-06-01 17:13:14', 250000),
(236, 26, 1, '2023-06-01 17:13:14', '2023-06-01 17:13:14', 250000),
(237, 26, 1, '2023-06-01 17:13:14', '2023-06-01 17:13:14', 250000),
(238, 26, 1, '2023-06-01 17:13:14', '2023-06-01 17:13:14', 250000),
(239, 26, 1, '2023-06-01 17:13:14', '2023-06-01 17:13:14', 250000),
(240, 26, 1, '2023-06-01 17:13:14', '2023-06-01 17:13:14', 120000),
(241, 26, 1, '2023-06-01 17:13:14', '2023-06-01 17:13:14', 120000),
(242, 26, 1, '2023-06-01 17:13:14', '2023-06-01 17:13:14', 120000);

-- --------------------------------------------------------

--
-- Cấu trúc bảng cho bảng `migrations`
--

CREATE TABLE `migrations` (
  `id` int(10) UNSIGNED NOT NULL,
  `migration` varchar(255) NOT NULL,
  `batch` int(11) NOT NULL
) ENGINE=InnoDB DEFAULT CHARSET=utf8mb4 COLLATE=utf8mb4_unicode_ci;

--
-- Đang đổ dữ liệu cho bảng `migrations`
--

INSERT INTO `migrations` (`id`, `migration`, `batch`) VALUES
(1, '2019_12_14_000001_create_personal_access_tokens_table', 1),
(2, '2023_05_27_223534_create_permission_tables', 1),
(3, '2023_06_01_114106_create_access_logs_table', 2),
(4, '2023_06_01_114806_create_access_logs_table', 3);

-- --------------------------------------------------------

--
-- Cấu trúc bảng cho bảng `model_has_permissions`
--

CREATE TABLE `model_has_permissions` (
  `permission_id` bigint(20) UNSIGNED NOT NULL,
  `model_type` varchar(255) NOT NULL,
  `model_id` bigint(20) UNSIGNED NOT NULL
) ENGINE=InnoDB DEFAULT CHARSET=utf8mb4 COLLATE=utf8mb4_unicode_ci;

-- --------------------------------------------------------

--
-- Cấu trúc bảng cho bảng `model_has_roles`
--

CREATE TABLE `model_has_roles` (
  `role_id` bigint(20) UNSIGNED NOT NULL,
  `model_type` varchar(255) NOT NULL,
  `model_id` bigint(20) UNSIGNED NOT NULL
) ENGINE=InnoDB DEFAULT CHARSET=utf8mb4 COLLATE=utf8mb4_unicode_ci;

--
-- Đang đổ dữ liệu cho bảng `model_has_roles`
--

INSERT INTO `model_has_roles` (`role_id`, `model_type`, `model_id`) VALUES
(1, 'App\\Models\\User', 1),
(2, 'App\\Models\\User', 2),
(3, 'App\\Models\\User', 3);

-- --------------------------------------------------------

--
-- Cấu trúc bảng cho bảng `order`
--

CREATE TABLE `order` (
  `OrdID` bigint(20) NOT NULL,
  `CusID` int(11) DEFAULT NULL,
  `VoucherId` int(11) DEFAULT NULL,
  `ReceivingName` varchar(100) DEFAULT NULL,
  `ReceivingPhone` varchar(10) DEFAULT NULL,
  `ReceivingCity` varchar(100) DEFAULT NULL,
  `ReceivingDistrict` varchar(100) DEFAULT NULL,
  `ReceivingWard` varchar(100) DEFAULT NULL,
  `ReceivingAddress` varchar(300) DEFAULT NULL,
  `PaymentType` varchar(50) DEFAULT NULL,
  `StatusOrderId` int(11) DEFAULT 1,
  `MoneyTotal` int(11) DEFAULT NULL,
  `OrderDate` datetime DEFAULT NULL,
  `Note` longtext DEFAULT NULL,
  `updated_at` timestamp NULL DEFAULT current_timestamp(),
  `created_at` timestamp NULL DEFAULT current_timestamp() ON UPDATE current_timestamp()
) ENGINE=InnoDB DEFAULT CHARSET=utf8 COLLATE=utf8_general_ci;

--
-- Đang đổ dữ liệu cho bảng `order`
--

INSERT INTO `order` (`OrdID`, `CusID`, `VoucherId`, `ReceivingName`, `ReceivingPhone`, `ReceivingCity`, `ReceivingDistrict`, `ReceivingWard`, `ReceivingAddress`, `PaymentType`, `StatusOrderId`, `MoneyTotal`, `OrderDate`, `Note`, `updated_at`, `created_at`) VALUES
(1, 1, NULL, 'Trần khánh Sơn', '0354214178', 'Tỉnh Bắc Giang', 'Huyện Yên Thế', 'Thị trấn Phồn Xương', 'Trung hòa Yên mĩ', 'COD', 3, 494700, '2023-06-02 00:06:03', '', '2023-06-01 17:23:27', '2023-06-01 17:23:27'),
(2, 1, NULL, 'Trần khánh Sơn', '0354214178', 'Tỉnh Vĩnh Phúc', 'Huyện Yên Lạc', 'Xã Liên Châu', 'Trung hòa Yên mĩ', 'COD', 3, 792750, '2023-06-02 00:10:15', '', '2023-06-01 17:23:24', '2023-06-01 17:23:24'),
(3, 1, NULL, 'Trần khánh Sơn', '0354214178', 'Tỉnh Vĩnh Phúc', 'Huyện Yên Lạc', 'Xã Hồng Phương', 'Trung hòa Yên mĩ', 'COD', 3, 953700, '2023-06-02 00:10:56', '', '2023-06-01 17:23:20', '2023-06-01 17:23:20'),
(4, 1, NULL, 'Trần khánh Sơn', '0354214178', 'Tỉnh Vĩnh Phúc', 'Huyện Vĩnh Tường', 'Xã Cao Đại', 'Trung hòa Yên mĩ', 'COD', 3, 857000, '2023-06-02 00:11:49', '', '2023-06-01 17:22:36', '2023-06-01 17:22:36'),
(5, 1, NULL, 'Trần khánh Sơn', '0354214178', 'Tỉnh Vĩnh Phúc', 'Huyện Bình Xuyên', 'Xã Sơn Lôi', 'Trung hòa Yên mĩ', 'COD', 3, 1197000, '2023-06-02 00:12:19', '', '2023-06-01 17:22:33', '2023-06-01 17:22:33'),
(6, 1, NULL, 'Trần khánh Sơn', '0354214178', 'Tỉnh Vĩnh Phúc', 'Huyện Bình Xuyên', 'Xã Tam Hợp', 'Trung hòa Yên mĩ', 'COD', 3, 443250, '2023-06-02 00:13:45', '', '2023-06-01 17:21:10', '2023-06-01 17:21:10'),
(7, 1, NULL, 'Trần khánh Sơn', '0354214178', 'Tỉnh Vĩnh Phúc', 'Huyện Yên Lạc', 'Xã Hồng Phương', 'Trung hòa Yên mĩ', 'COD', 3, 500250, '2023-06-02 00:14:18', '', '2023-06-01 17:21:06', '2023-06-01 17:21:06'),
(8, 1, NULL, 'Trần khánh Sơn', '0354214178', 'Tỉnh Hải Dương', 'Huyện Ninh Giang', 'Xã Tân Quang', 'Trung hòa Yên mĩ', 'COD', 3, 552000, '2023-06-02 00:16:17', '', '2023-06-01 17:20:07', '2023-06-01 17:20:07'),
(9, 1, NULL, 'Trần khánh Sơn', '0354214178', 'Tỉnh Bắc Ninh', 'Huyện Gia Bình', 'Xã Lãng Ngâm', 'Trung hòa Yên mĩ', 'COD', 3, 457300, '2023-06-02 00:16:38', '', '2023-06-01 17:18:18', '2023-06-01 17:18:18'),
(10, 1, NULL, 'Trần khánh Sơn', '0354214178', 'Tỉnh Bắc Ninh', 'Huyện Yên Phong', 'Xã Trung Nghĩa', 'Trung hòa Yên mĩ', 'COD', 3, 1397000, '2023-06-02 00:17:17', '', '2023-06-01 17:18:14', '2023-06-01 17:18:14'),
(11, 1, NULL, 'Trần khánh Sơn', '0354214178', 'Tỉnh Vĩnh Phúc', 'Huyện Vĩnh Tường', 'Xã Vĩnh Sơn', 'Trung hòa Yên mĩ', 'COD', 3, 308250, '2023-06-02 00:25:58', '', '2023-06-01 17:30:59', '2023-06-01 17:30:59'),
(12, 1, NULL, 'Trần khánh Sơn', '0354214178', 'Tỉnh Vĩnh Phúc', 'Huyện Tam Dương', 'Xã Hoàng Lâu', 'Trung hòa Yên mĩ', 'COD', 3, 1146160, '2023-06-02 00:26:16', '', '2023-06-01 17:30:55', '2023-06-01 17:30:55'),
(13, 1, NULL, 'Trần khánh Sơn', '0354214178', 'Tỉnh Lạng Sơn', 'Huyện Hữu Lũng', 'Xã Nhật Tiến', 'Trung hòa Yên mĩ', 'COD', 3, 1192150, '2023-06-02 00:26:37', '', '2023-06-01 17:30:52', '2023-06-01 17:30:52'),
(14, 1, NULL, 'Trần khánh Sơn', '0354214178', 'Tỉnh Phú Thọ', 'Huyện Thanh Thuỷ', 'Thị trấn Thanh Thủy', 'Trung hòa Yên mĩ', 'COD', 3, 483850, '2023-06-02 00:27:25', '', '2023-06-01 17:30:17', '2023-06-01 17:30:17'),
(15, 1, NULL, 'Trần khánh Sơn', '0354214178', 'Tỉnh Bắc Ninh', 'Huyện Thuận Thành', 'Xã Hà Mãn', 'Trung hòa Yên mĩ', 'COD', 3, 653750, '2023-06-02 00:28:21', '', '2023-06-01 17:30:12', '2023-06-01 17:30:12'),
(16, 1, NULL, 'Trần khánh Sơn', '0354214178', 'Tỉnh Vĩnh Phúc', 'Huyện Lập Thạch', 'Xã Ngọc Mỹ', 'Trung hòa Yên mĩ', 'COD', 3, 805600, '2023-06-02 00:37:02', '', '2023-06-01 17:37:20', '2023-06-01 17:37:20');

-- --------------------------------------------------------

--
-- Cấu trúc bảng cho bảng `orderdetail`
--

CREATE TABLE `orderdetail` (
  `ProVariationID` bigint(20) NOT NULL,
  `OrdID` bigint(20) NOT NULL,
  `Quantity` int(11) DEFAULT NULL,
  `DiscountPrice` int(11) DEFAULT NULL,
  `Price` int(11) DEFAULT NULL,
  `created_at` timestamp NULL DEFAULT current_timestamp() ON UPDATE current_timestamp(),
  `updated_at` timestamp NULL DEFAULT current_timestamp()
) ENGINE=InnoDB DEFAULT CHARSET=utf8 COLLATE=utf8_general_ci;

--
-- Đang đổ dữ liệu cho bảng `orderdetail`
--

INSERT INTO `orderdetail` (`ProVariationID`, `OrdID`, `Quantity`, `DiscountPrice`, `Price`, `created_at`, `updated_at`) VALUES
(34, 3, 1, 179100, 199000, '2023-06-01 17:10:56', '2023-06-01 17:10:56'),
(34, 14, 1, 179100, 199000, '2023-06-01 17:27:25', '2023-06-01 17:27:25'),
(38, 1, 1, 84150, 99000, '2023-06-01 17:06:03', '2023-06-01 17:06:03'),
(39, 1, 1, 84150, 99000, '2023-06-01 17:06:03', '2023-06-01 17:06:03'),
(40, 11, 1, 84150, 99000, '2023-06-01 17:25:58', '2023-06-01 17:25:58'),
(47, 3, 2, 224100, 249000, '2023-06-01 17:10:56', '2023-06-01 17:10:56'),
(47, 11, 1, 224100, 249000, '2023-06-01 17:25:58', '2023-06-01 17:25:58'),
(57, 1, 1, 326400, 384000, '2023-06-01 17:06:03', '2023-06-01 17:06:03'),
(59, 3, 1, 326400, 384000, '2023-06-01 17:10:56', '2023-06-01 17:10:56'),
(61, 16, 1, 326400, 384000, '2023-06-01 17:37:02', '2023-06-01 17:37:02'),
(69, 2, 1, 233750, 275000, '2023-06-01 17:10:15', '2023-06-01 17:10:15'),
(71, 13, 1, 233750, 275000, '2023-06-01 17:26:37', '2023-06-01 17:26:37'),
(76, 2, 1, 0, 559000, '2023-06-01 17:10:15', '2023-06-01 17:10:15'),
(77, 12, 1, 0, 559000, '2023-06-01 17:26:16', '2023-06-01 17:26:16'),
(80, 12, 1, 587160, 699000, '2023-06-01 17:26:16', '2023-06-01 17:26:16'),
(83, 13, 1, 479200, 599000, '2023-06-01 17:26:37', '2023-06-01 17:26:37'),
(86, 13, 1, 479200, 599000, '2023-06-01 17:26:37', '2023-06-01 17:26:37'),
(86, 16, 1, 479200, 599000, '2023-06-01 17:37:02', '2023-06-01 17:37:02'),
(98, 15, 1, 254150, 299000, '2023-06-01 17:28:21', '2023-06-01 17:28:21'),
(110, 15, 1, 220500, 245000, '2023-06-01 17:28:21', '2023-06-01 17:28:21'),
(119, 15, 1, 179100, 199000, '2023-06-01 17:28:21', '2023-06-01 17:28:21'),
(153, 4, 2, 0, 179000, '2023-06-01 17:11:49', '2023-06-01 17:11:49'),
(165, 5, 1, 0, 599000, '2023-06-01 17:12:19', '2023-06-01 17:12:19'),
(166, 10, 1, 0, 599000, '2023-06-01 17:17:17', '2023-06-01 17:17:17'),
(170, 10, 1, 0, 499000, '2023-06-01 17:17:17', '2023-06-01 17:17:17'),
(173, 5, 1, 0, 299000, '2023-06-01 17:12:19', '2023-06-01 17:12:19'),
(174, 5, 1, 0, 299000, '2023-06-01 17:12:19', '2023-06-01 17:12:19'),
(174, 10, 1, 0, 299000, '2023-06-01 17:17:17', '2023-06-01 17:17:17'),
(177, 4, 1, 0, 499000, '2023-06-01 17:11:49', '2023-06-01 17:11:49'),
(189, 8, 1, 0, 399000, '2023-06-01 17:16:17', '2023-06-01 17:16:17'),
(198, 8, 1, 153000, 180000, '2023-06-01 17:16:17', '2023-06-01 17:16:17'),
(200, 9, 1, 153000, 180000, '2023-06-01 17:16:38', '2023-06-01 17:16:38'),
(201, 14, 1, 143650, 169000, '2023-06-01 17:27:25', '2023-06-01 17:27:25'),
(209, 9, 1, 152150, 179000, '2023-06-01 17:16:38', '2023-06-01 17:16:38'),
(211, 9, 1, 152150, 179000, '2023-06-01 17:16:38', '2023-06-01 17:16:38'),
(223, 7, 1, 339150, 399000, '2023-06-01 17:14:18', '2023-06-01 17:14:18'),
(225, 6, 1, 359100, 399000, '2023-06-01 17:13:45', '2023-06-01 17:13:45'),
(228, 6, 1, 84150, 99000, '2023-06-01 17:13:45', '2023-06-01 17:13:45'),
(240, 14, 1, 161100, 179000, '2023-06-01 17:27:25', '2023-06-01 17:27:25'),
(241, 7, 1, 161100, 179000, '2023-06-01 17:14:18', '2023-06-01 17:14:18');

-- --------------------------------------------------------

--
-- Cấu trúc bảng cho bảng `page`
--

CREATE TABLE `page` (
  `PageId` int(11) NOT NULL,
  `PageName` varchar(50) DEFAULT NULL
) ENGINE=InnoDB DEFAULT CHARSET=utf8 COLLATE=utf8_general_ci;

-- --------------------------------------------------------

--
-- Cấu trúc bảng cho bảng `permissions`
--

CREATE TABLE `permissions` (
  `id` bigint(20) UNSIGNED NOT NULL,
  `name` varchar(255) NOT NULL,
  `guard_name` varchar(255) NOT NULL,
  `created_at` timestamp NULL DEFAULT NULL,
  `updated_at` timestamp NULL DEFAULT NULL
) ENGINE=InnoDB DEFAULT CHARSET=utf8mb4 COLLATE=utf8mb4_unicode_ci;

--
-- Đang đổ dữ liệu cho bảng `permissions`
--

INSERT INTO `permissions` (`id`, `name`, `guard_name`, `created_at`, `updated_at`) VALUES
(1, 'Danh sách chức vụ', 'web', '2023-05-27 15:42:13', '2023-05-27 15:42:13'),
(2, 'Thêm chức vụ', 'web', '2023-05-27 15:42:13', '2023-05-27 15:42:13'),
(3, 'Sửa chức vụ', 'web', '2023-05-27 15:42:13', '2023-05-27 15:42:13'),
(4, 'Xóa chức vụ', 'web', '2023-05-27 15:42:13', '2023-05-27 15:42:13'),
(5, 'Danh sách danh mục', 'web', '2023-05-27 15:42:13', '2023-05-27 15:42:13'),
(6, 'Thêm danh mục', 'web', '2023-05-27 15:42:13', '2023-05-27 15:42:13'),
(7, 'Sửa danh mục', 'web', '2023-05-27 15:42:13', '2023-05-27 15:42:13'),
(8, 'Xóa danh mục', 'web', '2023-05-27 15:42:13', '2023-05-27 15:42:13'),
(9, 'Quản lý khách hàng', 'web', '2023-06-01 03:12:26', '2023-06-01 03:12:26'),
(10, 'Quản lý khuyến mại', 'web', '2023-06-01 03:12:26', '2023-06-01 03:12:26'),
(11, 'Thêm khuyến mại', 'web', '2023-06-01 03:12:26', '2023-06-01 03:12:26'),
(12, 'Quản lý feedback', 'web', '2023-06-01 03:12:26', '2023-06-01 03:12:26'),
(13, 'Quản lý hóa đơn nhập', 'web', '2023-06-01 03:12:26', '2023-06-01 03:12:26'),
(14, 'Thêm hóa đơn nhập', 'web', '2023-06-01 03:12:26', '2023-06-01 03:12:26'),
(15, 'Quản lý bài viết', 'web', '2023-06-01 03:12:26', '2023-06-01 03:12:26'),
(16, 'Quản lý loại sản phẩm', 'web', '2023-06-01 03:12:26', '2023-06-01 03:12:26'),
(17, 'Quản lý sản phẩm', 'web', '2023-06-01 03:12:26', '2023-06-01 03:12:26'),
(18, 'Thêm sản phẩm', 'web', '2023-06-01 03:12:27', '2023-06-01 03:12:27'),
(19, 'Sửa sản phẩm', 'web', '2023-06-01 03:12:27', '2023-06-01 03:12:27'),
(20, 'Xem báo cáo', 'web', '2023-06-01 03:20:07', '2023-06-01 03:20:07'),
(21, 'Quản lý nhân viên', 'web', '2023-06-01 03:20:08', '2023-06-01 03:20:08'),
(22, 'Quản lý đơn hàng', 'web', '2023-06-01 11:42:36', '2023-06-01 11:42:36');

-- --------------------------------------------------------

--
-- Cấu trúc bảng cho bảng `personal_access_tokens`
--

CREATE TABLE `personal_access_tokens` (
  `id` bigint(20) UNSIGNED NOT NULL,
  `tokenable_type` varchar(255) NOT NULL,
  `tokenable_id` bigint(20) UNSIGNED NOT NULL,
  `name` varchar(255) NOT NULL,
  `token` varchar(64) NOT NULL,
  `abilities` text DEFAULT NULL,
  `last_used_at` timestamp NULL DEFAULT NULL,
  `expires_at` timestamp NULL DEFAULT NULL,
  `created_at` timestamp NULL DEFAULT NULL,
  `updated_at` timestamp NULL DEFAULT NULL
) ENGINE=InnoDB DEFAULT CHARSET=utf8mb4 COLLATE=utf8mb4_unicode_ci;

-- --------------------------------------------------------

--
-- Cấu trúc bảng cho bảng `post`
--

CREATE TABLE `post` (
  `PostId` int(11) NOT NULL,
  `UserID` int(11) DEFAULT NULL,
  `Title` varchar(500) DEFAULT NULL,
  `Content` longtext DEFAULT NULL,
  `PublicDate` datetime DEFAULT current_timestamp(),
  `Image` varchar(200) DEFAULT NULL,
  `Status` bit(1) NOT NULL DEFAULT b'1',
  `updated_at` timestamp NULL DEFAULT current_timestamp(),
  `created_at` timestamp NULL DEFAULT current_timestamp() ON UPDATE current_timestamp()
) ENGINE=InnoDB DEFAULT CHARSET=utf8 COLLATE=utf8_general_ci;

--
-- Đang đổ dữ liệu cho bảng `post`
--

INSERT INTO `post` (`PostId`, `UserID`, `Title`, `Content`, `PublicDate`, `Image`, `Status`, `updated_at`, `created_at`) VALUES
(4, 1, '[CẢNH BÁO] Chiêu trò lừa đảo, mạo danh CANIFA tuyển mẫu nhí, CTV và nhân sự', '<p>Thời gian gần đ&acirc;y, Canifa nhận được nhiều phản &aacute;nh về c&aacute;c nh&oacute;m đối tượng xấu MẠO DANH CANIFA để LỪA ĐẢO nhằm chiếm đoạt t&agrave;i sản dưới nhiều h&igrave;nh thức tinh vi.</p>\r\n\r\n<p><strong>C&Aacute;C H&Igrave;NH THỨC LỪA ĐẢO:</strong><br />\r\n<strong>1. Tuyển mẫu nh&iacute;, CTV tr&ecirc;n Facebook</strong><br />\r\n&ndash; Mời tham gia đăng k&iacute; ứng tuyển với c&aacute;c vị tr&iacute; mẫu chụp ảnh nh&iacute;, cộng t&aacute;c vi&ecirc;n,&hellip; nhằm thu thập th&ocirc;ng tin, h&igrave;nh ảnh c&aacute; nh&acirc;n, số t&agrave;i khoản,&hellip;<br />\r\n&ndash; Mời tham gia thử th&aacute;ch online qua c&aacute;c k&ecirc;nh chat ri&ecirc;ng như Telegram, Zalo,&hellip; v&agrave; dụ dỗ ba mẹ chuyển tiền để được hưởng % hoa hồng cho mỗi sản phẩm m&agrave; b&eacute; quảng c&aacute;o/CTV thực hiện.<br />\r\n&ndash; Để tăng l&ograve;ng tin từ kh&aacute;ch h&agrave;ng, c&aacute;c đối tượng lừa đảo c&ograve;n lấy c&aacute;c h&igrave;nh ảnh, th&ocirc;ng tin của CANIFA, t&ecirc;n người đại diện theo ph&aacute;p luật, trụ sở v&agrave; m&atilde; số thuế.</p>\r\n\r\n<p><strong>2. Tạo trang tin tuyển dụng nh&acirc;n sự</strong><br />\r\n&ndash; Đăng th&ocirc;ng tin tuyển dụng sai sự thật<br />\r\n&ndash; Thu thập th&ocirc;ng tin, h&igrave;nh ảnh c&aacute; nh&acirc;n với mục đ&iacute;ch x&acirc;m phạm ri&ecirc;ng tư</p>\r\n\r\n<p><strong>Canifa xin ph&eacute;p được th&ocirc;ng tin đến Qu&yacute; Kh&aacute;ch h&agrave;ng như sau:</strong><br />\r\n1. Đ&acirc;y đều l&agrave; những th&ocirc;ng tin KH&Ocirc;NG CH&Iacute;NH X&Aacute;C v&agrave; nếu l&agrave;m theo ba mẹ c&oacute; thể MẤT TIỀN.<br />\r\n2. Tất cả c&aacute;c trang Web, số điện thoại, cuộc gọi, tin nhắn mạo danh CANIFA để tư vấn đăng k&yacute; tuyển mẫu nh&iacute;, CTV đều l&agrave; mạo danh, lừa đảo.</p>\r\n\r\n<p>Để biết về c&aacute;c dịch vụ, chương tr&igrave;nh khuyến mại, th&ocirc;ng tin tuyển dụng,&hellip; từ CANIFA, Qu&yacute; kh&aacute;ch h&agrave;ng vui l&ograve;ng li&ecirc;n hệ&nbsp;<strong>c&aacute;c k&ecirc;nh li&ecirc;n hệ ch&iacute;nh thức của CANIFA</strong>&nbsp;cụ thể như sau:</p>\r\n\r\n<p>1. Website ch&iacute;nh thức:&nbsp;<a href=\"https://canifa.com/\">https://canifa.com/</a></p>\r\n\r\n<p>2. Fanpage thương hiệu:<br />\r\n<a href=\"https://www.facebook.com/canifa.fanpage\">https://www.facebook.com/canifa.fanpage</a><br />\r\n<a href=\"https://www.facebook.com/Canifa.Online\" target=\"_blank\">https://www.facebook.com/Canifa.Online</a></p>\r\n\r\n<p>3. Fanpage tuyển dụng:<br />\r\n&ndash; To&agrave;n quốc:&nbsp;<a href=\"https://www.facebook.com/canifa.careers\">https://www.facebook.com/canifa.careers</a><br />\r\n&ndash; Miền Nam:&nbsp;<a href=\"https://www.facebook.com/canifa.careers\">https://www.facebook.com/tuyendungcnfmn</a><br />\r\n&ndash; Website:&nbsp;<a href=\"https://www.facebook.com/canifa.careers\">https://canifa.com/tuyen-dung/</a><br />\r\n&ndash; Linkedin:&nbsp;<a href=\"https://www.linkedin.com/in/canifa-careers/\" target=\"_blank\">https://www.linkedin.com/in/canifa-careers/</a></p>\r\n\r\n<p>4. Hotline:&nbsp;<strong>1800 6061</strong></p>\r\n\r\n<p>Rất mong qu&yacute; kh&aacute;ch h&agrave;ng lưu &yacute; cập nhật th&ocirc;ng tin để tr&aacute;nh rơi v&agrave;o c&aacute;c trường hợp rủi ro. Vui l&ograve;ng chia sẻ th&ocirc;ng tin n&agrave;y tới người th&acirc;n, bạn b&egrave; để c&ugrave;ng n&acirc;ng cao cảnh gi&aacute;c.</p>\r\n\r\n<p>Đặc biệt, Canifa khuyến c&aacute;o gia đ&igrave;nh cảnh gi&aacute;c, kh&ocirc;ng tham gia, kh&ocirc;ng gửi h&igrave;nh ảnh của con em để ph&ograve;ng ngừa đối tượng lợi dụng với mục đ&iacute;ch xấu. Kh&ocirc;ng chuyển tiền theo y&ecirc;u cầu kh&ocirc;ng hợp ph&aacute;p để tr&aacute;nh bị lừa đảo. Ngo&agrave;i ra, để ngăn ngừa, ph&ograve;ng chống c&aacute;c hội nh&oacute;m mạo danh như tr&ecirc;n, khi ph&aacute;t hiện c&aacute;c hội nh&oacute;m n&ecirc;u tr&ecirc;n, Qu&yacute; kh&aacute;ch h&agrave;ng vui l&ograve;ng tr&igrave;nh b&aacute;o, tố gi&aacute;c với cơ quan c&ocirc;ng an v&agrave; c&aacute;c cơ quan c&oacute; thẩm quyền theo quy định.</p>\r\n\r\n<p>Canifa cam kết minh bạch th&ocirc;ng tin, sẵn s&agrave;ng phối hợp với c&aacute;c cơ quan chức năng c&oacute; thẩm quyền để bảo vệ quyền lợi kh&aacute;ch h&agrave;ng!</p>', '2023-06-01 23:50:46', '9SLE84CsW0FtOramPCveFyDum3JLsKjU39MZVj5V.webp', b'1', '2023-06-01 16:50:46', '2023-06-01 16:50:46'),
(5, 1, 'Chương trình Lì xì Tết năm 2023', '<p><strong>1. Chi tiết chương tr&igrave;nh</strong></p>\r\n\r\n<ul>\r\n	<li>ƯU Đ&Atilde;I:<strong>&nbsp;Ho&agrave;n 5% C-point to&agrave;n bộ đơn h&agrave;ng&nbsp;</strong>v&agrave;&nbsp;<strong>Freeship to&agrave;n bộ đơn h&agrave;ng</strong></li>\r\n	<li>Địa điểm &aacute;p dụng: Web, App</li>\r\n	<li>Thời gian &aacute;p dụng: Từ 17/01/2023 đến ng&agrave;y 26/01/2023</li>\r\n</ul>\r\n\r\n<p><strong>2. Quy chế &aacute;p dụng</strong></p>\r\n\r\n<ul>\r\n	<li>Ho&agrave;n 5% C-point t&iacute;nh tr&ecirc;n gi&aacute; trị h&oacute;a đơn thanh to&aacute;n cuối c&ugrave;ng, kh&ocirc;ng giới hạn gi&aacute; trị ho&agrave;n tối đa.</li>\r\n	<li>C-point ho&agrave;n l&agrave; C-point&nbsp;chờ, được sử dụng sau 2 ng&agrave;y nhận h&agrave;ng.</li>\r\n	<li><strong>&Aacute;p dụng đồng thời</strong>&nbsp;c&ugrave;ng chương tr&igrave;nh giảm gi&aacute; thẻ VIP, sinh nhật VIP v&agrave; CTKM kh&aacute;c.</li>\r\n	<li><strong>&Aacute;p dụng đồng thời</strong>&nbsp;thẻ Esteem, thẻ qu&agrave; tặng v&agrave; thẻ mệnh gi&aacute; kh&aacute;c (theo quy chế thẻ tương ứng). X&eacute;t điều kiện chương tr&igrave;nh trước, sau đ&oacute; mới trừ gi&aacute; trị thẻ.</li>\r\n	<li>&Aacute;p dụng k&egrave;m cấp thẻ VIP, thẻ t&iacute;ch điểm v&agrave; t&iacute;ch điểm cho c&aacute;c hạng thẻ dựa theo gi&aacute; trị h&oacute;a đơn thanh to&aacute;n cuối c&ugrave;ng.</li>\r\n</ul>\r\n\r\n<p><strong>3. Quy chế đổi trả</strong></p>\r\n\r\n<ul>\r\n	<li>Sản phẩm khuyến mại đã mua theo chương tr&igrave;nh: chỉ được đổi 01 lần sang m&agrave;u kh&aacute;c, size kh&aacute;c tr&ecirc;n c&ugrave;ng một mã sản phẩm trong v&ograve;ng 30 ng&agrave;y kể từ ng&agrave;y mua (nếu c&ograve;n h&agrave;ng).</li>\r\n	<li>Nếu sản phẩm đổi sang c&oacute; gi&aacute; trị thấp hơn, kh&aacute;ch h&agrave;ng kh&ocirc;ng được nhận lại tiền thừa. Nếu sản phẩm đổi sang c&oacute; gi&aacute; trị cao hơn, kh&aacute;ch h&agrave;ng vui l&ograve;ng thanh to&aacute;n phần ch&ecirc;nh lệch (gi&aacute; trị phần ch&ecirc;nh lệch sẽ được t&iacute;nh nguy&ecirc;n gi&aacute;).</li>\r\n</ul>', '2023-06-01 23:51:46', 'Sn9AD4UP9cuOdNtm9UvjoTA3KvSZCtrY8dZJymTg.webp', b'1', '2023-06-01 16:51:46', '2023-06-01 16:51:46'),
(6, 1, 'Lịch giao hàng cho các đơn Online Tết Nguyên Đán 2023', '<p>Để đảm bảo nhận được đơn h&agrave;ng trong thời gian sớm nhất, qu&yacute; kh&aacute;ch vui l&ograve;ng cập nhật v&agrave; c&oacute; lịch đặt h&agrave;ng ph&ugrave; hợp nh&eacute;.</p>\r\n\r\n<p>&nbsp;&ndash; C&aacute;c đơn h&agrave;ng được đặt trước ng&agrave;y 13/01 (22 &acirc;m lịch) được đảm bảo giao trước 19/01 (29 &acirc;m lịch).</p>\r\n\r\n<p>&ndash; C&aacute;c đơn h&agrave;ng từ ng&agrave;y 13/01 &ndash; 16/01 (25 &acirc;m lịch) sẽ được giao một phần trước ng&agrave;y 19/01 (29 &acirc;m lịch), phần c&ograve;n lại sẽ được bắt đầu giao từ ng&agrave;y 26/01 (m&ugrave;ng 5 T&ecirc;t).</p>\r\n\r\n<p>&ndash; C&aacute;c đơn h&agrave;ng từ ng&agrave;y 17/01 (26 &acirc;m lịch) trở đi sẽ được bắt đầu giao từ ng&agrave;y 26/01 (m&ugrave;ng 5 Tết).</p>\r\n\r\n<p>Bạn vui l&ograve;ng cập nhật th&ocirc;ng tin để l&ecirc;n kế hoạch sắm Tết ph&ugrave; hợp nha!</p>', '2023-06-01 23:52:35', 'MOWuBDkHxA6ZAilIghvZ7SyfDzoypNfJ8SflqpFm.webp', b'1', '2023-06-01 16:52:58', '2023-06-01 16:52:58');

-- --------------------------------------------------------

--
-- Cấu trúc bảng cho bảng `product`
--

CREATE TABLE `product` (
  `ProId` bigint(20) NOT NULL,
  `ProCatId` int(11) NOT NULL,
  `ProName` varchar(300) DEFAULT NULL,
  `Material` varchar(300) DEFAULT NULL,
  `Description` longtext DEFAULT NULL,
  `Price` int(11) DEFAULT 0,
  `ImportPrice` int(11) DEFAULT NULL,
  `Slug` varchar(300) DEFAULT NULL,
  `Status` bit(1) DEFAULT b'1',
  `ImportDate` datetime DEFAULT current_timestamp(),
  `TotalQty` int(11) DEFAULT 0,
  `DiscountPrice` decimal(18,0) DEFAULT 0,
  `Percent` int(11) DEFAULT 0,
  `Saled` int(11) DEFAULT 0,
  `updated_at` timestamp NULL DEFAULT current_timestamp(),
  `created_at` timestamp NULL DEFAULT current_timestamp() ON UPDATE current_timestamp()
) ENGINE=InnoDB DEFAULT CHARSET=utf8 COLLATE=utf8_general_ci;

--
-- Đang đổ dữ liệu cho bảng `product`
--

INSERT INTO `product` (`ProId`, `ProCatId`, `ProName`, `Material`, `Description`, `Price`, `ImportPrice`, `Slug`, `Status`, `ImportDate`, `TotalQty`, `DiscountPrice`, `Percent`, `Saled`, `updated_at`, `created_at`) VALUES
(10, 15, 'Quần soóc active nam', '100% polyester', 'Quần soóc nam cạp chun, form regular. Tính năng: Wicking.', 199000, 150000, NULL, b'1', '2023-05-29 02:31:47', 0, '0', 0, 0, '2023-05-29 23:04:34', '2023-05-29 23:04:34'),
(11, 15, 'Quần soóc nam', '60% cotton 40% polyester', 'Quần soóc chất liệu vảy cá cotton pha polyester. Dáng regular, cạp chun, túi chéo.', 99000, 70000, NULL, b'1', '2023-05-29 02:33:41', 0, '0', 0, 0, '2023-05-28 19:33:41', '2023-05-28 19:33:41'),
(12, 15, 'Quần soóc nam.', '60% cotton 40% polyester', 'Quần soóc chất liệu cotton pha, cạp chun, moi giả.', 249000, 190000, NULL, b'1', '2023-05-29 02:41:31', 0, '0', 0, 0, '2023-05-28 19:41:31', '2023-05-28 19:41:31'),
(13, 15, 'Quần soóc nam 2', '98% cotton 2% spandex', 'Quần soóc chất liệu cotton, cạp thường cài cúc, túi chéo 2 bên.', 384000, 300000, NULL, b'1', '2023-05-29 02:48:32', 0, '0', 0, 0, '2023-05-28 19:48:32', '2023-05-28 19:48:32'),
(14, 15, 'Quần soóc nam 3', '100% cotton', 'Quần soóc chất liệu 100% cotton, cạp chun luồn dây dệt, túi chéo 2 bên.', 275000, 230000, NULL, b'1', '2023-05-29 02:54:20', 0, '0', 0, 0, '2023-05-28 19:54:20', '2023-05-28 19:54:20'),
(15, 17, 'Quần jeans nam', '99% cotton 1% spandex', 'Quần jeans chất liệu cotton co giãn, cạp thường cài cúc, có khoá, dáng ôm.', 559000, 500000, NULL, b'1', '2023-05-29 03:00:57', 0, '0', 0, 0, '2023-05-28 20:00:57', '2023-05-28 20:00:57'),
(16, 17, 'Quần jeans nam1', '100% cotton', 'Quần jeans chất liệu 100% cotton, cạp chun luồn dây dệt, phom regular.', 699000, 560000, NULL, b'1', '2023-05-29 03:07:03', 0, '0', 0, 0, '2023-05-28 20:07:03', '2023-05-28 20:07:03'),
(17, 17, 'Quần jeans nam2', '71% cotton 25% polyester 3% rayon 1% spandex.', 'Quần jeans chất liệu cotton pha, cạp thường cài cúc, phom ôm.', 599000, 510000, NULL, b'1', '2023-05-29 03:10:54', 0, '0', 0, 0, '2023-05-28 20:10:54', '2023-05-28 20:10:54'),
(18, 18, 'Quần nỉ nam có hình in', '60% cotton 40% polyester', 'Quần nỉ chất liệu cotton pha, cạp chun luồn dây dệt, gấu bo chun, phom relax.', 499000, 399000, NULL, b'1', '2023-05-29 03:19:03', 0, '0', 0, 0, '2023-05-28 20:19:03', '2023-05-28 20:19:03'),
(19, 18, 'Quần nỉ nam có hình in1', '60% cotton 40% polyester', 'Quần nỉ chất liệu cotton pha, cạp chun luồn dây dệt, gấu bo chun, phom relax.', 499000, 399000, NULL, b'1', '2023-05-29 03:20:20', 0, '0', 0, 0, '2023-05-28 20:20:20', '2023-05-28 20:20:20'),
(20, 18, 'Quần nỉ nam có hình in2', '60% cotton 40% polyester', 'Quần nỉ chất liệu cotton pha, cạp chun luồn dây dệt, gấu bo chun, phom relax.', 499000, 399000, NULL, b'1', '2023-05-29 03:21:21', 0, '0', 0, 0, '2023-05-28 20:21:21', '2023-05-28 20:21:21'),
(21, 21, 'Áo polo nam', '', '', 299000, 199000, NULL, b'1', '2023-05-29 03:27:25', 0, '0', 0, 0, '2023-05-28 20:27:25', '2023-05-28 20:27:25'),
(22, 21, 'Áo polo nam1', '', '', 245000, 199000, NULL, b'1', '2023-05-29 03:30:10', 0, '0', 0, 0, '2023-05-28 20:30:10', '2023-05-28 20:30:10'),
(23, 21, 'Áo polo nam2', '', '', 245000, 199000, NULL, b'1', '2023-05-29 03:31:36', 0, '0', 0, 0, '2023-05-28 20:31:36', '2023-05-28 20:31:36'),
(24, 21, 'Áo phông nam', '', '', 199000, 120000, NULL, b'1', '2023-05-29 03:34:50', 0, '0', 0, 0, '2023-05-28 20:34:50', '2023-05-28 20:34:50'),
(25, 21, 'Áo phông nam2', '', '', 169000, 120000, NULL, b'1', '2023-05-29 03:36:45', 0, '0', 0, 0, '2023-05-28 20:36:45', '2023-05-28 20:36:45'),
(26, 23, 'Áo sơ mi nam', '', '', 499000, 370000, NULL, b'1', '2023-05-29 03:40:36', 0, '0', 0, 0, '2023-05-28 20:40:36', '2023-05-28 20:40:36'),
(27, 23, 'Áo sơ mi nam1', '', '', 429000, 370000, NULL, b'1', '2023-05-29 03:42:09', 0, '0', 0, 0, '2023-05-28 20:42:09', '2023-05-28 20:42:09'),
(28, 23, 'Áo sơ mi nam2', '', '', 449000, 370000, NULL, b'1', '2023-05-29 03:42:55', 0, '0', 0, 0, '2023-05-28 20:42:55', '2023-05-28 20:42:55'),
(29, 24, 'Áo sát nách nam có hình in', '', '', 299000, 197000, NULL, b'1', '2023-05-29 03:44:59', 0, '0', 0, 0, '2023-05-28 20:44:59', '2023-05-28 20:44:59'),
(30, 26, 'Áo phông nữ', '', '', 179000, 129000, NULL, b'1', '2023-05-29 03:50:05', 0, '0', 0, 0, '2023-05-28 20:50:05', '2023-05-28 20:50:05'),
(31, 26, 'Áo phông nữ1', '', '', 179000, 129000, NULL, b'1', '2023-05-29 03:51:12', 0, '0', 0, 0, '2023-05-28 20:51:12', '2023-05-28 20:57:14'),
(32, 26, 'Áo phông nữ2', '', '', 399000, 299000, NULL, b'1', '2023-05-29 03:54:00', 0, '0', 0, 0, '2023-05-28 20:54:00', '2023-05-28 21:03:01'),
(33, 28, 'Váy liền nữ', '', '', 599000, 480000, NULL, b'1', '2023-05-29 03:59:33', 0, '0', 0, 0, '2023-05-28 20:59:33', '2023-05-28 20:59:33'),
(34, 28, 'Váy liền nữ1', '', '', 499000, 380000, NULL, b'1', '2023-05-29 04:01:24', 0, '0', 0, 0, '2023-05-28 21:01:24', '2023-05-28 21:01:24'),
(35, 27, 'Áo polo nữ', '', '', 209000, 150000, NULL, b'1', '2023-05-29 04:04:45', 0, '0', 0, 0, '2023-05-28 21:04:45', '2023-05-28 21:04:45'),
(36, 27, 'Áo polo nữ1', '', '', 299000, 150000, NULL, b'1', '2023-05-29 04:06:17', 0, '0', 0, 0, '2023-05-28 21:06:17', '2023-05-28 21:06:17'),
(37, 29, 'Chân váy nữ', '', '', 384000, 240000, NULL, b'1', '2023-05-29 04:07:56', 0, '0', 0, 0, '2023-05-28 21:07:56', '2023-05-28 21:07:56'),
(38, 29, 'Chân váy nữ1', '', '', 499000, 399000, NULL, b'1', '2023-05-29 04:09:07', 0, '0', 0, 0, '2023-05-28 21:09:07', '2023-05-28 21:09:07'),
(39, 19, 'Quần khaki nữ', '', '', 699000, 590000, NULL, b'1', '2023-05-29 04:12:04', 0, '0', 0, 0, '2023-05-28 21:12:04', '2023-05-28 21:12:04'),
(40, 38, 'Quần jeans bé trai', '', '', 299000, 230000, NULL, b'1', '2023-05-29 09:32:49', 0, '0', 0, 0, '2023-05-29 02:32:49', '2023-05-29 02:32:49'),
(41, 38, 'Quần jeans bé trai1', '', '', 399000, 230000, NULL, b'1', '2023-05-29 09:33:49', 0, '0', 0, 0, '2023-05-29 02:33:49', '2023-05-29 02:33:49'),
(42, 38, 'Quần jeans bé trai2', '', '', 199000, 130000, NULL, b'1', '2023-05-29 09:35:06', 0, '0', 0, 0, '2023-05-29 02:35:06', '2023-05-29 02:35:06'),
(43, 37, 'Áo body bé trai', '', '', 180000, 100000, NULL, b'1', '2023-05-29 09:37:11', 0, '0', 0, 0, '2023-05-29 02:37:11', '2023-05-29 02:37:11'),
(44, 37, 'Áo body bé trai1', '', '', 169000, 70000, NULL, b'1', '2023-05-29 09:38:15', 0, '0', 0, 0, '2023-05-29 02:38:15', '2023-05-29 02:38:15'),
(45, 37, 'Áo body bé trai2', '', '', 279000, 170000, NULL, b'1', '2023-05-29 09:39:07', 0, '0', 0, 0, '2023-05-29 02:39:07', '2023-05-29 02:39:07'),
(46, 41, 'Áo phông unisex trẻ em in Chip & Dale', '', '', 179000, 70000, NULL, b'1', '2023-05-29 09:40:28', 0, '0', 0, 0, '2023-05-29 02:40:28', '2023-05-29 02:40:28'),
(47, 41, 'Áo phông bé trai in Avenger', '', '', 179000, 70000, NULL, b'1', '2023-05-29 09:41:20', 0, '0', 0, 0, '2023-05-29 02:41:20', '2023-05-29 02:41:20'),
(48, 41, 'Áo phông bé trai có hình in', '', '', 188000, 70000, NULL, b'1', '2023-05-29 09:42:01', 0, '0', 0, 0, '2023-05-29 02:42:01', '2023-05-29 02:42:01'),
(49, 36, 'Áo khoác bé trai', '', '', 599000, 467000, NULL, b'1', '2023-05-29 09:43:47', 0, '0', 0, 0, '2023-05-29 02:43:47', '2023-05-29 02:43:47'),
(50, 35, 'Áo sơ mi bé gái hoạ tiết kẻ', '', '', 399000, 300000, NULL, b'1', '2023-05-29 09:45:00', 0, '0', 0, 0, '2023-05-29 02:45:00', '2023-05-29 02:45:00'),
(51, 35, 'Áo sơ mi kẻ bé gái dài tay', '', '', 399000, 300000, NULL, b'1', '2023-05-29 09:45:39', 0, '0', 0, 0, '2023-05-29 02:45:39', '2023-05-29 02:45:39'),
(52, 35, 'Áo sơ mi bé gái mix dây dệt sườn', '', '', 99000, 50000, NULL, b'1', '2023-05-29 09:46:25', 0, '0', 0, 0, '2023-05-29 02:46:25', '2023-05-29 02:46:25'),
(53, 31, 'Áo khoác chống nắng unisex trẻ em', '', '', 399000, 250000, NULL, b'1', '2023-05-29 09:47:37', 0, '0', 0, 0, '2023-05-29 02:47:37', '2023-05-29 02:47:37'),
(54, 31, 'Áo khoác chống nắng unisex trẻ em1', '', '', 399000, 250000, NULL, b'1', '2023-05-29 09:48:19', 0, '0', 0, 0, '2023-05-29 02:48:19', '2023-05-29 02:48:19'),
(55, 31, 'Áo khoác chống nắng unisex trẻ em2', '', '', 399000, 250000, NULL, b'1', '2023-05-29 09:48:57', 0, '0', 0, 0, '2023-05-29 02:48:57', '2023-05-29 02:48:57'),
(56, 33, 'Váy liền bé gái có hình in', '', '', 179000, 120000, NULL, b'1', '2023-05-29 09:51:01', 0, '0', 0, 0, '2023-05-29 02:51:01', '2023-05-29 02:51:01'),
(57, 33, 'Váy liền bé gái in Mickey & Friend', '', '', 299000, 220000, NULL, b'1', '2023-05-29 09:51:55', 0, '0', 0, 0, '2023-05-29 02:51:55', '2023-05-29 02:51:55'),
(58, 33, 'Váy liền bé gái hình mèo Marie', '', '', 195000, 120000, NULL, b'1', '2023-05-29 09:52:39', 0, '0', 0, 0, '2023-05-29 02:52:39', '2023-05-29 02:52:39'),
(59, 34, 'Chân váy bé gái hoạ tiết kẻ', '', '', 196000, 120000, NULL, b'1', '2023-05-29 09:54:12', 0, '0', 0, 0, '2023-05-29 02:54:12', '2023-05-29 02:54:12');

-- --------------------------------------------------------

--
-- Cấu trúc bảng cho bảng `productcat`
--

CREATE TABLE `productcat` (
  `ProCatId` int(11) NOT NULL,
  `Name` varchar(50) DEFAULT NULL,
  `CatID` int(11) DEFAULT NULL,
  `Image` varchar(200) DEFAULT NULL,
  `Active` bit(1) DEFAULT NULL,
  `updated_at` timestamp NULL DEFAULT current_timestamp(),
  `created_at` timestamp NULL DEFAULT current_timestamp() ON UPDATE current_timestamp()
) ENGINE=InnoDB DEFAULT CHARSET=utf8 COLLATE=utf8_general_ci;

--
-- Đang đổ dữ liệu cho bảng `productcat`
--

INSERT INTO `productcat` (`ProCatId`, `Name`, `CatID`, `Image`, `Active`, `updated_at`, `created_at`) VALUES
(15, 'Quần shorts', 21, '9u85ZEm3sMG1OSM6Btk2Ea1qUMLBy6EjnqiPGops.webp', b'1', '2023-05-28 18:26:22', '2023-05-28 18:26:22'),
(17, 'Quần jeans', 21, 'VmtJZ8r1eBgp2G9ILRBtrWTmcvp85oKngeo474GL.webp', b'1', '2023-05-28 18:28:07', '2023-05-28 18:28:07'),
(18, 'Quần nỉ', 21, 'JBHbrU1XgyOqetxx7uU2bHJV26oo1ylfpNgFQkYh.webp', b'1', '2023-05-28 18:28:47', '2023-05-28 18:28:47'),
(19, 'Quần khaki', 28, '6OyPWg5oUxy3S75cG8gsegPD6N4X9uyr7v9ICHhV.webp', b'1', '2023-05-28 18:34:32', '2023-05-28 18:34:32'),
(20, 'Quần vải', 21, '6RExTaI1ytGQeLrjFXN8vpvYPCvvM2DrDpFaBtuR.webp', b'1', '2023-05-28 18:35:27', '2023-05-28 18:35:27'),
(21, 'Áo phông', 22, 'FlRgU0X8INsHIcbbyYZZGp3h5QXaFSgX7jt28eKL.webp', b'1', '2023-05-28 20:24:00', '2023-05-28 20:24:00'),
(22, 'Áo polo', 22, 'JEP55ykrZzs5TLQMIohoiSrCAjAP1qhloxy0x7cp.webp', b'1', '2023-05-28 20:24:09', '2023-05-28 20:24:09'),
(23, 'Áo sơ mi', 22, 'vJlOi58INitIQwwiQQCzo4nDen8NLFugtHUwcotT.webp', b'1', '2023-05-28 20:24:16', '2023-05-28 20:24:16'),
(24, 'Áo ba lỗ', 22, 'j2vd0Z5k8j7waKSSM6FjiegNuwdIRk6DhSRpTLIn.webp', b'1', '2023-05-28 20:24:22', '2023-05-28 20:24:22'),
(25, 'Áo dài tay', 22, 'hhraqBGgsyGH1a4ARrIpxfZMGXHXl9vf2WV0reec.webp', b'1', '2023-05-28 20:24:29', '2023-05-28 20:24:29'),
(26, 'Áo phông', 27, 'ngsXtwH133HLhyRHW41zBHtqx55Md4sym3Kj3EbQ.webp', b'1', '2023-05-28 18:42:56', '2023-05-28 18:42:56'),
(27, 'áo polo', 27, '2A8auAtw4EjsxGAGqtiLSf2RprAytWim3eip1CTx.webp', b'1', '2023-05-28 18:43:32', '2023-05-28 18:43:32'),
(28, 'Váy liền thân', 33, 'R5x3Otsfztr11uybo3M6UfNcc73Dt9SHZZLm89e3.webp', b'1', '2023-05-28 18:44:22', '2023-05-28 18:44:22'),
(29, 'Chân váy', 33, 'bQ9wxr41ywgugkf0ajaeY1rMBAl14LV9mnVQNJUP.webp', b'1', '2023-05-28 18:45:01', '2023-05-28 18:45:01'),
(30, 'Quần shorts', 28, 'hs7Xf5gGAA3sLtTg4jOcLvNDKugGToi9xa55ZFba.webp', b'1', '2023-05-28 18:45:35', '2023-05-28 18:45:35'),
(31, 'Chống nắng', 39, 'RWCgbLqcJMqSAwLmSpo7XnM12FN4d2y2MqjW16yy.webp', b'1', '2023-05-28 18:52:52', '2023-05-28 18:52:52'),
(32, 'Áo khoác gió', 39, 'cpLKiPp9YXTeTAssDRynIW5J4bBr498i4bLI3fvm.jpg', b'1', '2023-05-28 18:47:21', '2023-05-28 18:47:21'),
(33, 'Váy liền thân', 36, 'IoDHpGI06fsvKtn9IXb7YTH0R11U9lF4pUPtJQmB.webp', b'1', '2023-05-28 18:48:05', '2023-05-28 18:48:05'),
(34, 'Chân váy', 36, '2lIBiA2cvAJLoPCddtvThxQMmYbhpOXA6u5XmQvi.webp', b'1', '2023-05-28 18:48:37', '2023-05-28 18:48:37'),
(35, 'Áo sơ mi', 34, 'GrSCm3xZTX09ZJ8Co5SRvqxUznZVPV34MLCsobEM.webp', b'1', '2023-05-28 18:49:11', '2023-05-28 18:49:11'),
(36, 'Áo khoác ngắn', 46, '7syK8WrK6exJBEmmIRuxDBIqkByIkfIzx8KdArKi.jpg', b'1', '2023-05-28 18:51:32', '2023-05-28 18:51:32'),
(37, 'Áo mặc trong', 42, 'LIuN5oLE5W9OsmmSu3FhSxGapkokyqXdBXzTpQvT.jpg', b'1', '2023-05-28 18:52:34', '2023-05-28 18:52:34'),
(38, 'Quần jeans', 43, 't16191R4sjxfDuy4CIEmUgEQE4Adf0YqpLsWBFRQ.webp', b'1', '2023-05-28 18:53:40', '2023-05-28 18:53:40'),
(40, 'Quẩn vải', 43, 'G9JvYm8oIruaxfwia4YSPmaEElhH4NbclEwQ3xS9.jpg', b'1', '2023-05-28 18:55:44', '2023-05-28 18:55:44'),
(41, 'Áo phông', 42, 'FimwuZurJiVIXB2kzd9zPJCovjUJ3xSAOcEGXNdX.webp', b'1', '2023-05-28 18:56:22', '2023-05-28 18:56:22');

-- --------------------------------------------------------

--
-- Cấu trúc bảng cho bảng `productcolor`
--

CREATE TABLE `productcolor` (
  `ProColorID` bigint(20) NOT NULL,
  `NameColor` varchar(50) DEFAULT NULL,
  `ImageColor` longtext DEFAULT NULL,
  `updated_at` timestamp NULL DEFAULT current_timestamp(),
  `created_at` timestamp NULL DEFAULT current_timestamp() ON UPDATE current_timestamp()
) ENGINE=InnoDB DEFAULT CHARSET=utf8 COLLATE=utf8_general_ci;

--
-- Đang đổ dữ liệu cho bảng `productcolor`
--

INSERT INTO `productcolor` (`ProColorID`, `NameColor`, `ImageColor`, `updated_at`, `created_at`) VALUES
(1, 'đen', 'Td3mzUhEtXaHKq6zCrqIUuNSxkpfy6YZPtxGhFTo.png', '2023-05-24 02:24:22', '2023-05-24 02:24:22'),
(2, 'Xám', '83PxJL8KA5J3PwUP17H4ifcxHgNXby9NRJ0w4ZVF.png', '2023-05-24 02:24:36', '2023-05-24 02:24:36'),
(5, 'Xanh than', 'IBA36cz65A7OpBpNZ29vOn8sRdhpttBswyZ1hrIx.png', '2023-05-28 19:05:59', '2023-05-28 19:05:59'),
(6, 'Tím', 'SJ2pjEPaEh8gbY25cZwhKLpsLmHTUsXYp8sOyLb5.png', '2023-05-28 19:15:30', '2023-05-28 19:15:30'),
(7, 'Xanh biển nhạt', 'XLdR2eet2t9BLehR385svJFXVJR5KifebjDWLY3Q.png', '2023-05-28 19:16:00', '2023-05-28 19:16:00'),
(8, 'Đỏ', '92x5tbkMQ0zYHK6MBYh5kZHoSvTkb8izu9gYCacD.png', '2023-05-28 19:16:28', '2023-05-28 19:16:28'),
(9, 'Vằn', 'RiMccWXPnrYDrM9P0y8EL78VpPNlHDjjUcB3bWGe.png', '2023-05-28 19:17:04', '2023-05-28 19:17:04'),
(10, 'Da', 'D9fxTlx7DzlQrBHABILY6QdgXVvJBF49CqpPAKAj.png', '2023-05-28 19:17:37', '2023-05-28 19:17:37'),
(11, 'Vàng', 'mKDKmDMUOHt7dG1aERXsqFMHtuAl5CmLXhS2sKLw.png', '2023-05-28 19:18:10', '2023-05-28 19:18:10'),
(12, 'Đỏ đen', 'flPmZj4n5RaYhOfIviGgtNPcV0JS9UVznVLsXoar.png', '2023-05-28 19:18:34', '2023-05-28 19:18:34'),
(14, 'Xanh đậm', 'mhyG8OEPWHldP9UD0sUmCN7bwQp5kikpvzsNVOpq.png', '2023-05-28 19:22:01', '2023-05-28 19:22:01');

-- --------------------------------------------------------

--
-- Cấu trúc bảng cho bảng `productimage`
--

CREATE TABLE `productimage` (
  `ProImageId` int(11) NOT NULL,
  `ProId` int(11) NOT NULL,
  `ProColorID` int(11) NOT NULL,
  `Image` longtext DEFAULT NULL,
  `DetailImage1` longtext DEFAULT NULL,
  `DetailImage2` longtext DEFAULT NULL,
  `DetailImage3` longtext DEFAULT NULL,
  `DetailImage4` longtext DEFAULT NULL,
  `ImageColor` longtext DEFAULT NULL,
  `created_at` timestamp NULL DEFAULT current_timestamp() ON UPDATE current_timestamp(),
  `updated_at` timestamp NULL DEFAULT current_timestamp(),
  `DetailImage5` longtext DEFAULT NULL
) ENGINE=InnoDB DEFAULT CHARSET=utf8 COLLATE=utf8_general_ci;

--
-- Đang đổ dữ liệu cho bảng `productimage`
--

INSERT INTO `productimage` (`ProImageId`, `ProId`, `ProColorID`, `Image`, `DetailImage1`, `DetailImage2`, `DetailImage3`, `DetailImage4`, `ImageColor`, `created_at`, `updated_at`, `DetailImage5`) VALUES
(16, 10, 1, '3ErBuDXzkPj5cdNPQZs4jixK1y8fkNPvbKzxUacX.webp', 'xPcm5Nkub3F8eBDdfzxqmfTvOrh4M5qhpcHEoAqB.webp', NULL, NULL, NULL, NULL, '2023-05-28 19:31:47', '2023-05-28 19:31:47', NULL),
(17, 10, 2, 'wEmHIcRl40hebT922vs0RTYIl1zyhOMU5dmsHRat.webp', 'QwQ6Y9huucPPLKyL1ymwq3IEfIQCZAJqhIORIuYd.webp', NULL, NULL, NULL, NULL, '2023-05-28 19:31:47', '2023-05-28 19:31:47', NULL),
(18, 11, 14, 'djsvItrhDVFTDMZt8TBdErVI4oQkeY0NFC32nynM.webp', 'rmwbT9OisOGG4U16sJriI1mT5Kc251jfJB4xZF7A.webp', NULL, NULL, NULL, NULL, '2023-05-28 19:33:42', '2023-05-28 19:33:42', NULL),
(19, 12, 5, 'oVG2Sio9xz5PZiLUOOxzr7HP13OGr6N8vKDeJq74.webp', 'I6VdZOqfxGn3EclcNyhVggdBtnprOQIlg8n8lGrv.webp', NULL, NULL, NULL, NULL, '2023-05-28 19:41:31', '2023-05-28 19:41:31', NULL),
(20, 12, 2, '5rlXX5oOuaFiFjzhiK24zl9ZcfWBBy9Igpt8hCzz.webp', 'O1VceSTgaB2tCnOSjV5H9XunLRZEsKH7MlwkA84P.webp', 'XWPjJjwBU7zAi1A6ZB0RvN26vi8pC6N7yBmGuIu5.webp', NULL, NULL, NULL, '2023-05-28 19:41:31', '2023-05-28 19:41:31', NULL),
(21, 12, 1, '6O9xoNi6CGYZfMiRHx26Tb1X5tQ0XXiZSH1scCHd.webp', 'vdHzhj4P5KyK5w9bBApQicRyd1U2vON7OzkBQeAq.webp', 'ROhnPfYY7ZotqHSq7vgXxCSija8cFo68UwGNxgwm.webp', 'M9q0Xtvr8HOccZkBoG3yIo5skYsu7BcIeDeO4hWD.webp', NULL, NULL, '2023-05-28 19:41:31', '2023-05-28 19:41:31', NULL),
(22, 13, 11, 'FcT2PekdtYRm5Ew2L5xKXq7PX8HYA7H7I80CIrnV.webp', 'jG0br1UsQB4J7LwiVzN4vBCVdqT8mj07f6JASI4F.webp', NULL, NULL, NULL, NULL, '2023-05-28 19:48:32', '2023-05-28 19:48:32', NULL),
(23, 13, 10, 'xRpX4NMTAkc3ZdNWqC0gCa5hl4N56UXvmeWMbP11.webp', 'nOlK83Oks1406Jfc5W3r3ynwN8ndy43IgjggKJb2.webp', '3OE1Y6grVzHwA2xF1NAIpPWa9oydSIQagQ2o0ebU.webp', NULL, NULL, NULL, '2023-05-28 19:48:33', '2023-05-28 19:48:33', NULL),
(24, 13, 5, '2Kv2vSqcd1FHF0CtdS8nP0HFxdjVTFHSkdvcWoMl.webp', 'itZ2fg4CTK067aNmK4APZXxKgGiLzv3AldthNbYo.webp', 'SgzcTcdYcSeFkdJGYce6RAc82mc32KKEsoksqGlw.webp', 'vZgzykY3qjV93V6Fl6VMdwb5Ek84bsJLBzt8H6Q4.webp', 'hwqtjuVxcE3qMQsgOyPObSATi9OeMuPt1zAj122d.webp', NULL, '2023-05-28 19:48:33', '2023-05-28 19:48:33', NULL),
(25, 14, 10, 'CZcfD8yb2CuHlV7wocPRrKnJVTDmO0lXGtZ1w1CO.webp', '4EDeKLIQQZdoFVI8gXXyo3Rh9hs0f00PIbU6X4A3.webp', NULL, NULL, NULL, NULL, '2023-05-28 19:54:20', '2023-05-28 19:54:20', NULL),
(26, 14, 11, 'KjVtNrJTC9t0Pf3VNMf4tGV6CNb1kEhkwZI1ABAp.webp', 'xole4NW72jOr8pxzKRw4qetisVefScy46rIBPbgB.webp', 'W31cvgKNOeKapKvCdoDwEC8CxN2HVw0xXBCgDvml.webp', NULL, NULL, NULL, '2023-05-28 19:54:20', '2023-05-28 19:54:20', NULL),
(27, 14, 5, '0ATqQ5MdJwhqqJz8vZv1euhnup0wb3aAxr9xIBMH.webp', 'hM6UseJHGlrdkQ6LHcnWWGQjrZg97xUWBl5eBnab.webp', 'MeamXvaPj9rp6A16wGBeeHWr1mWAjAzZlo2nTYlZ.webp', 'khlFAmdbcrL23DOYeSgVqvwvd6tEjSh9CMMw9uZk.webp', NULL, NULL, '2023-05-28 19:54:20', '2023-05-28 19:54:20', NULL),
(28, 15, 1, 'qOunhLwW2aN06B9v0YCWwdhEC3zf6oFPPs17SwlM.webp', '3m3GTCQjqurMzE5Jw2AdL1tZzJrSkph4H3GIQbiO.webp', 'ZWpzJRnpSsKS5yZI9WqA9trEtjxD0WKuXheLtFCr.webp', 'TQgTLSpPe4mkLtTD6xTYxsF0icJY2NdmNcDBGvgU.webp', 'o0rJLkA2Xek50AYxFJPjb5UJDCcRhXVNuDj5OOxt.webp', NULL, '2023-05-28 20:00:57', '2023-05-28 20:00:57', NULL),
(29, 16, 5, 'AWpgrIHQ5rl2RMZTXsEvrleO5QFk5xpLYBA5lZDj.webp', 'wNRGNah22JlDfyPPPN4Q5IvQPvEjD3F7aN0WRg86.webp', 'hqe1866WiAMZjYnMIb7v4waDWp8WGNMqj4FCnLgz.webp', NULL, NULL, NULL, '2023-05-28 20:07:04', '2023-05-28 20:07:04', NULL),
(30, 17, 1, '5Fl9p2lkiZgrBpR0J5jp5hBtiuGKob6Qo1774I07.webp', 'IKDvz3ClqKJLqZZyAtxVZyDSy2wbtnGcHVUEnFbT.webp', 'OuOpoYKJTCf8ur50pFaMYdkHzlmyGuUTyWTaXqX4.webp', 'IKtuwnIhzQ96Mom3yZh7fXsEs0wbHzOKNX5d5Xep.webp', NULL, NULL, '2023-05-28 20:10:54', '2023-05-28 20:10:54', NULL),
(31, 17, 5, 'ozXVvBTGyT9Rwhixxfd3AzRNTJ0FbjH270VkwHi2.webp', 'DmepjQyM2ShRde13DW7sIsP90kq4bWlg5sBZtMaH.webp', 'yaw65YCff16vIdBBGLGVubra7AFM9fMEw430ibWc.webp', '4lJqHPtfLPPRnOhmIwjVb1SaVeJDw7VoFZCvVyPG.webp', NULL, NULL, '2023-05-28 20:10:54', '2023-05-28 20:10:54', NULL),
(32, 18, 5, 'e8rAQYUi42WdZ7Ki8ExglOloJq2SA4UFOwth2pIC.jpg', 'yzZPg7HcKnflTJkhgQEJP5UK3MtqqSixm2fIc1lk.jpg', 'tRg5k3ujCz1TDpcjcyDkihFMd5pcRk5yjuxAnMEM.webp', 'iEHfsAzXiC9S5oxACGVGehXCiCFGOUSOah80MzUg.webp', NULL, NULL, '2023-05-28 20:19:03', '2023-05-28 20:19:03', NULL),
(33, 19, 10, 'Iauho5ujG9Clq2RcZaYluV1RyzYhNyKbmI2EeDsj.webp', 'n1uUt5UKNqrnmI0TMX2NPWi27x9JOsjQCyoY04Rv.webp', '6MdrV90eccOFT4sbzAk78SMgmdkAawMrATTwgJ1o.webp', NULL, NULL, NULL, '2023-05-28 20:20:20', '2023-05-28 20:20:20', NULL),
(34, 20, 1, 'h4oJwtk6ys01hD3M4ktrO5exlYp1M2eCSdd7yNt2.webp', 'Cb6v8d7coEdVHUuAa0zhyTlNvDL1P8gnaEqOZNFv.jpg', 'mR4RMlrdXmjHHFePoRBPbvkC4eTtPFXgCY85QFSm.webp', NULL, NULL, NULL, '2023-05-28 20:21:21', '2023-05-28 20:21:21', NULL),
(35, 21, 6, 'ezuW63KTkhfutStCAyptFZua87VL6YcbNDfSmFCx.webp', 'qtcJPB2mRl8ZM0oumaTO8VLoBKoi6HUe0xtFprH9.webp', NULL, NULL, NULL, NULL, '2023-05-28 20:27:25', '2023-05-28 20:27:25', NULL),
(36, 21, 14, 'DgtBrSeIYbsLGRS5Hx7VlQpMIfu38GUHCsGX8FDB.webp', 'qATpr2Iy3cyE3xC3YETxsbPFJePZZTZs8RbQQzU5.webp', NULL, NULL, NULL, NULL, '2023-05-28 20:27:26', '2023-05-28 20:27:26', NULL),
(37, 22, 8, 'DtZhHktkDPLJL3Ut6KX5UHiIqNvQuC7cRC4XZl9m.webp', '2MauEIzd9PIqN3NGiPL28k7EqFE0NKrYDdaX0IFQ.webp', NULL, NULL, NULL, NULL, '2023-05-28 20:30:10', '2023-05-28 20:30:10', NULL),
(38, 22, 2, '1jUlSkcaCVd074dvjC9GeSAnWxoGKLBI5p22kXiL.webp', 'SddYMhRDbOy74iIKiqtd7IR4ASoucwrNYGaL9axv.webp', NULL, NULL, NULL, NULL, '2023-05-28 20:30:10', '2023-05-28 20:30:10', NULL),
(39, 23, 10, '2aj4yeD6hFl2m3qxBPOP7POp8Pg5pyL5458ci3fp.webp', 'BLDuEdDQBLfflErYhXbGRHp23R5E3pbVljY7Ol5v.webp', NULL, NULL, NULL, NULL, '2023-05-28 20:31:36', '2023-05-28 20:31:36', NULL),
(40, 23, 1, 'tX2wswXCE5oQBpyq9CEPxvsq1EIE5cIHydaIDw9F.webp', 'WHKJjcjEzGOGHflu9VaGcsIFTrNLnKdt5Z9JeQu2.webp', NULL, NULL, NULL, NULL, '2023-05-28 20:31:36', '2023-05-28 20:31:36', NULL),
(41, 24, 2, 'MJEtlAUJFEBk1nckXOLuCTaan5Wd5Wtb84QwYni3.webp', 'obOjk0rThT0It8SKfR47r4s3kzWDMIoJJHnI43sx.webp', NULL, NULL, NULL, NULL, '2023-05-28 20:34:51', '2023-05-28 20:34:51', NULL),
(42, 24, 1, 'RXgzButFGWQ0L8piyr3hnAxwzv5jhzPn9CbXgAtr.webp', 'AyUztBUKHxyUvDXZcWNzyvLRNZO0bIjDjvvIBIWL.webp', NULL, NULL, NULL, NULL, '2023-05-28 20:34:51', '2023-05-28 20:34:51', NULL),
(43, 25, 10, 'w1GeKYs5x5THw8TWWJuyElawFPmG2IqS34AsVbZe.webp', 'VVQcQLjhza8MUzuVSVBKEaDgEHMGpfECXaixuefb.webp', NULL, NULL, NULL, NULL, '2023-05-28 20:36:45', '2023-05-28 20:36:45', NULL),
(44, 25, 14, '9mDRI2ddW56UywkrKCpYadUeqic66AbDvzXWS2Rf.webp', '4w5xFYLNC5JI62dxrzCCIyMz993pdUMoV7wkSXaD.webp', NULL, NULL, NULL, NULL, '2023-05-28 20:36:45', '2023-05-28 20:36:45', NULL),
(45, 26, 5, 'F3KUaBDatZW5MVwBitvpsHqiUZPJHL9W4xAxKz99.webp', '6ExtqlXPQzIRn9ZZzWwfBYFnPHQPePXZCtUgxTQr.webp', NULL, NULL, NULL, NULL, '2023-05-28 20:40:36', '2023-05-28 20:40:36', NULL),
(46, 26, 7, 'XIj5B2iiVSGN3UyCwmBuueZyxOKWm0qEzkGgKoau.webp', '4LuaPcZGJ470myQyJD63hZWwfjTVh2insJu1EhBf.webp', NULL, NULL, NULL, NULL, '2023-05-28 20:40:36', '2023-05-28 20:40:36', NULL),
(47, 27, 1, 'spF0ggHwjRKHXbbrga3ZLeUTNvK2OefmEDvJXIQk.webp', 'NMMH9bs8zmTlKdr3p4RrVTnlHEGhd1AiezDQKJFi.webp', NULL, NULL, NULL, NULL, '2023-05-28 20:42:09', '2023-05-28 20:42:09', NULL),
(48, 27, 10, 'at1PfvBinkbxjDu0Q8hBUiUocRYhdy5Xps0ueklr.webp', '3K2eE2xWyWJxMFLr3V6f2nGd3mj3GOw9aSV5mN2j.webp', NULL, NULL, NULL, NULL, '2023-05-28 20:42:10', '2023-05-28 20:42:10', NULL),
(49, 28, 9, 'BxAJwQJLbfPVYCJv7Q4L378htTRxwqEdEqdAjoL4.webp', NULL, NULL, NULL, NULL, NULL, '2023-05-28 20:42:55', '2023-05-28 20:42:55', NULL),
(50, 29, 5, 'B83ZuVHiLGXUdfdhAqiYpmhteG3iw32x0SDgDXy1.webp', 'Z20M55fFke63Qsto0FY3U0cQLFEqweeSt4LMNuWL.webp', NULL, NULL, NULL, NULL, '2023-05-28 20:44:59', '2023-05-28 20:44:59', NULL),
(51, 29, 1, 'WxNpCgWxeoE0vZ2nkV5yaxE8SNsypbwEJJLeG0e4.webp', 'vkmBOVMW1nSKeFc6dufBqVQroLrnp8irxLXn0fdA.webp', NULL, NULL, NULL, NULL, '2023-05-28 20:44:59', '2023-05-28 20:44:59', NULL),
(52, 30, 5, 'irFnVppMec8YIasn6JDjIPKWTNUVYTH2vhKhZwxL.webp', 'N5PKVvWyeubN46lZoAeOzhtBr8hb4cJIg4nbkhWR.webp', NULL, NULL, NULL, NULL, '2023-05-28 20:50:05', '2023-05-28 20:50:05', NULL),
(53, 31, 10, 'wABDWSMB3gZ5YzGJk1AfgXuBgU5OhoozoZvnCHxq.webp', '3eIY643a3G2fXthMHmc5P9dQJykfyIOhdNlkoWgV.webp', NULL, NULL, NULL, NULL, '2023-05-28 20:51:12', '2023-05-28 20:51:12', NULL),
(54, 32, 1, 'QWw4ibTt4qTrnyDjF8pPZ6YD9rZtKy5OMbqwtPzq.webp', 'AW6sxZr1qW2KjYjg8I6ALgNCL6RyWevZMMwzBfri.webp', NULL, NULL, NULL, NULL, '2023-05-28 20:54:01', '2023-05-28 20:54:01', NULL),
(55, 32, 10, 'y4W3kqkWG7jZrBWHSapPCUCCreE7oU0ToFxgIZnu.webp', 'vuZCoC4mNaUcNLYSfTGkHP84uDi4CNWVJJGMxuE9.webp', NULL, NULL, NULL, NULL, '2023-05-28 20:54:01', '2023-05-28 20:54:01', NULL),
(56, 33, 1, 'VKTP2E4U3MpV0hPxKtpoR1OHqUZgPLgJPUwU8wW0.webp', '4x9VGg6r2Lk0e0bobZY60VA0P4GGDYdMFORUzyXC.webp', NULL, NULL, NULL, NULL, '2023-05-28 20:59:33', '2023-05-28 20:59:33', NULL),
(57, 34, 1, 'nKCVQjc8zeRDzL9LQAbG3I8VsfGC2r3oydUaOKaW.webp', 'yAmFXx9tCmukxdbsUftwY5s9m7aa0I4e0av46YGs.webp', NULL, NULL, NULL, NULL, '2023-05-28 21:01:24', '2023-05-28 21:01:24', NULL),
(58, 35, 7, 'te1mvIGuv3czO53OPvPwEGvTNJttUN37NveAWXRM.webp', 'MpwCPdzJkbAPUajO5QU22PFpGB6ktjlkuGzCGu2D.webp', NULL, NULL, NULL, NULL, '2023-05-28 21:04:45', '2023-05-28 21:04:45', NULL),
(59, 36, 1, 'omk8EZLl2sgtohaGgJEVJ8WqTFvwD8L8BqVjOquj.webp', 'wGZLakHh2QCl55xOLg9NT9uEanUNl7sVHVuO22r8.webp', 'YZQXmaiiOIHsIVCVEjYkpvpv97HxauWIdnWoWXux.webp', NULL, NULL, NULL, '2023-05-28 21:06:17', '2023-05-28 21:06:17', NULL),
(60, 37, 11, 'phfiwEYGxxcgXeGoA07k4yk3oFmBWZ3z2reX0SWI.webp', 'DoD0Yf6FjREnnhSKjTiXtWVaaNG3uFkfgPA0Gz8g.webp', NULL, NULL, NULL, NULL, '2023-05-28 21:07:56', '2023-05-28 21:07:56', NULL),
(61, 38, 1, 't2IbDbmSECEqpcmpi9nSpOxQwDHHCIEJNHx3SBuI.webp', '2DIqJ6Qz7xDE6RnOgVXWwOBuH9t1plC4SAaD4ukZ.webp', 'zRVF5F62hd3D1GcYSCrU2iFtfhgUUmm2ltCwIpdW.webp', NULL, NULL, NULL, '2023-05-28 21:09:07', '2023-05-28 21:09:07', NULL),
(62, 39, 10, '3uueNWZrUsguAlad31KTmT9Bu63T78U64w5Nv6Kp.webp', 'bvhgZD6hy891jQSfHciX1xBkIQHdqWKyREjBupGf.webp', NULL, NULL, NULL, NULL, '2023-05-28 21:12:04', '2023-05-28 21:12:04', NULL),
(63, 39, 1, 'juTJBval1StpWYAwtM2c58LGK7hyiupXeXqaxX3o.webp', 'UJ7YqSMOWTz9FbEmqrqxKY3y7GcFUOxRFw8lJ4P6.webp', NULL, NULL, NULL, NULL, '2023-05-28 21:12:04', '2023-05-28 21:12:04', NULL),
(64, 40, 5, 'f0Oh899Azm1mL3BsiEwi1DRqz9t2MoeD561t3T4u.webp', 'X9j3xha7qQ9ZBpdKb1sdLYimWas59c8WiP52szDe.webp', NULL, NULL, NULL, NULL, '2023-05-29 02:32:49', '2023-05-29 02:32:49', NULL),
(65, 41, 1, 'jmA2IbBhgBgreQZAz6cq8IC9UlpKWnDClM0AqxMR.webp', 'wX9Rkib0Xszc55prtzRtQl0YPa7vqIOPjvyqbppe.webp', NULL, NULL, NULL, NULL, '2023-05-29 02:33:49', '2023-05-29 02:33:49', NULL),
(66, 42, 14, 'BtUKGyp4Q8juxjppW1MU0z8ApXQtdUoW2ee6OwnJ.webp', 'QZAeYrzOKg8VU5c5tBXPLaLDQ8vdQHLrBPMNtdm6.webp', NULL, NULL, NULL, NULL, '2023-05-29 02:35:06', '2023-05-29 02:35:06', NULL),
(67, 43, 10, '1jWsQDupLFTMpustgKZyoLkIOyQ3ytSs9yeJbp6Q.webp', NULL, NULL, NULL, NULL, NULL, '2023-05-29 02:37:11', '2023-05-29 02:37:11', NULL),
(68, 43, 7, 'CJZHl23nh7p7K6L7tlOGSLX0vX5w2IAx12zgOSqs.webp', NULL, NULL, NULL, NULL, NULL, '2023-05-29 02:37:11', '2023-05-29 02:37:11', NULL),
(69, 44, 5, 'hLo1lIq2kx6RMBPI0CslQdW99U0Uc2HV459sWkL3.webp', 'S9Zzk65MaG9MZyRR7fhZc9znc4Fnvilaqt2J6lkV.webp', NULL, NULL, NULL, NULL, '2023-05-29 02:38:15', '2023-05-29 02:38:15', NULL),
(70, 45, 7, 'Yms6Irw6EjDVzER0YV5eTPq8R6lBdozfUGJpwBcQ.webp', 'erjHJj9EE4Y1kdxgA3VYJSZlXESIipAgJhWfZUdA.webp', NULL, NULL, NULL, NULL, '2023-05-29 02:39:07', '2023-05-29 02:39:07', NULL),
(71, 46, 8, 'i6GPganxBb5yXy57ixmRom2WNXfU7aOoewOxaV8F.webp', NULL, NULL, NULL, NULL, NULL, '2023-05-29 02:40:28', '2023-05-29 02:40:28', NULL),
(72, 46, 11, 'mOw64QWoLOfndRYPYMGEdtqTPkJxW6Dz2CFECi3n.webp', 'FOrqBQO0mWzQvCT1Gxu51rdfLjcWf6OUBNBQQVk7.webp', NULL, NULL, NULL, NULL, '2023-05-29 02:40:28', '2023-05-29 02:40:28', NULL),
(73, 47, 7, 'teLJLbt5DwAzXixOWShA1IOBzl0JWKFnqDoqOCk0.webp', 'fJ2YYfPVtDba12DH7kihDxDXCmlnOdR3JhOesW4F.webp', NULL, NULL, NULL, NULL, '2023-05-29 02:41:20', '2023-05-29 02:41:20', NULL),
(74, 48, 10, 'RSVdbmeJwIa7zQkdzrNGceXQ3AoerwGePo09yo72.webp', NULL, NULL, NULL, NULL, NULL, '2023-05-29 02:42:01', '2023-05-29 02:42:01', NULL),
(75, 49, 1, 'iMlVkGYA70CYg0qgYC3U2OtNTk2f8oOvt4UDvOC4.jpg', 'Kf26owIExL07x0bIIzDWUwK2rUfKYyf0OwOeu9uv.webp', NULL, NULL, NULL, NULL, '2023-05-29 02:43:47', '2023-05-29 02:43:47', NULL),
(76, 50, 9, '1GmLCs5zK3zMCgk2MJ9CwUU0ALiTOzvTxy4vsmWS.webp', 'wjfxG4JHOtsgu1ZGePz9a8Nv0J2cfkmZ56N42zVI.webp', NULL, NULL, NULL, NULL, '2023-05-29 02:45:00', '2023-05-29 02:45:00', NULL),
(77, 51, 9, 'GMhiMlbZaZOjGHmc6CkxbRnQH0E7CmbNtIVon02q.webp', 'zBF066hILPA1ntXEmCKfpew1Gr9tzUSsiS3jmPcJ.webp', NULL, NULL, NULL, NULL, '2023-05-29 02:45:39', '2023-05-29 02:45:39', NULL),
(78, 52, 6, 'Vpz8nD9psgOmjbYlzBe4eLyvmH7gaFZTUvl7tp8q.webp', 'poPkHRl497EdtX7z4HePQdU9eS2ZWUAc7lTxT1WK.webp', NULL, NULL, NULL, NULL, '2023-05-29 02:46:25', '2023-05-29 02:46:25', NULL),
(79, 53, 5, 'CfHtVB3EssJAGkhfupfh68CWfdLX519O048FDk7h.webp', '80chYCYgJzgBz1mBK7099KqmS56JyE73mjaOeX9a.webp', NULL, NULL, NULL, NULL, '2023-05-29 02:47:37', '2023-05-29 02:47:37', NULL),
(80, 54, 11, 'FjQ70e6ZARsUVyiPRWKD63NIZNRqsnXjzybJHoO2.webp', 'kWybIT4LPRGNZUCftvxTMNybK9EpQOLJPlsjwgIw.webp', NULL, NULL, NULL, NULL, '2023-05-29 02:48:19', '2023-05-29 02:48:19', NULL),
(81, 55, 10, 'pFM6G8zsuaVWseJeUJfP2mckyV7EwbBfqxqaVZOi.webp', '3NtYSWRjjq1HoWPjbuGUs5SAX9RBWB416EzAv0IR.webp', NULL, NULL, NULL, NULL, '2023-05-29 02:48:57', '2023-05-29 02:48:57', NULL),
(82, 56, 6, 'gDwx9yWUM3bvFX89Fm5p0oO4Kg2M2WR3xiWzyh8S.webp', 'vJITnk6dwmbv2RU6qkZCGUjMInkkBSKkYxF8w9s5.webp', NULL, NULL, NULL, NULL, '2023-05-29 02:51:01', '2023-05-29 02:51:01', NULL),
(83, 57, 1, 'LhDHn99mJYCVqhRWt0Tlas1LsRKZEdfEHEGIvrrC.webp', 'T54B6I7nfkfIkh4b6ldDWoCM8RKrLOSc6hh6P89a.webp', NULL, NULL, NULL, NULL, '2023-05-29 02:51:55', '2023-05-29 02:51:55', NULL),
(84, 58, 11, 'GByt8LRoATgIqwrRssy2g8RqzIQ0GJHkPVCc95Oo.webp', 'lMKj5QlwYTwu7WnrrC3Qvh8gLH6EZdbY4c8fs5fI.webp', NULL, NULL, NULL, NULL, '2023-05-29 02:52:39', '2023-05-29 02:52:39', NULL),
(85, 59, 9, 'mclA9b2oAhWPkylZMpf8m6IAjAJbw4Bmg2mdkthd.webp', 'W5HTXQDbHY997ntJvGxF7lw09evSVCucxMbIRkX2.webp', NULL, NULL, NULL, NULL, '2023-05-29 02:54:13', '2023-05-29 02:54:13', NULL);

-- --------------------------------------------------------

--
-- Cấu trúc bảng cho bảng `productsection`
--

CREATE TABLE `productsection` (
  `ProductSectionId` int(11) NOT NULL,
  `ProId` bigint(20) DEFAULT NULL,
  `SectionId` int(11) DEFAULT NULL,
  `updated_at` timestamp NULL DEFAULT current_timestamp(),
  `created_at` timestamp NULL DEFAULT current_timestamp() ON UPDATE current_timestamp()
) ENGINE=InnoDB DEFAULT CHARSET=utf8 COLLATE=utf8_general_ci;

-- --------------------------------------------------------

--
-- Cấu trúc bảng cho bảng `productsize`
--

CREATE TABLE `productsize` (
  `ProSizeID` bigint(20) NOT NULL,
  `NameSize` varchar(50) DEFAULT NULL,
  `updated_at` timestamp NULL DEFAULT current_timestamp(),
  `created_at` timestamp NULL DEFAULT current_timestamp() ON UPDATE current_timestamp()
) ENGINE=InnoDB DEFAULT CHARSET=utf8 COLLATE=utf8_general_ci;

--
-- Đang đổ dữ liệu cho bảng `productsize`
--

INSERT INTO `productsize` (`ProSizeID`, `NameSize`, `updated_at`, `created_at`) VALUES
(1, 'M', '2023-05-22 08:38:07', '2023-05-22 08:38:07'),
(2, 'L', '2023-05-22 08:38:18', '2023-05-22 08:38:18'),
(3, 'XXL', '2023-05-22 08:38:22', '2023-05-22 08:38:22'),
(4, 'S', '2023-05-28 19:25:04', '2023-05-28 19:25:04'),
(6, 'XL', '2023-05-28 19:25:42', '2023-05-28 19:25:42'),
(7, '29', '2023-05-28 19:26:02', '2023-05-28 19:26:02'),
(8, '30', '2023-05-28 19:26:08', '2023-05-28 19:26:08'),
(9, '31', '2023-05-28 19:26:14', '2023-05-28 19:26:14');

-- --------------------------------------------------------

--
-- Cấu trúc bảng cho bảng `productvariation`
--

CREATE TABLE `productvariation` (
  `ProVariationID` bigint(20) NOT NULL,
  `ProId` bigint(20) DEFAULT NULL,
  `ProSizeID` bigint(20) DEFAULT NULL,
  `ProColorID` bigint(20) DEFAULT NULL,
  `Ordered` int(11) DEFAULT 0,
  `Quantity` int(11) DEFAULT NULL,
  `MinimumQuantity` int(11) NOT NULL DEFAULT 0,
  `Status` bit(1) DEFAULT b'1',
  `DisplayImage` varchar(50) DEFAULT NULL,
  `created_at` timestamp NULL DEFAULT current_timestamp() ON UPDATE current_timestamp(),
  `updated_at` timestamp NULL DEFAULT current_timestamp()
) ENGINE=InnoDB DEFAULT CHARSET=utf8 COLLATE=utf8_general_ci;

--
-- Đang đổ dữ liệu cho bảng `productvariation`
--

INSERT INTO `productvariation` (`ProVariationID`, `ProId`, `ProSizeID`, `ProColorID`, `Ordered`, `Quantity`, `MinimumQuantity`, `Status`, `DisplayImage`, `created_at`, `updated_at`) VALUES
(32, 10, 4, 1, 0, 11, 0, b'1', '3ErBuDXzkPj5cdNPQZs4jixK1y8fkNPvbKzxUacX.webp', '2023-06-01 16:42:50', '2023-06-01 16:42:50'),
(33, 10, 4, 2, 0, 11, 0, b'1', 'wEmHIcRl40hebT922vs0RTYIl1zyhOMU5dmsHRat.webp', '2023-06-01 16:42:50', '2023-06-01 16:42:50'),
(34, 10, 2, 1, 1, 8, 0, b'1', '3ErBuDXzkPj5cdNPQZs4jixK1y8fkNPvbKzxUacX.webp', '2023-06-01 17:30:17', '2023-06-01 17:30:17'),
(35, 10, 2, 2, 0, 10, 0, b'1', 'wEmHIcRl40hebT922vs0RTYIl1zyhOMU5dmsHRat.webp', '2023-06-01 16:42:50', '2023-06-01 16:42:50'),
(36, 10, 6, 1, 0, 5, 0, b'1', '3ErBuDXzkPj5cdNPQZs4jixK1y8fkNPvbKzxUacX.webp', '2023-05-29 03:05:33', '2023-05-29 03:05:33'),
(37, 10, 6, 2, 0, 0, 0, b'1', 'wEmHIcRl40hebT922vs0RTYIl1zyhOMU5dmsHRat.webp', '2023-05-28 19:31:47', '2023-05-28 19:31:47'),
(38, 11, 1, 14, 0, 5, 0, b'1', 'djsvItrhDVFTDMZt8TBdErVI4oQkeY0NFC32nynM.webp', '2023-06-01 17:23:27', '2023-06-01 17:23:27'),
(39, 11, 6, 14, 0, 3, 0, b'1', 'djsvItrhDVFTDMZt8TBdErVI4oQkeY0NFC32nynM.webp', '2023-06-01 17:23:27', '2023-06-01 17:23:27'),
(40, 11, 2, 14, 0, 4, 0, b'1', 'djsvItrhDVFTDMZt8TBdErVI4oQkeY0NFC32nynM.webp', '2023-06-01 17:30:59', '2023-06-01 17:30:59'),
(41, 11, 4, 14, 0, 5, 0, b'1', 'djsvItrhDVFTDMZt8TBdErVI4oQkeY0NFC32nynM.webp', '2023-05-29 03:05:33', '2023-05-29 03:05:33'),
(42, 12, 1, 5, 0, 5, 0, b'1', 'oVG2Sio9xz5PZiLUOOxzr7HP13OGr6N8vKDeJq74.webp', '2023-06-01 16:17:58', '2023-06-01 16:17:58'),
(43, 12, 6, 5, 0, 5, 0, b'1', 'oVG2Sio9xz5PZiLUOOxzr7HP13OGr6N8vKDeJq74.webp', '2023-06-01 16:17:58', '2023-06-01 16:17:58'),
(44, 12, 2, 5, 0, 4, 0, b'1', 'oVG2Sio9xz5PZiLUOOxzr7HP13OGr6N8vKDeJq74.webp', '2023-06-01 16:17:58', '2023-06-01 16:17:58'),
(45, 12, 4, 5, 0, 5, 0, b'1', 'oVG2Sio9xz5PZiLUOOxzr7HP13OGr6N8vKDeJq74.webp', '2023-06-01 16:17:58', '2023-06-01 16:17:58'),
(46, 12, 1, 1, 0, 5, 0, b'1', '6O9xoNi6CGYZfMiRHx26Tb1X5tQ0XXiZSH1scCHd.webp', '2023-05-29 03:05:33', '2023-05-29 03:05:33'),
(47, 12, 6, 1, 2, 4, 0, b'1', '6O9xoNi6CGYZfMiRHx26Tb1X5tQ0XXiZSH1scCHd.webp', '2023-06-01 17:30:59', '2023-06-01 17:30:59'),
(48, 12, 2, 1, 0, 5, 0, b'1', '6O9xoNi6CGYZfMiRHx26Tb1X5tQ0XXiZSH1scCHd.webp', '2023-05-29 03:05:33', '2023-05-29 03:05:33'),
(49, 12, 4, 1, 0, 5, 0, b'1', '6O9xoNi6CGYZfMiRHx26Tb1X5tQ0XXiZSH1scCHd.webp', '2023-05-29 03:05:33', '2023-05-29 03:05:33'),
(50, 12, 1, 2, 0, 5, 0, b'1', '5rlXX5oOuaFiFjzhiK24zl9ZcfWBBy9Igpt8hCzz.webp', '2023-05-29 03:05:33', '2023-05-29 03:05:33'),
(51, 12, 6, 2, 0, 5, 0, b'1', '5rlXX5oOuaFiFjzhiK24zl9ZcfWBBy9Igpt8hCzz.webp', '2023-05-29 03:05:33', '2023-05-29 03:05:33'),
(52, 12, 2, 2, 0, 5, 0, b'1', '5rlXX5oOuaFiFjzhiK24zl9ZcfWBBy9Igpt8hCzz.webp', '2023-05-29 03:05:33', '2023-05-29 03:05:33'),
(53, 12, 4, 2, 0, 5, 0, b'1', '5rlXX5oOuaFiFjzhiK24zl9ZcfWBBy9Igpt8hCzz.webp', '2023-05-29 03:05:33', '2023-05-29 03:05:33'),
(54, 13, 7, 11, 0, 6, 0, b'1', 'FcT2PekdtYRm5Ew2L5xKXq7PX8HYA7H7I80CIrnV.webp', '2023-06-01 16:17:58', '2023-06-01 16:17:58'),
(55, 13, 7, 5, 0, 5, 0, b'1', '2Kv2vSqcd1FHF0CtdS8nP0HFxdjVTFHSkdvcWoMl.webp', '2023-05-29 03:05:33', '2023-05-29 03:05:33'),
(56, 13, 7, 10, 0, 4, 0, b'1', 'xRpX4NMTAkc3ZdNWqC0gCa5hl4N56UXvmeWMbP11.webp', '2023-05-29 03:05:33', '2023-05-29 03:05:33'),
(57, 13, 8, 11, 0, 4, 0, b'1', 'FcT2PekdtYRm5Ew2L5xKXq7PX8HYA7H7I80CIrnV.webp', '2023-06-01 17:23:27', '2023-06-01 17:23:27'),
(58, 13, 8, 5, 0, 5, 0, b'1', '2Kv2vSqcd1FHF0CtdS8nP0HFxdjVTFHSkdvcWoMl.webp', '2023-05-29 03:05:33', '2023-05-29 03:05:33'),
(59, 13, 8, 10, 1, 5, 0, b'1', 'xRpX4NMTAkc3ZdNWqC0gCa5hl4N56UXvmeWMbP11.webp', '2023-06-01 17:10:56', '2023-06-01 17:10:56'),
(60, 13, 9, 11, 0, 4, 0, b'1', 'FcT2PekdtYRm5Ew2L5xKXq7PX8HYA7H7I80CIrnV.webp', '2023-05-29 03:05:33', '2023-05-29 03:05:33'),
(61, 13, 9, 5, 0, 3, 0, b'1', '2Kv2vSqcd1FHF0CtdS8nP0HFxdjVTFHSkdvcWoMl.webp', '2023-06-01 17:37:20', '2023-06-01 17:37:20'),
(62, 13, 9, 10, 0, 4, 0, b'1', 'xRpX4NMTAkc3ZdNWqC0gCa5hl4N56UXvmeWMbP11.webp', '2023-05-29 03:05:33', '2023-05-29 03:05:33'),
(63, 14, 4, 10, 0, 3, 0, b'1', 'CZcfD8yb2CuHlV7wocPRrKnJVTDmO0lXGtZ1w1CO.webp', '2023-06-01 16:17:58', '2023-06-01 16:17:58'),
(64, 14, 4, 5, 0, 4, 0, b'1', '0ATqQ5MdJwhqqJz8vZv1euhnup0wb3aAxr9xIBMH.webp', '2023-05-29 03:05:33', '2023-05-29 03:05:33'),
(65, 14, 4, 11, 0, 4, 0, b'1', 'KjVtNrJTC9t0Pf3VNMf4tGV6CNb1kEhkwZI1ABAp.webp', '2023-05-29 03:05:33', '2023-05-29 03:05:33'),
(66, 14, 1, 10, 0, 3, 0, b'1', 'CZcfD8yb2CuHlV7wocPRrKnJVTDmO0lXGtZ1w1CO.webp', '2023-05-29 03:05:33', '2023-05-29 03:05:33'),
(67, 14, 1, 5, 0, 3, 0, b'1', '0ATqQ5MdJwhqqJz8vZv1euhnup0wb3aAxr9xIBMH.webp', '2023-05-29 03:05:33', '2023-05-29 03:05:33'),
(68, 14, 1, 11, 0, 3, 0, b'1', 'KjVtNrJTC9t0Pf3VNMf4tGV6CNb1kEhkwZI1ABAp.webp', '2023-05-29 03:05:33', '2023-05-29 03:05:33'),
(69, 14, 2, 10, 0, 2, 0, b'1', 'CZcfD8yb2CuHlV7wocPRrKnJVTDmO0lXGtZ1w1CO.webp', '2023-06-01 17:23:24', '2023-06-01 17:23:24'),
(70, 14, 2, 5, 0, 3, 0, b'1', '0ATqQ5MdJwhqqJz8vZv1euhnup0wb3aAxr9xIBMH.webp', '2023-05-29 03:05:33', '2023-05-29 03:05:33'),
(71, 14, 2, 11, 1, 3, 0, b'1', 'KjVtNrJTC9t0Pf3VNMf4tGV6CNb1kEhkwZI1ABAp.webp', '2023-06-01 17:26:37', '2023-06-01 17:26:37'),
(72, 14, 6, 10, 0, 3, 0, b'1', 'CZcfD8yb2CuHlV7wocPRrKnJVTDmO0lXGtZ1w1CO.webp', '2023-05-29 03:05:33', '2023-05-29 03:05:33'),
(73, 14, 6, 5, 0, 3, 0, b'1', '0ATqQ5MdJwhqqJz8vZv1euhnup0wb3aAxr9xIBMH.webp', '2023-05-29 03:05:33', '2023-05-29 03:05:33'),
(74, 14, 6, 11, 0, 3, 0, b'1', 'KjVtNrJTC9t0Pf3VNMf4tGV6CNb1kEhkwZI1ABAp.webp', '2023-05-29 03:05:33', '2023-05-29 03:05:33'),
(75, 15, 9, 1, 0, 4, 0, b'1', 'qOunhLwW2aN06B9v0YCWwdhEC3zf6oFPPs17SwlM.webp', '2023-06-01 16:17:58', '2023-06-01 16:17:58'),
(76, 15, 8, 1, 0, 2, 0, b'1', 'qOunhLwW2aN06B9v0YCWwdhEC3zf6oFPPs17SwlM.webp', '2023-06-01 17:23:24', '2023-06-01 17:23:24'),
(77, 15, 7, 1, 0, 4, 0, b'1', 'qOunhLwW2aN06B9v0YCWwdhEC3zf6oFPPs17SwlM.webp', '2023-06-01 17:30:55', '2023-06-01 17:30:55'),
(78, 16, 6, 5, 0, 6, 0, b'1', 'AWpgrIHQ5rl2RMZTXsEvrleO5QFk5xpLYBA5lZDj.webp', '2023-06-01 16:42:50', '2023-06-01 16:42:50'),
(79, 16, 2, 5, 0, 9, 0, b'1', 'AWpgrIHQ5rl2RMZTXsEvrleO5QFk5xpLYBA5lZDj.webp', '2023-06-01 16:42:50', '2023-06-01 16:42:50'),
(80, 16, 1, 5, 0, 8, 0, b'1', 'AWpgrIHQ5rl2RMZTXsEvrleO5QFk5xpLYBA5lZDj.webp', '2023-06-01 17:30:55', '2023-06-01 17:30:55'),
(81, 17, 7, 5, 0, 4, 0, b'1', 'ozXVvBTGyT9Rwhixxfd3AzRNTJ0FbjH270VkwHi2.webp', '2023-05-29 03:06:58', '2023-05-29 03:06:58'),
(82, 17, 7, 1, 0, 2, 0, b'1', '5Fl9p2lkiZgrBpR0J5jp5hBtiuGKob6Qo1774I07.webp', '2023-06-01 16:17:58', '2023-06-01 16:17:58'),
(83, 17, 8, 5, 1, 4, 0, b'1', 'ozXVvBTGyT9Rwhixxfd3AzRNTJ0FbjH270VkwHi2.webp', '2023-06-01 17:26:37', '2023-06-01 17:26:37'),
(84, 17, 8, 1, 0, 3, 0, b'1', '5Fl9p2lkiZgrBpR0J5jp5hBtiuGKob6Qo1774I07.webp', '2023-06-01 16:17:58', '2023-06-01 16:17:58'),
(85, 17, 9, 5, 0, 3, 0, b'1', 'ozXVvBTGyT9Rwhixxfd3AzRNTJ0FbjH270VkwHi2.webp', '2023-05-29 03:06:58', '2023-05-29 03:06:58'),
(86, 17, 9, 1, 1, 2, 0, b'1', '5Fl9p2lkiZgrBpR0J5jp5hBtiuGKob6Qo1774I07.webp', '2023-06-01 17:37:20', '2023-06-01 17:37:20'),
(87, 18, 4, 5, 0, 14, 0, b'1', 'e8rAQYUi42WdZ7Ki8ExglOloJq2SA4UFOwth2pIC.jpg', '2023-06-01 16:42:50', '2023-06-01 16:42:50'),
(88, 18, 2, 5, 0, 8, 0, b'1', 'e8rAQYUi42WdZ7Ki8ExglOloJq2SA4UFOwth2pIC.jpg', '2023-06-01 16:42:50', '2023-06-01 16:42:50'),
(89, 18, 1, 5, 0, 8, 0, b'1', 'e8rAQYUi42WdZ7Ki8ExglOloJq2SA4UFOwth2pIC.jpg', '2023-06-01 16:42:50', '2023-06-01 16:42:50'),
(90, 19, 4, 10, 0, 6, 0, b'1', 'Iauho5ujG9Clq2RcZaYluV1RyzYhNyKbmI2EeDsj.webp', '2023-05-29 03:07:31', '2023-05-29 03:07:31'),
(91, 19, 2, 10, 0, 4, 0, b'1', 'Iauho5ujG9Clq2RcZaYluV1RyzYhNyKbmI2EeDsj.webp', '2023-05-29 03:07:31', '2023-05-29 03:07:31'),
(92, 19, 1, 10, 0, 4, 0, b'1', 'Iauho5ujG9Clq2RcZaYluV1RyzYhNyKbmI2EeDsj.webp', '2023-05-29 03:07:31', '2023-05-29 03:07:31'),
(93, 20, 4, 1, 0, 5, 0, b'1', 'h4oJwtk6ys01hD3M4ktrO5exlYp1M2eCSdd7yNt2.webp', '2023-05-29 03:08:09', '2023-05-29 03:08:09'),
(94, 20, 2, 1, 0, 4, 0, b'1', 'h4oJwtk6ys01hD3M4ktrO5exlYp1M2eCSdd7yNt2.webp', '2023-05-29 03:08:09', '2023-05-29 03:08:09'),
(95, 20, 1, 1, 0, 4, 0, b'1', 'h4oJwtk6ys01hD3M4ktrO5exlYp1M2eCSdd7yNt2.webp', '2023-05-29 03:08:09', '2023-05-29 03:08:09'),
(96, 21, 4, 6, 0, 4, 0, b'1', 'ezuW63KTkhfutStCAyptFZua87VL6YcbNDfSmFCx.webp', '2023-05-29 03:08:09', '2023-05-29 03:08:09'),
(97, 21, 4, 14, 0, 4, 0, b'1', 'DgtBrSeIYbsLGRS5Hx7VlQpMIfu38GUHCsGX8FDB.webp', '2023-05-29 03:08:09', '2023-05-29 03:08:09'),
(98, 21, 6, 6, 1, 5, 0, b'1', 'ezuW63KTkhfutStCAyptFZua87VL6YcbNDfSmFCx.webp', '2023-06-01 17:28:21', '2023-06-01 17:28:21'),
(99, 21, 6, 14, 0, 4, 0, b'1', 'DgtBrSeIYbsLGRS5Hx7VlQpMIfu38GUHCsGX8FDB.webp', '2023-05-29 03:08:09', '2023-05-29 03:08:09'),
(100, 21, 3, 6, 0, 6, 0, b'1', 'ezuW63KTkhfutStCAyptFZua87VL6YcbNDfSmFCx.webp', '2023-05-29 03:08:09', '2023-05-29 03:08:09'),
(101, 21, 3, 14, 0, 4, 0, b'1', 'DgtBrSeIYbsLGRS5Hx7VlQpMIfu38GUHCsGX8FDB.webp', '2023-05-29 03:08:09', '2023-05-29 03:08:09'),
(102, 22, 4, 2, 0, 5, 0, b'1', '1jUlSkcaCVd074dvjC9GeSAnWxoGKLBI5p22kXiL.webp', '2023-05-29 03:08:45', '2023-05-29 03:08:45'),
(103, 22, 4, 8, 0, 4, 0, b'1', 'DtZhHktkDPLJL3Ut6KX5UHiIqNvQuC7cRC4XZl9m.webp', '2023-05-29 03:08:45', '2023-05-29 03:08:45'),
(104, 22, 1, 2, 0, 3, 0, b'1', '1jUlSkcaCVd074dvjC9GeSAnWxoGKLBI5p22kXiL.webp', '2023-05-29 03:08:45', '2023-05-29 03:08:45'),
(105, 22, 1, 8, 0, 4, 0, b'1', 'DtZhHktkDPLJL3Ut6KX5UHiIqNvQuC7cRC4XZl9m.webp', '2023-05-29 03:08:45', '2023-05-29 03:08:45'),
(106, 22, 2, 2, 0, 4, 0, b'1', '1jUlSkcaCVd074dvjC9GeSAnWxoGKLBI5p22kXiL.webp', '2023-05-29 03:08:45', '2023-05-29 03:08:45'),
(107, 22, 2, 8, 0, 4, 0, b'1', 'DtZhHktkDPLJL3Ut6KX5UHiIqNvQuC7cRC4XZl9m.webp', '2023-05-29 03:08:45', '2023-05-29 03:08:45'),
(108, 23, 2, 10, 0, 4, 0, b'1', '2aj4yeD6hFl2m3qxBPOP7POp8Pg5pyL5458ci3fp.webp', '2023-05-29 03:09:38', '2023-05-29 03:09:38'),
(109, 23, 1, 10, 0, 4, 0, b'1', '2aj4yeD6hFl2m3qxBPOP7POp8Pg5pyL5458ci3fp.webp', '2023-05-29 03:09:38', '2023-05-29 03:09:38'),
(110, 23, 4, 10, 1, 4, 0, b'1', '2aj4yeD6hFl2m3qxBPOP7POp8Pg5pyL5458ci3fp.webp', '2023-06-01 17:28:21', '2023-06-01 17:28:21'),
(111, 23, 2, 1, 0, 3, 0, b'1', 'tX2wswXCE5oQBpyq9CEPxvsq1EIE5cIHydaIDw9F.webp', '2023-05-29 03:09:38', '2023-05-29 03:09:38'),
(112, 23, 1, 1, 0, 4, 0, b'1', 'tX2wswXCE5oQBpyq9CEPxvsq1EIE5cIHydaIDw9F.webp', '2023-05-29 03:09:38', '2023-05-29 03:09:38'),
(113, 23, 4, 1, 0, 4, 0, b'1', 'tX2wswXCE5oQBpyq9CEPxvsq1EIE5cIHydaIDw9F.webp', '2023-05-29 03:09:38', '2023-05-29 03:09:38'),
(114, 23, 6, 10, 0, 3, 0, b'1', '2aj4yeD6hFl2m3qxBPOP7POp8Pg5pyL5458ci3fp.webp', '2023-05-29 03:09:38', '2023-05-29 03:09:38'),
(115, 23, 6, 1, 0, 3, 0, b'1', 'tX2wswXCE5oQBpyq9CEPxvsq1EIE5cIHydaIDw9F.webp', '2023-05-29 03:09:38', '2023-05-29 03:09:38'),
(116, 24, 6, 2, 0, 7, 0, b'1', 'MJEtlAUJFEBk1nckXOLuCTaan5Wd5Wtb84QwYni3.webp', '2023-05-29 03:10:51', '2023-05-29 03:10:51'),
(117, 24, 2, 2, 0, 4, 0, b'1', 'MJEtlAUJFEBk1nckXOLuCTaan5Wd5Wtb84QwYni3.webp', '2023-05-29 03:10:51', '2023-05-29 03:10:51'),
(118, 24, 1, 2, 0, 4, 0, b'1', 'MJEtlAUJFEBk1nckXOLuCTaan5Wd5Wtb84QwYni3.webp', '2023-05-29 03:10:51', '2023-05-29 03:10:51'),
(119, 24, 4, 2, 1, 3, 0, b'1', 'MJEtlAUJFEBk1nckXOLuCTaan5Wd5Wtb84QwYni3.webp', '2023-06-01 17:28:21', '2023-06-01 17:28:21'),
(120, 24, 6, 1, 0, 4, 0, b'1', 'RXgzButFGWQ0L8piyr3hnAxwzv5jhzPn9CbXgAtr.webp', '2023-05-29 03:10:51', '2023-05-29 03:10:51'),
(121, 24, 2, 1, 0, 3, 0, b'1', 'RXgzButFGWQ0L8piyr3hnAxwzv5jhzPn9CbXgAtr.webp', '2023-05-29 03:10:51', '2023-05-29 03:10:51'),
(122, 24, 1, 1, 0, 4, 0, b'1', 'RXgzButFGWQ0L8piyr3hnAxwzv5jhzPn9CbXgAtr.webp', '2023-05-29 03:10:51', '2023-05-29 03:10:51'),
(123, 24, 4, 1, 0, 5, 0, b'1', 'RXgzButFGWQ0L8piyr3hnAxwzv5jhzPn9CbXgAtr.webp', '2023-05-29 03:10:51', '2023-05-29 03:10:51'),
(124, 25, 6, 10, 0, 5, 0, b'1', 'w1GeKYs5x5THw8TWWJuyElawFPmG2IqS34AsVbZe.webp', '2023-05-29 03:11:25', '2023-05-29 03:11:25'),
(125, 25, 2, 10, 0, 4, 0, b'1', 'w1GeKYs5x5THw8TWWJuyElawFPmG2IqS34AsVbZe.webp', '2023-05-29 03:11:25', '2023-05-29 03:11:25'),
(126, 25, 1, 10, 0, 3, 0, b'1', 'w1GeKYs5x5THw8TWWJuyElawFPmG2IqS34AsVbZe.webp', '2023-05-29 03:11:25', '2023-05-29 03:11:25'),
(127, 25, 4, 10, 0, 3, 0, b'1', 'w1GeKYs5x5THw8TWWJuyElawFPmG2IqS34AsVbZe.webp', '2023-05-29 03:11:25', '2023-05-29 03:11:25'),
(128, 25, 6, 14, 0, 3, 0, b'1', '9mDRI2ddW56UywkrKCpYadUeqic66AbDvzXWS2Rf.webp', '2023-05-29 03:11:25', '2023-05-29 03:11:25'),
(129, 25, 2, 14, 0, 3, 0, b'1', '9mDRI2ddW56UywkrKCpYadUeqic66AbDvzXWS2Rf.webp', '2023-05-29 03:11:25', '2023-05-29 03:11:25'),
(130, 25, 1, 14, 0, 3, 0, b'1', '9mDRI2ddW56UywkrKCpYadUeqic66AbDvzXWS2Rf.webp', '2023-05-29 03:11:25', '2023-05-29 03:11:25'),
(131, 25, 4, 14, 0, 3, 0, b'1', '9mDRI2ddW56UywkrKCpYadUeqic66AbDvzXWS2Rf.webp', '2023-05-29 03:11:25', '2023-05-29 03:11:25'),
(132, 26, 4, 5, 0, 7, 0, b'1', 'F3KUaBDatZW5MVwBitvpsHqiUZPJHL9W4xAxKz99.webp', '2023-05-29 03:11:49', '2023-05-29 03:11:49'),
(133, 26, 4, 7, 0, 5, 0, b'1', 'XIj5B2iiVSGN3UyCwmBuueZyxOKWm0qEzkGgKoau.webp', '2023-05-29 03:11:49', '2023-05-29 03:11:49'),
(134, 26, 1, 5, 0, 4, 0, b'1', 'F3KUaBDatZW5MVwBitvpsHqiUZPJHL9W4xAxKz99.webp', '2023-05-29 03:11:49', '2023-05-29 03:11:49'),
(135, 26, 1, 7, 0, 4, 0, b'1', 'XIj5B2iiVSGN3UyCwmBuueZyxOKWm0qEzkGgKoau.webp', '2023-05-29 03:11:49', '2023-05-29 03:11:49'),
(136, 26, 2, 5, 0, 4, 0, b'1', 'F3KUaBDatZW5MVwBitvpsHqiUZPJHL9W4xAxKz99.webp', '2023-05-29 03:11:49', '2023-05-29 03:11:49'),
(137, 26, 2, 7, 0, 4, 0, b'1', 'XIj5B2iiVSGN3UyCwmBuueZyxOKWm0qEzkGgKoau.webp', '2023-05-29 03:11:49', '2023-05-29 03:11:49'),
(138, 27, 2, 1, 0, 5, 0, b'1', 'spF0ggHwjRKHXbbrga3ZLeUTNvK2OefmEDvJXIQk.webp', '2023-05-29 03:12:14', '2023-05-29 03:12:14'),
(139, 27, 1, 1, 0, 4, 0, b'1', 'spF0ggHwjRKHXbbrga3ZLeUTNvK2OefmEDvJXIQk.webp', '2023-05-29 03:12:14', '2023-05-29 03:12:14'),
(140, 27, 4, 1, 0, 4, 0, b'1', 'spF0ggHwjRKHXbbrga3ZLeUTNvK2OefmEDvJXIQk.webp', '2023-05-29 03:12:14', '2023-05-29 03:12:14'),
(141, 27, 2, 10, 0, 4, 0, b'1', 'at1PfvBinkbxjDu0Q8hBUiUocRYhdy5Xps0ueklr.webp', '2023-05-29 03:12:14', '2023-05-29 03:12:14'),
(142, 27, 1, 10, 0, 4, 0, b'1', 'at1PfvBinkbxjDu0Q8hBUiUocRYhdy5Xps0ueklr.webp', '2023-05-29 03:12:14', '2023-05-29 03:12:14'),
(143, 27, 4, 10, 0, 4, 0, b'1', 'at1PfvBinkbxjDu0Q8hBUiUocRYhdy5Xps0ueklr.webp', '2023-05-29 03:12:14', '2023-05-29 03:12:14'),
(144, 28, 2, 9, 0, 7, 0, b'1', 'BxAJwQJLbfPVYCJv7Q4L378htTRxwqEdEqdAjoL4.webp', '2023-05-29 03:12:59', '2023-05-29 03:12:59'),
(145, 28, 1, 9, 0, 4, 0, b'1', 'BxAJwQJLbfPVYCJv7Q4L378htTRxwqEdEqdAjoL4.webp', '2023-05-29 03:12:59', '2023-05-29 03:12:59'),
(146, 28, 4, 9, 0, 4, 0, b'1', 'BxAJwQJLbfPVYCJv7Q4L378htTRxwqEdEqdAjoL4.webp', '2023-05-29 03:12:59', '2023-05-29 03:12:59'),
(147, 29, 2, 5, 0, 6, 0, b'1', 'B83ZuVHiLGXUdfdhAqiYpmhteG3iw32x0SDgDXy1.webp', '2023-05-29 03:12:59', '2023-05-29 03:12:59'),
(148, 29, 1, 5, 0, 4, 0, b'1', 'B83ZuVHiLGXUdfdhAqiYpmhteG3iw32x0SDgDXy1.webp', '2023-05-29 03:12:59', '2023-05-29 03:12:59'),
(149, 29, 4, 5, 0, 5, 0, b'1', 'B83ZuVHiLGXUdfdhAqiYpmhteG3iw32x0SDgDXy1.webp', '2023-05-29 03:12:59', '2023-05-29 03:12:59'),
(150, 29, 2, 1, 0, 5, 0, b'1', 'WxNpCgWxeoE0vZ2nkV5yaxE8SNsypbwEJJLeG0e4.webp', '2023-05-29 03:12:59', '2023-05-29 03:12:59'),
(151, 29, 1, 1, 0, 5, 0, b'1', 'WxNpCgWxeoE0vZ2nkV5yaxE8SNsypbwEJJLeG0e4.webp', '2023-05-29 03:12:59', '2023-05-29 03:12:59'),
(152, 29, 4, 1, 0, 5, 0, b'1', 'WxNpCgWxeoE0vZ2nkV5yaxE8SNsypbwEJJLeG0e4.webp', '2023-05-29 03:12:59', '2023-05-29 03:12:59'),
(153, 30, 2, 5, 0, 3, 0, b'1', 'irFnVppMec8YIasn6JDjIPKWTNUVYTH2vhKhZwxL.webp', '2023-06-01 17:22:36', '2023-06-01 17:22:36'),
(154, 30, 1, 5, 0, 5, 0, b'1', 'irFnVppMec8YIasn6JDjIPKWTNUVYTH2vhKhZwxL.webp', '2023-05-29 03:13:29', '2023-05-29 03:13:29'),
(155, 30, 4, 5, 0, 5, 0, b'1', 'irFnVppMec8YIasn6JDjIPKWTNUVYTH2vhKhZwxL.webp', '2023-05-29 03:13:29', '2023-05-29 03:13:29'),
(156, 31, 2, 10, 0, 5, 0, b'1', 'wABDWSMB3gZ5YzGJk1AfgXuBgU5OhoozoZvnCHxq.webp', '2023-06-01 16:17:58', '2023-06-01 16:17:58'),
(157, 31, 1, 10, 0, 1, 0, b'1', 'wABDWSMB3gZ5YzGJk1AfgXuBgU5OhoozoZvnCHxq.webp', '2023-06-01 16:11:28', '2023-06-01 11:48:54'),
(158, 31, 4, 10, 0, 5, 0, b'1', 'wABDWSMB3gZ5YzGJk1AfgXuBgU5OhoozoZvnCHxq.webp', '2023-05-29 03:13:29', '2023-05-29 03:13:29'),
(159, 32, 2, 1, 0, 1, 0, b'1', 'QWw4ibTt4qTrnyDjF8pPZ6YD9rZtKy5OMbqwtPzq.webp', '2023-06-01 16:17:58', '2023-06-01 16:17:58'),
(160, 32, 1, 1, 0, 3, 0, b'1', 'QWw4ibTt4qTrnyDjF8pPZ6YD9rZtKy5OMbqwtPzq.webp', '2023-06-01 14:52:11', '2023-06-01 14:52:11'),
(161, 32, 4, 1, 0, 0, 0, b'1', 'QWw4ibTt4qTrnyDjF8pPZ6YD9rZtKy5OMbqwtPzq.webp', '2023-06-01 16:17:58', '2023-06-01 16:17:58'),
(162, 32, 2, 10, 0, 4, 0, b'1', 'y4W3kqkWG7jZrBWHSapPCUCCreE7oU0ToFxgIZnu.webp', '2023-05-29 03:13:47', '2023-05-29 03:13:47'),
(163, 32, 1, 10, 0, 3, 0, b'1', 'y4W3kqkWG7jZrBWHSapPCUCCreE7oU0ToFxgIZnu.webp', '2023-05-29 03:13:47', '2023-05-29 03:13:47'),
(164, 32, 4, 10, 0, 4, 0, b'1', 'y4W3kqkWG7jZrBWHSapPCUCCreE7oU0ToFxgIZnu.webp', '2023-05-29 03:13:47', '2023-05-29 03:13:47'),
(165, 33, 2, 1, 1, 5, 0, b'1', 'VKTP2E4U3MpV0hPxKtpoR1OHqUZgPLgJPUwU8wW0.webp', '2023-06-01 17:12:19', '2023-06-01 17:12:19'),
(166, 33, 1, 1, 1, 4, 0, b'1', 'VKTP2E4U3MpV0hPxKtpoR1OHqUZgPLgJPUwU8wW0.webp', '2023-06-01 17:17:17', '2023-06-01 17:17:17'),
(167, 33, 4, 1, 0, 0, 0, b'1', 'VKTP2E4U3MpV0hPxKtpoR1OHqUZgPLgJPUwU8wW0.webp', '2023-06-01 16:17:58', '2023-06-01 16:17:58'),
(168, 34, 6, 1, 0, 5, 0, b'1', 'nKCVQjc8zeRDzL9LQAbG3I8VsfGC2r3oydUaOKaW.webp', '2023-05-29 03:14:45', '2023-05-29 03:14:45'),
(169, 34, 2, 1, 0, 4, 0, b'1', 'nKCVQjc8zeRDzL9LQAbG3I8VsfGC2r3oydUaOKaW.webp', '2023-06-01 12:02:27', '2023-06-01 12:02:27'),
(170, 34, 1, 1, 1, 4, 0, b'1', 'nKCVQjc8zeRDzL9LQAbG3I8VsfGC2r3oydUaOKaW.webp', '2023-06-01 17:17:17', '2023-06-01 17:17:17'),
(171, 34, 4, 1, 0, 5, 0, b'1', 'nKCVQjc8zeRDzL9LQAbG3I8VsfGC2r3oydUaOKaW.webp', '2023-05-29 03:14:45', '2023-05-29 03:14:45'),
(172, 35, 4, 7, 0, 6, 0, b'1', 'te1mvIGuv3czO53OPvPwEGvTNJttUN37NveAWXRM.webp', '2023-06-01 12:02:27', '2023-06-01 12:02:27'),
(173, 36, 2, 1, 1, 4, 0, b'1', 'omk8EZLl2sgtohaGgJEVJ8WqTFvwD8L8BqVjOquj.webp', '2023-06-01 17:12:19', '2023-06-01 17:12:19'),
(174, 36, 1, 1, 2, 4, 0, b'1', 'omk8EZLl2sgtohaGgJEVJ8WqTFvwD8L8BqVjOquj.webp', '2023-06-01 17:17:17', '2023-06-01 17:17:17'),
(175, 36, 4, 1, 0, 5, 0, b'1', 'omk8EZLl2sgtohaGgJEVJ8WqTFvwD8L8BqVjOquj.webp', '2023-05-29 03:15:19', '2023-05-29 03:15:19'),
(176, 37, 4, 11, 0, 2, 0, b'1', 'phfiwEYGxxcgXeGoA07k4yk3oFmBWZ3z2reX0SWI.webp', '2023-06-01 16:17:58', '2023-06-01 16:17:58'),
(177, 38, 2, 1, 0, 4, 0, b'1', 't2IbDbmSECEqpcmpi9nSpOxQwDHHCIEJNHx3SBuI.webp', '2023-06-01 17:22:36', '2023-06-01 17:22:36'),
(178, 38, 1, 1, 0, 5, 0, b'1', 't2IbDbmSECEqpcmpi9nSpOxQwDHHCIEJNHx3SBuI.webp', '2023-05-29 03:16:15', '2023-05-29 03:16:15'),
(179, 38, 4, 1, 0, 4, 0, b'1', 't2IbDbmSECEqpcmpi9nSpOxQwDHHCIEJNHx3SBuI.webp', '2023-05-29 03:16:15', '2023-05-29 03:16:15'),
(180, 39, 4, 10, 0, 6, 0, b'1', '3uueNWZrUsguAlad31KTmT9Bu63T78U64w5Nv6Kp.webp', '2023-05-29 03:16:15', '2023-05-29 03:16:15'),
(181, 39, 4, 1, 0, 3, 0, b'1', 'juTJBval1StpWYAwtM2c58LGK7hyiupXeXqaxX3o.webp', '2023-05-29 03:16:15', '2023-05-29 03:16:15'),
(182, 39, 1, 10, 0, 3, 0, b'1', '3uueNWZrUsguAlad31KTmT9Bu63T78U64w5Nv6Kp.webp', '2023-05-29 03:16:15', '2023-05-29 03:16:15'),
(183, 39, 1, 1, 0, 3, 0, b'1', 'juTJBval1StpWYAwtM2c58LGK7hyiupXeXqaxX3o.webp', '2023-05-29 03:16:15', '2023-05-29 03:16:15'),
(184, 39, 2, 10, 0, 3, 0, b'1', '3uueNWZrUsguAlad31KTmT9Bu63T78U64w5Nv6Kp.webp', '2023-05-29 03:16:15', '2023-05-29 03:16:15'),
(185, 39, 2, 1, 0, 3, 0, b'1', 'juTJBval1StpWYAwtM2c58LGK7hyiupXeXqaxX3o.webp', '2023-05-29 03:16:15', '2023-05-29 03:16:15'),
(186, 40, 6, 5, 0, 1, 0, b'1', 'f0Oh899Azm1mL3BsiEwi1DRqz9t2MoeD561t3T4u.webp', '2023-06-01 17:15:57', '2023-06-01 17:15:57'),
(187, 40, 1, 5, 0, 1, 0, b'1', 'f0Oh899Azm1mL3BsiEwi1DRqz9t2MoeD561t3T4u.webp', '2023-06-01 17:15:57', '2023-06-01 17:15:57'),
(188, 40, 4, 5, 0, 1, 0, b'1', 'f0Oh899Azm1mL3BsiEwi1DRqz9t2MoeD561t3T4u.webp', '2023-06-01 17:15:57', '2023-06-01 17:15:57'),
(189, 41, 6, 1, 1, 1, 0, b'1', 'jmA2IbBhgBgreQZAz6cq8IC9UlpKWnDClM0AqxMR.webp', '2023-06-01 17:16:17', '2023-06-01 17:16:17'),
(190, 41, 1, 1, 0, 1, 0, b'1', 'jmA2IbBhgBgreQZAz6cq8IC9UlpKWnDClM0AqxMR.webp', '2023-06-01 17:15:57', '2023-06-01 17:15:57'),
(191, 41, 4, 1, 0, 1, 0, b'1', 'jmA2IbBhgBgreQZAz6cq8IC9UlpKWnDClM0AqxMR.webp', '2023-06-01 17:15:57', '2023-06-01 17:15:57'),
(192, 42, 6, 14, 0, 1, 0, b'1', 'BtUKGyp4Q8juxjppW1MU0z8ApXQtdUoW2ee6OwnJ.webp', '2023-06-01 17:15:58', '2023-06-01 17:15:58'),
(193, 42, 1, 14, 0, 1, 0, b'1', 'BtUKGyp4Q8juxjppW1MU0z8ApXQtdUoW2ee6OwnJ.webp', '2023-06-01 17:15:58', '2023-06-01 17:15:58'),
(194, 42, 4, 14, 0, 1, 0, b'1', 'BtUKGyp4Q8juxjppW1MU0z8ApXQtdUoW2ee6OwnJ.webp', '2023-06-01 17:15:58', '2023-06-01 17:15:58'),
(195, 43, 4, 7, 0, 1, 0, b'1', 'CJZHl23nh7p7K6L7tlOGSLX0vX5w2IAx12zgOSqs.webp', '2023-06-01 17:15:57', '2023-06-01 17:15:57'),
(196, 43, 4, 10, 0, 1, 0, b'1', '1jWsQDupLFTMpustgKZyoLkIOyQ3ytSs9yeJbp6Q.webp', '2023-06-01 17:15:57', '2023-06-01 17:15:57'),
(197, 43, 1, 7, 0, 1, 0, b'1', 'CJZHl23nh7p7K6L7tlOGSLX0vX5w2IAx12zgOSqs.webp', '2023-06-01 17:15:57', '2023-06-01 17:15:57'),
(198, 43, 1, 10, 1, 1, 0, b'1', '1jWsQDupLFTMpustgKZyoLkIOyQ3ytSs9yeJbp6Q.webp', '2023-06-01 17:16:17', '2023-06-01 17:16:17'),
(199, 43, 2, 7, 0, 1, 0, b'1', 'CJZHl23nh7p7K6L7tlOGSLX0vX5w2IAx12zgOSqs.webp', '2023-06-01 17:15:57', '2023-06-01 17:15:57'),
(200, 43, 2, 10, 0, 0, 0, b'1', '1jWsQDupLFTMpustgKZyoLkIOyQ3ytSs9yeJbp6Q.webp', '2023-06-01 17:18:18', '2023-06-01 17:18:18'),
(201, 44, 2, 5, 0, 0, 0, b'1', 'hLo1lIq2kx6RMBPI0CslQdW99U0Uc2HV459sWkL3.webp', '2023-06-01 17:30:17', '2023-06-01 17:30:17'),
(202, 44, 1, 5, 0, 1, 0, b'1', 'hLo1lIq2kx6RMBPI0CslQdW99U0Uc2HV459sWkL3.webp', '2023-06-01 17:15:58', '2023-06-01 17:15:58'),
(203, 44, 4, 5, 0, 1, 0, b'1', 'hLo1lIq2kx6RMBPI0CslQdW99U0Uc2HV459sWkL3.webp', '2023-06-01 17:15:58', '2023-06-01 17:15:58'),
(204, 45, 2, 7, 0, 1, 0, b'1', 'Yms6Irw6EjDVzER0YV5eTPq8R6lBdozfUGJpwBcQ.webp', '2023-06-01 17:15:57', '2023-06-01 17:15:57'),
(205, 45, 1, 7, 0, 1, 0, b'1', 'Yms6Irw6EjDVzER0YV5eTPq8R6lBdozfUGJpwBcQ.webp', '2023-06-01 17:15:57', '2023-06-01 17:15:57'),
(206, 45, 4, 7, 0, 1, 0, b'1', 'Yms6Irw6EjDVzER0YV5eTPq8R6lBdozfUGJpwBcQ.webp', '2023-06-01 17:15:57', '2023-06-01 17:15:57'),
(207, 46, 2, 8, 0, 1, 0, b'1', 'i6GPganxBb5yXy57ixmRom2WNXfU7aOoewOxaV8F.webp', '2023-06-01 17:15:58', '2023-06-01 17:15:58'),
(208, 46, 1, 8, 0, 1, 0, b'1', 'i6GPganxBb5yXy57ixmRom2WNXfU7aOoewOxaV8F.webp', '2023-06-01 17:15:58', '2023-06-01 17:15:58'),
(209, 46, 4, 8, 0, 0, 0, b'1', 'i6GPganxBb5yXy57ixmRom2WNXfU7aOoewOxaV8F.webp', '2023-06-01 17:18:18', '2023-06-01 17:18:18'),
(210, 46, 2, 11, 0, 1, 0, b'1', 'mOw64QWoLOfndRYPYMGEdtqTPkJxW6Dz2CFECi3n.webp', '2023-06-01 17:15:58', '2023-06-01 17:15:58'),
(211, 46, 1, 11, 0, 0, 0, b'1', 'mOw64QWoLOfndRYPYMGEdtqTPkJxW6Dz2CFECi3n.webp', '2023-06-01 17:18:18', '2023-06-01 17:18:18'),
(212, 46, 4, 11, 0, 1, 0, b'1', 'mOw64QWoLOfndRYPYMGEdtqTPkJxW6Dz2CFECi3n.webp', '2023-06-01 17:15:58', '2023-06-01 17:15:58'),
(213, 47, 2, 7, 0, 0, 0, b'1', 'teLJLbt5DwAzXixOWShA1IOBzl0JWKFnqDoqOCk0.webp', '2023-05-29 02:41:20', '2023-05-29 02:41:20'),
(214, 47, 1, 7, 0, 0, 0, b'1', 'teLJLbt5DwAzXixOWShA1IOBzl0JWKFnqDoqOCk0.webp', '2023-05-29 02:41:20', '2023-05-29 02:41:20'),
(215, 47, 4, 7, 0, 0, 0, b'1', 'teLJLbt5DwAzXixOWShA1IOBzl0JWKFnqDoqOCk0.webp', '2023-05-29 02:41:20', '2023-05-29 02:41:20'),
(216, 48, 2, 10, 0, 0, 0, b'1', 'RSVdbmeJwIa7zQkdzrNGceXQ3AoerwGePo09yo72.webp', '2023-05-29 02:42:01', '2023-05-29 02:42:01'),
(217, 48, 1, 10, 0, 0, 0, b'1', 'RSVdbmeJwIa7zQkdzrNGceXQ3AoerwGePo09yo72.webp', '2023-05-29 02:42:01', '2023-05-29 02:42:01'),
(218, 48, 4, 10, 0, 0, 0, b'1', 'RSVdbmeJwIa7zQkdzrNGceXQ3AoerwGePo09yo72.webp', '2023-05-29 02:42:01', '2023-05-29 02:42:01'),
(219, 49, 2, 1, 0, 0, 0, b'1', 'iMlVkGYA70CYg0qgYC3U2OtNTk2f8oOvt4UDvOC4.jpg', '2023-05-29 02:43:47', '2023-05-29 02:43:47'),
(220, 49, 1, 1, 0, 0, 0, b'1', 'iMlVkGYA70CYg0qgYC3U2OtNTk2f8oOvt4UDvOC4.jpg', '2023-05-29 02:43:47', '2023-05-29 02:43:47'),
(221, 49, 4, 1, 0, 0, 0, b'1', 'iMlVkGYA70CYg0qgYC3U2OtNTk2f8oOvt4UDvOC4.jpg', '2023-05-29 02:43:47', '2023-05-29 02:43:47'),
(222, 50, 2, 9, 0, 1, 0, b'1', '1GmLCs5zK3zMCgk2MJ9CwUU0ALiTOzvTxy4vsmWS.webp', '2023-06-01 17:13:14', '2023-06-01 17:13:14'),
(223, 50, 1, 9, 1, 1, 0, b'1', '1GmLCs5zK3zMCgk2MJ9CwUU0ALiTOzvTxy4vsmWS.webp', '2023-06-01 17:14:18', '2023-06-01 17:14:18'),
(224, 50, 4, 9, 0, 1, 0, b'1', '1GmLCs5zK3zMCgk2MJ9CwUU0ALiTOzvTxy4vsmWS.webp', '2023-06-01 17:13:14', '2023-06-01 17:13:14'),
(225, 51, 2, 9, 0, 0, 0, b'1', 'GMhiMlbZaZOjGHmc6CkxbRnQH0E7CmbNtIVon02q.webp', '2023-06-01 17:21:10', '2023-06-01 17:21:10'),
(226, 51, 1, 9, 0, 1, 0, b'1', 'GMhiMlbZaZOjGHmc6CkxbRnQH0E7CmbNtIVon02q.webp', '2023-06-01 17:13:14', '2023-06-01 17:13:14'),
(227, 51, 4, 9, 0, 1, 0, b'1', 'GMhiMlbZaZOjGHmc6CkxbRnQH0E7CmbNtIVon02q.webp', '2023-06-01 17:13:14', '2023-06-01 17:13:14'),
(228, 52, 2, 6, 0, 0, 0, b'1', 'Vpz8nD9psgOmjbYlzBe4eLyvmH7gaFZTUvl7tp8q.webp', '2023-06-01 17:21:10', '2023-06-01 17:21:10'),
(229, 52, 1, 6, 0, 1, 0, b'1', 'Vpz8nD9psgOmjbYlzBe4eLyvmH7gaFZTUvl7tp8q.webp', '2023-06-01 17:13:14', '2023-06-01 17:13:14'),
(230, 52, 4, 6, 0, 1, 0, b'1', 'Vpz8nD9psgOmjbYlzBe4eLyvmH7gaFZTUvl7tp8q.webp', '2023-06-01 17:13:14', '2023-06-01 17:13:14'),
(231, 53, 2, 5, 0, 1, 0, b'1', 'CfHtVB3EssJAGkhfupfh68CWfdLX519O048FDk7h.webp', '2023-06-01 17:13:14', '2023-06-01 17:13:14'),
(232, 53, 1, 5, 0, 1, 0, b'1', 'CfHtVB3EssJAGkhfupfh68CWfdLX519O048FDk7h.webp', '2023-06-01 17:13:14', '2023-06-01 17:13:14'),
(233, 53, 4, 5, 0, 1, 0, b'1', 'CfHtVB3EssJAGkhfupfh68CWfdLX519O048FDk7h.webp', '2023-06-01 17:13:14', '2023-06-01 17:13:14'),
(234, 54, 2, 11, 0, 1, 0, b'1', 'FjQ70e6ZARsUVyiPRWKD63NIZNRqsnXjzybJHoO2.webp', '2023-06-01 17:13:14', '2023-06-01 17:13:14'),
(235, 54, 1, 11, 0, 1, 0, b'1', 'FjQ70e6ZARsUVyiPRWKD63NIZNRqsnXjzybJHoO2.webp', '2023-06-01 17:13:14', '2023-06-01 17:13:14'),
(236, 54, 4, 11, 0, 1, 0, b'1', 'FjQ70e6ZARsUVyiPRWKD63NIZNRqsnXjzybJHoO2.webp', '2023-06-01 17:13:14', '2023-06-01 17:13:14'),
(237, 55, 2, 10, 0, 1, 0, b'1', 'pFM6G8zsuaVWseJeUJfP2mckyV7EwbBfqxqaVZOi.webp', '2023-06-01 17:13:14', '2023-06-01 17:13:14'),
(238, 55, 1, 10, 0, 1, 0, b'1', 'pFM6G8zsuaVWseJeUJfP2mckyV7EwbBfqxqaVZOi.webp', '2023-06-01 17:13:14', '2023-06-01 17:13:14'),
(239, 55, 4, 10, 0, 1, 0, b'1', 'pFM6G8zsuaVWseJeUJfP2mckyV7EwbBfqxqaVZOi.webp', '2023-06-01 17:13:14', '2023-06-01 17:13:14'),
(240, 56, 1, 6, 0, 0, 0, b'1', 'gDwx9yWUM3bvFX89Fm5p0oO4Kg2M2WR3xiWzyh8S.webp', '2023-06-01 17:30:17', '2023-06-01 17:30:17'),
(241, 56, 2, 6, 1, 1, 0, b'1', 'gDwx9yWUM3bvFX89Fm5p0oO4Kg2M2WR3xiWzyh8S.webp', '2023-06-01 17:14:18', '2023-06-01 17:14:18'),
(242, 56, 4, 6, 0, 1, 0, b'1', 'gDwx9yWUM3bvFX89Fm5p0oO4Kg2M2WR3xiWzyh8S.webp', '2023-06-01 17:13:14', '2023-06-01 17:13:14'),
(243, 57, 1, 1, 0, 0, 0, b'1', 'LhDHn99mJYCVqhRWt0Tlas1LsRKZEdfEHEGIvrrC.webp', '2023-05-29 02:51:55', '2023-05-29 02:51:55'),
(244, 57, 2, 1, 0, 0, 0, b'1', 'LhDHn99mJYCVqhRWt0Tlas1LsRKZEdfEHEGIvrrC.webp', '2023-05-29 02:51:55', '2023-05-29 02:51:55'),
(245, 57, 4, 1, 0, 0, 0, b'1', 'LhDHn99mJYCVqhRWt0Tlas1LsRKZEdfEHEGIvrrC.webp', '2023-05-29 02:51:55', '2023-05-29 02:51:55'),
(246, 58, 1, 11, 0, 0, 0, b'1', 'GByt8LRoATgIqwrRssy2g8RqzIQ0GJHkPVCc95Oo.webp', '2023-05-29 02:52:39', '2023-05-29 02:52:39'),
(247, 58, 2, 11, 0, 0, 0, b'1', 'GByt8LRoATgIqwrRssy2g8RqzIQ0GJHkPVCc95Oo.webp', '2023-05-29 02:52:39', '2023-05-29 02:52:39'),
(248, 58, 4, 11, 0, 0, 0, b'1', 'GByt8LRoATgIqwrRssy2g8RqzIQ0GJHkPVCc95Oo.webp', '2023-05-29 02:52:39', '2023-05-29 02:52:39'),
(249, 59, 1, 9, 0, 0, 0, b'1', 'mclA9b2oAhWPkylZMpf8m6IAjAJbw4Bmg2mdkthd.webp', '2023-05-29 02:54:13', '2023-05-29 02:54:12'),
(250, 59, 2, 9, 0, 0, 0, b'1', 'mclA9b2oAhWPkylZMpf8m6IAjAJbw4Bmg2mdkthd.webp', '2023-05-29 02:54:13', '2023-05-29 02:54:12'),
(251, 59, 4, 9, 0, 0, 0, b'1', 'mclA9b2oAhWPkylZMpf8m6IAjAJbw4Bmg2mdkthd.webp', '2023-05-29 02:54:13', '2023-05-29 02:54:12');

-- --------------------------------------------------------

--
-- Cấu trúc bảng cho bảng `reportproduct`
--

CREATE TABLE `reportproduct` (
  `ReportProductId` int(11) NOT NULL,
  `ProId` int(11) NOT NULL,
  `ProColorID` int(11) NOT NULL,
  `Revenue` bigint(20) DEFAULT NULL,
  `Profit` bigint(20) DEFAULT NULL,
  `Quantity` int(11) DEFAULT NULL,
  `Date` date DEFAULT NULL,
  `created_at` timestamp NULL DEFAULT current_timestamp() ON UPDATE current_timestamp(),
  `updated_at` timestamp NULL DEFAULT current_timestamp()
) ENGINE=InnoDB DEFAULT CHARSET=utf8mb4 COLLATE=utf8mb4_general_ci;

--
-- Đang đổ dữ liệu cho bảng `reportproduct`
--

INSERT INTO `reportproduct` (`ReportProductId`, `ProId`, `ProColorID`, `Revenue`, `Profit`, `Quantity`, `Date`, `created_at`, `updated_at`) VALUES
(14, 33, 1, 599000, 119000, 1, '2022-06-02', '2023-06-01 17:18:14', '2023-06-01 17:18:14'),
(15, 34, 1, 499000, 119000, 1, '2022-06-02', '2023-06-01 17:18:14', '2023-06-01 17:18:14'),
(16, 36, 1, 299000, 149000, 1, '2022-06-02', '2023-06-01 17:18:14', '2023-06-01 17:18:14'),
(17, 43, 10, 153000, 53000, 1, '2022-06-02', '2023-06-01 17:18:18', '2023-06-01 17:18:18'),
(18, 46, 8, 152150, 82150, 1, '2022-06-02', '2023-06-01 17:18:18', '2023-06-01 17:18:18'),
(19, 46, 11, 152150, 82150, 1, '2022-06-02', '2023-06-01 17:18:18', '2023-06-01 17:18:18'),
(20, 41, 1, 399000, 169000, 1, '2023-02-02', '2023-06-01 17:20:07', '2023-06-01 17:20:07'),
(21, 43, 10, 153000, 53000, 1, '2023-02-02', '2023-06-01 17:20:07', '2023-06-01 17:20:07'),
(22, 50, 9, 339150, 39150, 1, '2023-05-02', '2023-06-01 17:21:06', '2023-06-01 17:21:06'),
(23, 56, 6, 161100, 41100, 1, '2023-05-02', '2023-06-01 17:21:06', '2023-06-01 17:21:06'),
(24, 51, 9, 359100, 59100, 1, '2023-05-02', '2023-06-01 17:21:10', '2023-06-01 17:21:10'),
(25, 52, 6, 84150, 34150, 1, '2023-05-02', '2023-06-01 17:21:10', '2023-06-01 17:21:10'),
(26, 33, 1, 599000, 119000, 1, '2023-01-06', '2023-06-01 17:22:33', '2023-06-01 17:22:33'),
(27, 36, 1, 598000, 298000, 2, '2023-01-06', '2023-06-01 17:22:33', '2023-06-01 17:22:33'),
(28, 30, 5, 358000, 100000, 2, '2023-01-06', '2023-06-01 17:22:36', '2023-06-01 17:22:36'),
(29, 38, 1, 499000, 100000, 1, '2023-01-06', '2023-06-01 17:22:36', '2023-06-01 17:22:36'),
(30, 10, 1, 179100, 29100, 1, '2023-02-06', '2023-06-01 17:23:20', '2023-06-01 17:23:20'),
(31, 12, 1, 448200, 68200, 2, '2023-02-06', '2023-06-01 17:23:20', '2023-06-01 17:23:20'),
(32, 13, 10, 326400, 26400, 1, '2023-02-06', '2023-06-01 17:23:20', '2023-06-01 17:23:20'),
(33, 14, 10, 233750, 3750, 1, '2023-02-06', '2023-06-01 17:23:24', '2023-06-01 17:23:24'),
(34, 15, 1, 559000, 59000, 1, '2023-02-06', '2023-06-01 17:23:24', '2023-06-01 17:23:24'),
(35, 11, 14, 168300, 28300, 2, '2023-02-06', '2023-06-01 17:23:27', '2023-06-01 17:23:27'),
(36, 13, 11, 326400, 26400, 1, '2023-02-06', '2023-06-01 17:23:27', '2023-06-01 17:23:27'),
(37, 21, 6, 254150, 55150, 1, '2023-06-01', '2023-06-01 17:30:12', '2023-06-01 17:30:12'),
(38, 23, 10, 220500, 21500, 1, '2023-06-01', '2023-06-01 17:30:12', '2023-06-01 17:30:12'),
(39, 24, 2, 179100, 59100, 1, '2023-06-01', '2023-06-01 17:30:12', '2023-06-01 17:30:12'),
(40, 10, 1, 179100, 29100, 1, '2023-06-01', '2023-06-01 17:30:17', '2023-06-01 17:30:17'),
(41, 44, 5, 143650, 73650, 1, '2023-06-01', '2023-06-01 17:30:17', '2023-06-01 17:30:17'),
(42, 56, 6, 161100, 41100, 1, '2023-06-01', '2023-06-01 17:30:17', '2023-06-01 17:30:17'),
(43, 14, 11, 233750, 3750, 1, '2023-06-02', '2023-06-01 17:30:52', '2023-06-01 17:30:52'),
(44, 17, 5, 479200, -30800, 1, '2023-06-02', '2023-06-01 17:30:52', '2023-06-01 17:30:52'),
(45, 17, 1, 958400, -61600, 2, '2023-06-02', '2023-06-01 17:37:20', '2023-06-01 17:37:20'),
(46, 15, 1, 559000, 59000, 1, '2023-06-02', '2023-06-01 17:30:55', '2023-06-01 17:30:55'),
(47, 16, 5, 587160, 27160, 1, '2023-06-02', '2023-06-01 17:30:55', '2023-06-01 17:30:55'),
(48, 11, 14, 84150, 14150, 1, '2023-06-02', '2023-06-01 17:30:59', '2023-06-01 17:30:59'),
(49, 12, 1, 224100, 34100, 1, '2023-06-02', '2023-06-01 17:30:59', '2023-06-01 17:30:59'),
(50, 13, 5, 326400, 26400, 1, '2023-06-02', '2023-06-01 17:37:20', '2023-06-01 17:37:20');

-- --------------------------------------------------------

--
-- Cấu trúc bảng cho bảng `roles`
--

CREATE TABLE `roles` (
  `id` bigint(20) UNSIGNED NOT NULL,
  `name` varchar(255) NOT NULL,
  `guard_name` varchar(255) NOT NULL,
  `created_at` timestamp NULL DEFAULT NULL,
  `updated_at` timestamp NULL DEFAULT NULL
) ENGINE=InnoDB DEFAULT CHARSET=utf8mb4 COLLATE=utf8mb4_unicode_ci;

--
-- Đang đổ dữ liệu cho bảng `roles`
--

INSERT INTO `roles` (`id`, `name`, `guard_name`, `created_at`, `updated_at`) VALUES
(1, 'Admin', 'web', '2023-05-27 15:46:31', '2023-05-27 15:46:31'),
(2, 'Nhân viên kho', 'web', '2023-06-01 03:23:35', '2023-06-01 03:23:35'),
(3, 'Nhân viên bán hàng', 'web', '2023-06-01 16:46:40', '2023-06-01 16:46:40'),
(4, 'Editor', 'web', '2023-06-01 16:47:02', '2023-06-01 16:47:02');

-- --------------------------------------------------------

--
-- Cấu trúc bảng cho bảng `role_has_permissions`
--

CREATE TABLE `role_has_permissions` (
  `permission_id` bigint(20) UNSIGNED NOT NULL,
  `role_id` bigint(20) UNSIGNED NOT NULL
) ENGINE=InnoDB DEFAULT CHARSET=utf8mb4 COLLATE=utf8mb4_unicode_ci;

--
-- Đang đổ dữ liệu cho bảng `role_has_permissions`
--

INSERT INTO `role_has_permissions` (`permission_id`, `role_id`) VALUES
(1, 1),
(2, 1),
(3, 1),
(4, 1),
(5, 1),
(6, 1),
(7, 1),
(8, 1),
(9, 1),
(9, 3),
(10, 1),
(10, 3),
(11, 1),
(11, 3),
(12, 1),
(12, 3),
(13, 1),
(13, 2),
(14, 1),
(14, 2),
(15, 1),
(15, 4),
(16, 1),
(16, 2),
(16, 3),
(17, 1),
(17, 3),
(18, 1),
(19, 1),
(20, 1),
(21, 1),
(22, 1),
(22, 3);

-- --------------------------------------------------------

--
-- Cấu trúc bảng cho bảng `section`
--

CREATE TABLE `section` (
  `SectionId` int(11) NOT NULL,
  `Title` varchar(100) DEFAULT NULL,
  `Image1` bit(1) DEFAULT NULL,
  `Image2` bit(1) DEFAULT NULL,
  `Image3` bit(1) DEFAULT NULL,
  `Link1` longtext DEFAULT NULL,
  `Link2` longtext DEFAULT NULL,
  `Link3` longtext DEFAULT NULL,
  `PageId` int(11) DEFAULT NULL,
  `DisplayOrder` int(11) DEFAULT NULL,
  `updated_at` timestamp NULL DEFAULT current_timestamp(),
  `created_at` timestamp NULL DEFAULT current_timestamp() ON UPDATE current_timestamp()
) ENGINE=InnoDB DEFAULT CHARSET=utf8 COLLATE=utf8_general_ci;

-- --------------------------------------------------------

--
-- Cấu trúc bảng cho bảng `slide`
--

CREATE TABLE `slide` (
  `SlideId` int(11) NOT NULL,
  `Image` longtext DEFAULT NULL,
  `Link` longtext DEFAULT NULL,
  `PageId` int(11) DEFAULT NULL,
  `updated_at` timestamp NULL DEFAULT current_timestamp(),
  `created_at` timestamp NULL DEFAULT current_timestamp() ON UPDATE current_timestamp()
) ENGINE=InnoDB DEFAULT CHARSET=utf8 COLLATE=utf8_general_ci;

-- --------------------------------------------------------

--
-- Cấu trúc bảng cho bảng `statistical`
--

CREATE TABLE `statistical` (
  `statisticalId` int(11) NOT NULL,
  `Date` date DEFAULT NULL,
  `Revenue` int(11) DEFAULT NULL,
  `Profit` int(11) DEFAULT NULL,
  `Quantity` int(11) DEFAULT NULL,
  `Total_Order` int(11) DEFAULT NULL,
  `created_at` timestamp NULL DEFAULT current_timestamp() ON UPDATE current_timestamp(),
  `updated_at` timestamp NULL DEFAULT current_timestamp()
) ENGINE=InnoDB DEFAULT CHARSET=utf8 COLLATE=utf8_general_ci;

--
-- Đang đổ dữ liệu cho bảng `statistical`
--

INSERT INTO `statistical` (`statisticalId`, `Date`, `Revenue`, `Profit`, `Quantity`, `Total_Order`, `created_at`, `updated_at`) VALUES
(7, '2022-06-02', 1854300, 604300, 6, 2, '2023-06-01 17:18:18', '2023-06-01 17:18:18'),
(8, '2023-02-02', 552000, 222000, 2, 1, '2023-06-01 17:20:07', '2023-06-01 17:20:07'),
(9, '2023-05-02', 943500, 173500, 4, 2, '2023-06-01 17:21:10', '2023-06-01 17:21:10'),
(10, '2023-01-06', 2054000, 617000, 6, 2, '2023-06-01 17:22:36', '2023-06-01 17:22:36'),
(11, '2023-02-06', 2241150, 241150, 9, 3, '2023-06-01 17:23:27', '2023-06-01 17:23:27'),
(12, '2023-06-01', 1137600, 279600, 6, 2, '2023-06-01 17:30:17', '2023-06-01 17:30:17'),
(13, '2023-06-02', 3452160, 72160, 9, 4, '2023-06-01 17:37:20', '2023-06-01 17:37:20');

-- --------------------------------------------------------

--
-- Cấu trúc bảng cho bảng `statusorder`
--

CREATE TABLE `statusorder` (
  `StatusOrderId` int(11) NOT NULL,
  `Status` varchar(50) DEFAULT NULL
) ENGINE=InnoDB DEFAULT CHARSET=utf8 COLLATE=utf8_general_ci;

--
-- Đang đổ dữ liệu cho bảng `statusorder`
--

INSERT INTO `statusorder` (`StatusOrderId`, `Status`) VALUES
(1, 'Chờ xác nhận'),
(2, 'Đang vận chuyển'),
(3, 'Thành công'),
(4, 'Đã hủy');

-- --------------------------------------------------------

--
-- Cấu trúc bảng cho bảng `sysdiagrams`
--

CREATE TABLE `sysdiagrams` (
  `name` varchar(128) NOT NULL,
  `principal_id` int(11) NOT NULL,
  `diagram_id` int(11) NOT NULL,
  `version` int(11) DEFAULT NULL,
  `definition` longblob DEFAULT NULL
) ENGINE=InnoDB DEFAULT CHARSET=utf8 COLLATE=utf8_general_ci;

--
-- Đang đổ dữ liệu cho bảng `sysdiagrams`
--

INSERT INTO `sysdiagrams` (`name`, `principal_id`, `diagram_id`, `version`, `definition`) VALUES
('Diagram_0', 1, 1, 1, 0xd0cf11e0a1b11ae1000000000000000000000000000000003e000300feff090006000000000000000000000002000000010000000000000000100000f500000001000000feffffff000000000000000002000000fffffffffffffffffffffffffffffffffffffffffffffffffffffffffffffffffffffffffffffffffffffffffffffffffffffffffffffffffffffffffffffffffffffffffffffffffffffffffffffffffffffffffffffffffffffffffffffffffffffffffffffffffffffffffffffffffffffffffffffffffffffffffffffffffffffffffffffffffffffffffffffffffffffffffffffffffffffffffffffffffffffffffffffffffffffffffffffffffffffffffffffffffffffffffffffffffffffffffffffffffffffffffffffffffffffffffffffffffffffffffffffffffffffffffffffffffffffffffffffffffffffffffffffffffffffffffffffffffffffffffffffffffffffffffffffffffffffffffffffffffffffffffffffffffffffffffffffffffffffffffffffffffffffffffffffffffffffffffffffffffffffffffffffffffffffffffffffffffffffffffffffffffffffffffffffffffffffffffffffffffffffffffffffffffffffffffffffffffffffffffffffffffffffffffffffffffffffffffffffffffffffffffffffffffffffffffffffffffffffffffffffffffffffffffdfffffffa000000fdffffff0400000005000000060000000700000008000000090000000a0000000b0000000c0000000d0000000e0000000f000000100000001100000012000000130000001400000015000000160000001700000018000000190000001a0000001b0000001c0000001d0000001e0000001f000000200000002100000022000000230000002400000025000000260000002700000028000000290000002a0000002b0000002c0000002d0000002e0000002f000000300000003100000032000000330000003400000035000000360000003700000038000000390000003a0000003b0000003c0000003d0000003e0000003f000000400000004100000042000000430000004400000045000000460000004700000048000000490000004a0000004b0000004c0000004d0000004e0000004f000000500000005100000052000000530000005400000055000000560000005700000058000000590000005a0000005b0000005c0000005d0000005e0000005f000000600000006100000062000000630000006400000065000000660000006700000068000000690000006a0000006b0000006c0000006d0000006e0000006f000000700000007100000072000000730000007400000075000000760000007700000078000000790000007a0000007b0000007c0000007d0000007e0000007f0000008000000052006f006f007400200045006e00740072007900000000000000000000000000000000000000000000000000000000000000000000000000000000000000000016000500ffffffffffffffff020000000000000000000000000000000000000000000000000000000000000080bcdf6e176ed901f6000000800700000000000044006400730058004d004c00530074007200650061006d00000000000000000000000000000000000000000000000000000000000000000000000000000000001a000201ffffffffffffffffffffffff00000000000000000000000000000000000000000000000000000000000000000000000003000000b8e301000000000053006300680065006d00610020005500440056002000440065006600610075006c00740000000000000000000000000000000000000000000000000000000000260002010100000003000000ffffffff000000000000000000000000000000000000000000000000000000000000000000000000000000001600000000000000440053005200450046002d0053004300480045004d0041002d0043004f004e00540045004e0054005300000000000000000000000000000000000000000000002c000201ffffffff04000000ffffffff00000000000000000000000000000000000000000000000000000000000000000000000001000000f0060000000000008100000082000000830000008400000085000000860000008700000088000000890000008a0000008b0000008c0000008d0000008e0000008f000000900000009100000092000000930000009400000095000000960000009700000098000000990000009a0000009b0000009c0000009d0000009e0000009f000000a0000000a1000000a2000000a3000000a4000000a5000000a6000000a7000000a8000000a9000000aa000000ab000000ac000000ad000000ae000000af000000b0000000b1000000b2000000b3000000b4000000b5000000b6000000b7000000b8000000b9000000ba000000bb000000bc000000bd000000be000000bf000000c0000000c1000000c2000000c3000000c4000000c5000000c6000000c7000000c8000000c9000000ca000000cb000000cc000000cd000000ce000000cf000000d0000000d1000000d2000000d3000000d4000000d5000000d6000000d7000000d8000000d9000000da000000db000000dc000000dd000000de000000df000000e0000000e1000000e2000000e3000000e4000000e5000000e6000000e7000000e8000000e9000000ea000000eb000000ec000000ed000000ee000000ef000000f0000000f1000000f2000000f3000000f4000000fefffffffefffffff7000000f8000000f9000000fefffffffeffffffffffffffffffffffffffffffffffffffffffffff3c6464733e3c6469616772616d20666f6e74636c7369643d227b37374432433932442d373737392d313144382d393037302d3030303635423834304439437d22206d6f75736569636f6e636c7369643d227b30424533353230342d384639312d313143452d394445332d3030414130303442423835317d222064656661756c746c61796f75743d224d534444532e52656374696c696e656172222064656661756c746c696e65726f7574653d224d534444532e52656374696c696e656172222076657273696f6e3d223722206e6578746f626a6563743d22383222207363616c653d22313030222070616765627265616b616e63686f72783d2230222070616765627265616b616e63686f72793d2230222070616765627265616b73697a65783d2230222070616765627265616b73697a65793d223022207363726f6c6c6c6566743d22323232303822207363726f6c6c746f703d223137333834222067726964783d22313530222067726964793d2231353022206d617267696e783d223530303022206d617267696e793d223530303022207a6f6f6d3d2235302220783d2233373733302220793d22313832333022206261636b636f6c6f723d222d32313437343833363433222064656661756c7470657273697374656e63653d223322205072696e74506167654e756d626572734d6f64653d223322205072696e744d617267696e546f703d223022205072696e744d617267696e426f74746f6d3d2236333522205072696e744d617267696e4c6566743d223022205072696e744d617267696e52696768743d223022206d61727175656573656c656374696f6e6d6f64653d223122206d6f757365706f696e7465723d22302220736e6170746f677269643d223122206175746f74797065616e6e6f746174696f6e3d2231222073686f777363726f6c6c626172733d223122207669657770616765627265616b733d22302220646f6e6f74666f726365636f6e6e6563746f7273626568696e647368617065733d2231223e3c666f6e743e3c646473786d6c6f626a65637473747265616d777261707065722062696e6172793d22303030303038303033303030303030303030303230303030222f3e3c2f666f6e743e3c6d6f75736569636f6e3e3c646473786d6c6f626a65637473747265616d777261707065722062696e6172793d2236633734303030303030303030303030222f3e3c2f6d6f75736569636f6e3e3c2f6469616772616d3e3c6c61796f75746d616e616765723e3c646473786d6c6f626a3e3c70726f7065727479206e616d653d227363685f6c6162656c735f76697369626c65222076616c75653d22302220766172747970653d223131222f3e3c2f646473786d6c6f626a3e3c2f6c61796f75746d616e616765723e3c646473636f6e74726f6c20636f6e74726f6c70726f6769643d227b36323341433037352d324337372d343837332d383833442d3933304234333634423442437d2220746f6f6c7469703d2243617465676f727922206c6566743d2232363535302220746f703d22343531353022206c6f676963616c69643d22312220636f6e74726f6c69643d223122206d617374657269643d2230222068696e74313d2230222068696e74323d2230222077696474683d223531383622206865696768743d223337303422206e6f726573697a653d223022206e6f6d6f76653d223022206e6f64656661756c74617474616368706f696e74733d223022206175746f647261673d2230222075736564656661756c7469646473686170653d2230222073656c65637461626c653d2231222073686f7773656c656374696f6e68616e646c65733d22302220616c6c6f776e756467696e673d223122206973616e6e6f746174696f6e3d22302220646f6e746175746f6c61796f75743d2230222067726f7570636f6c6c61707365643d2230222074616273746f703d2231222076697369626c653d22312220736e6170746f677269643d2231223e3c636f6e74726f6c3e3c646473786d6c6f626a65637473747265616d696e6974777261707065722062696e6172793d2232313433333431323038303030303030343231343030303037383065303030303738353633343132303730303030303031343031303030303433303036313030373430303635303036373030366630303732303037393030303030303030303030303030303030303030303030303030303030303030303030303030303030303030303030303030303030303030303030303030303030303030303030303030303030303030303030303030303030303030303030303030303030303030303030303030303030303030303030303030303030303030303030303030303030303030303030303030303030303030303030303030303030303030303030303030303030303030303030303030303030303030303030303030303030303030303030303030303030303030303030303030303030303030303030303030303030303030303030303030303030303030303030303030303030303030303030303030303030303030303030303030303030303030303030303030303030303030303030303030303030303030303030303030303030303030303030303030303030303030303030303030303030303030303030303030303030303030303030303030303030303030303030303030303030303030303030303030303030303030303030303030303030303030303030303030303030303030303030303030303030303030303030303030303030303030303030303030303030303030303030303030303030303030303030313030303030303035303030303030353430303030303032633030303030303263303030303030326330303030303033343030303030303030303030303030303030303030303031353465303030306138313230303030303030303030303032643031303030303037303030303030306330303030303030373030303030303163303130303030306331323030303063343065303030303438303330303030316130343030303064663032303030306438303930303030323730363030303062313033303030303237303630303030636230373030303035353035303030303030303030303030303130303030303034323134303030303738306530303030303030303030303030353030303030303035303030303030303230303030303030323030303030303163303130303030633930393030303030303030303030303031303030303030393232323030303038633034303030303030303030303030303130303030303030313030303030303032303030303030303230303030303031633031303030303063313230303030303130303030303030303030303030303932323230303030383830323030303030303030303030303030303030303030303030303030303030323030303030303032303030303030316330313030303030633132303030303030303030303030303030303030303037323566303030306266316530303030303030303030303030303030303030303064303030303030303430303030303030343030303030303163303130303030306331323030303035343135303030303230306430303030373835363334313230343030303030303561303030303030303130303030303030313030303030303062303030303030303030303030303030313030303030303032303030303030303330303030303030343030303030303035303030303030303630303030303030373030303030303038303030303030303930303030303030613030303030303034303030303030363430303632303036663030303030303039303030303030343330303631303037343030363530303637303036663030373230303739303030303030222f3e3c2f636f6e74726f6c3e3c6c61796f75746f626a6563743e3c646473786d6c6f626a3e3c70726f7065727479206e616d653d224163746976655461626c65566965774d6f6465222076616c75653d22312220766172747970653d2238222f3e3c70726f7065727479206e616d653d225461626c65566965774d6f64653a30222076616c75653d22342c302c3238342c302c343632302c312c333738302c352c323532302220766172747970653d2238222f3e3c70726f7065727479206e616d653d225461626c65566965774d6f64653a31222076616c75653d22322c302c3238342c302c323530352220766172747970653d2238222f3e3c70726f7065727479206e616d653d225461626c65566965774d6f64653a32222076616c75653d22322c302c3238342c302c343632302220766172747970653d2238222f3e3c70726f7065727479206e616d653d225461626c65566965774d6f64653a33222076616c75653d22322c302c3238342c302c343632302220766172747970653d2238222f3e3c70726f7065727479206e616d653d225461626c65566965774d6f64653a34222076616c75653d22342c302c3238342c302c343632302c31322c353436302c31312c333336302220766172747970653d2238222f3e3c2f646473786d6c6f626a3e3c2f6c61796f75746f626a6563743e3c73686170652067726f7570736861706569643d2230222067726f75706e6f64653d2230222f3e3c2f646473636f6e74726f6c3e3c646473636f6e74726f6c20636f6e74726f6c70726f6769643d227b36323341433037352d324337372d343837332d383833442d3933304234333634423442437d2220746f6f6c7469703d2243726564656e7469616c22206c6566743d2232353935302220746f703d22323331303022206c6f676963616c69643d22322220636f6e74726f6c69643d223222206d617374657269643d2230222068696e74313d2230222068696e74323d2230222077696474683d223438313622206865696768743d223334393222206e6f726573697a653d223022206e6f6d6f76653d223022206e6f64656661756c74617474616368706f696e74733d223022206175746f647261673d2230222075736564656661756c7469646473686170653d2230222073656c65637461626c653d2231222073686f7773656c656374696f6e68616e646c65733d22302220616c6c6f776e756467696e673d223122206973616e6e6f746174696f6e3d22302220646f6e746175746f6c61796f75743d2230222067726f7570636f6c6c61707365643d2230222074616273746f703d2231222076697369626c653d22312220736e6170746f677269643d2231223e3c636f6e74726f6c3e3c646473786d6c6f626a65637473747265616d696e6974777261707065722062696e6172793d22323134333334313230383030303030306430313230303030613430643030303037383536333431323037303030303030313430313030303034333030373230303635303036343030363530303665303037343030363930303631303036633030303030303030303030303030303030303030303030303030303030303030303030303030303030303030303030303030303030303030303030303030303030303030303030303030303030303030303030303030303030303030303030303030303030303030303030303030303030303030303030303030303030303030303030303030303030303030303030303030303030303030303030303030303030303030303030303030303030303030303030303030303030303030303030303030303030303030303030303030303030303030303030303030303030303030303030303030303030303030303030303030303030303030303030303030303030303030303030303030303030303030303030303030303030303030303030303030303030303030303030303030303030303030303030303030303030303030303030303030303030303030303030303030303030303030303030303030303030303030303030303030303030303030303030303030303030303030303030303030303030303030303030303030303030303030303030303030303030303030303030303030303030303030303030303030303030303030303030303030303030303030303030303030303130303030303030353030303030303534303030303030326330303030303032633030303030303263303030303030333430303030303030303030303030303030303030303030313534653030303061383132303030303030303030303030326430313030303030373030303030303063303030303030303730303030303031633031303030303063313230303030633430653030303034383033303030303161303430303030646630323030303064383039303030303237303630303030623130333030303032373036303030306362303730303030353530353030303030303030303030303031303030303030643031323030303061343064303030303030303030303030303330303030303030333030303030303032303030303030303230303030303031633031303030306637303830303030303030303030303030313030303030303932323230303030393430383030303030303030303030303033303030303030303330303030303030323030303030303032303030303030316330313030303030633132303030303031303030303030303030303030303039323232303030303838303230303030303030303030303030303030303030303030303030303030303230303030303030323030303030303163303130303030306331323030303030303030303030303030303030303030373235663030303062663165303030303030303030303030303030303030303030643030303030303034303030303030303430303030303031633031303030303063313230303030353431353030303032303064303030303738353633343132303430303030303035653030303030303031303030303030303130303030303030623030303030303030303030303030303130303030303030323030303030303033303030303030303430303030303030353030303030303036303030303030303730303030303030383030303030303039303030303030306130303030303030343030303030303634303036323030366630303030303030623030303030303433303037323030363530303634303036353030366530303734303036393030363130303663303030303030222f3e3c2f636f6e74726f6c3e3c6c61796f75746f626a6563743e3c646473786d6c6f626a3e3c70726f7065727479206e616d653d224163746976655461626c65566965774d6f6465222076616c75653d22312220766172747970653d2238222f3e3c70726f7065727479206e616d653d225461626c65566965774d6f64653a30222076616c75653d22342c302c3238342c302c343632302c312c333738302c352c323532302220766172747970653d2238222f3e3c70726f7065727479206e616d653d225461626c65566965774d6f64653a31222076616c75653d22322c302c3238342c302c323239352220766172747970653d2238222f3e3c70726f7065727479206e616d653d225461626c65566965774d6f64653a32222076616c75653d22322c302c3238342c302c343632302220766172747970653d2238222f3e3c70726f7065727479206e616d653d225461626c65566965774d6f64653a33222076616c75653d22322c302c3238342c302c343632302220766172747970653d2238222f3e3c70726f7065727479206e616d653d225461626c65566965774d6f64653a34222076616c75653d22342c302c3238342c302c343632302c31322c353436302c31312c333336302220766172747970653d2238222f3e3c2f646473786d6c6f626a3e3c2f6c61796f75746f626a6563743e3c73686170652067726f7570736861706569643d2230222067726f75706e6f64653d2230222f3e3c2f646473636f6e74726f6c3e3c646473636f6e74726f6c20636f6e74726f6c70726f6769643d227b36323341433037352d324337372d343837332d383833442d3933304234333634423442437d2220746f6f6c7469703d22437573746f6d657222206c6566743d2236313335302220746f703d22333238353022206c6f676963616c69643d22332220636f6e74726f6c69643d223322206d617374657269643d2230222068696e74313d2230222068696e74323d2230222077696474683d223533343422206865696768743d223532393222206e6f726573697a653d223022206e6f6d6f76653d223022206e6f64656661756c74617474616368706f696e74733d223022206175746f647261673d2230222075736564656661756c7469646473686170653d2230222073656c65637461626c653d2231222073686f7773656c656374696f6e68616e646c65733d22302220616c6c6f776e756467696e673d223122206973616e6e6f746174696f6e3d22302220646f6e746175746f6c61796f75743d2230222067726f7570636f6c6c61707365643d2230222074616273746f703d2231222076697369626c653d22312220736e6170746f677269643d2231223e3c636f6e74726f6c3e3c646473786d6c6f626a65637473747265616d696e6974777261707065722062696e6172793d2232313433333431323038303030303030653031343030303061633134303030303738353633343132303730303030303031343031303030303433303037353030373330303734303036663030366430303635303037323030303030303030303030303030303030303030303030303030303030303030303030303030303030303030303030303030303030303030303030303030303030303030303030303030303030303030303030303030303030303030303030303030303030303030303030303030303030303030303030303030303030303030303030303030303030303030303030303030303030303030303030303030303030303030303030303030303030303030303030303030303030303030303030303030303030303030303030303030303030303030303030303030303030303030303030303030303030303030303030303030303030303030303030303030303030303030303030303030303030303030303030303030303030303030303030303030303030303030303030303030303030303030303030303030303030303030303030303030303030303030303030303030303030303030303030303030303030303030303030303030303030303030303030303030303030303030303030303030303030303030303030303030303030303030303030303030303030303030303030303030303030303030303030303030303030303030303030303030303030303030303030303030303030303030303030313030303030303035303030303030353430303030303032633030303030303263303030303030326330303030303033343030303030303030303030303030303030303030303031353465303030306234313830303030303030303030303032643031303030303061303030303030306330303030303030373030303030303163303130303030306331323030303063343065303030303438303330303030316130343030303064663032303030306438303930303030323730363030303062313033303030303237303630303030636230373030303035353035303030303030303030303030303130303030303065303134303030306163313430303030303030303030303030383030303030303038303030303030303230303030303030323030303030303163303130303030323330613030303030303030303030303031303030303030393232323030303038633034303030303030303030303030303130303030303030313030303030303032303030303030303230303030303031633031303030303063313230303030303130303030303030303030303030303932323230303030383830323030303030303030303030303030303030303030303030303030303030323030303030303032303030303030316330313030303030633132303030303030303030303030303030303030303037323566303030306266316530303030303030303030303030303030303030303064303030303030303430303030303030343030303030303163303130303030306331323030303035343135303030303230306430303030373835363334313230343030303030303561303030303030303130303030303030313030303030303062303030303030303030303030303030313030303030303032303030303030303330303030303030343030303030303035303030303030303630303030303030373030303030303038303030303030303930303030303030613030303030303034303030303030363430303632303036663030303030303039303030303030343330303735303037333030373430303666303036643030363530303732303030303030222f3e3c2f636f6e74726f6c3e3c6c61796f75746f626a6563743e3c646473786d6c6f626a3e3c70726f7065727479206e616d653d224163746976655461626c65566965774d6f6465222076616c75653d22312220766172747970653d2238222f3e3c70726f7065727479206e616d653d225461626c65566965774d6f64653a30222076616c75653d22342c302c3238342c302c343632302c312c333738302c352c323532302220766172747970653d2238222f3e3c70726f7065727479206e616d653d225461626c65566965774d6f64653a31222076616c75653d22322c302c3238342c302c323539352220766172747970653d2238222f3e3c70726f7065727479206e616d653d225461626c65566965774d6f64653a32222076616c75653d22322c302c3238342c302c343632302220766172747970653d2238222f3e3c70726f7065727479206e616d653d225461626c65566965774d6f64653a33222076616c75653d22322c302c3238342c302c343632302220766172747970653d2238222f3e3c70726f7065727479206e616d653d225461626c65566965774d6f64653a34222076616c75653d22342c302c3238342c302c343632302c31322c353436302c31312c333336302220766172747970653d2238222f3e3c2f646473786d6c6f626a3e3c2f6c61796f75746f626a6563743e3c73686170652067726f7570736861706569643d2230222067726f75706e6f64653d2230222f3e3c2f646473636f6e74726f6c3e3c646473636f6e74726f6c20636f6e74726f6c70726f6769643d227b36323341433037352d324337372d343837332d383833442d3933304234333634423442437d2220746f6f6c7469703d22446973636f756e7444657461696c22206c6566743d2233333135302220746f703d22323830353022206c6f676963616c69643d22342220636f6e74726f6c69643d223422206d617374657269643d2230222068696e74313d2230222068696e74323d2230222077696474683d223538343722206865696768743d223437363322206e6f726573697a653d223022206e6f6d6f76653d223022206e6f64656661756c74617474616368706f696e74733d223022206175746f647261673d2230222075736564656661756c7469646473686170653d2230222073656c65637461626c653d2231222073686f7773656c656374696f6e68616e646c65733d22302220616c6c6f776e756467696e673d223122206973616e6e6f746174696f6e3d22302220646f6e746175746f6c61796f75743d2230222067726f7570636f6c6c61707365643d2230222074616273746f703d2231222076697369626c653d22312220736e6170746f677269643d2231223e3c636f6e74726f6c3e3c646473786d6c6f626a65637473747265616d696e6974777261707065722062696e6172793d2232313433333431323038303030303030643731363030303039623132303030303738353633343132303730303030303031343031303030303434303036393030373330303633303036663030373530303665303037343030343430303635303037343030363130303639303036633030303030303030303030303030303030303030303030303030303030303030303030303030303030303030303030303030303030303030303030303030303030303030303030303030303030303030303030303030303030303030303030303030303030303030303030303030303030303030303030303030303030303030303030303030303030303030303030303030303030303030303030303030303030303030303030303030303030303030303030303030303030303030303030303030303030303030303030303030303030303030303030303030303030303030303030303030303030303030303030303030303030303030303030303030303030303030303030303030303030303030303030303030303030303030303030303030303030303030303030303030303030303030303030303030303030303030303030303030303030303030303030303030303030303030303030303030303030303030303030303030303030303030303030303030303030303030303030303030303030303030303030303030303030303030303030303030303030303030303030303030303030303030303030303030303030303030303030313030303030303035303030303030353430303030303032633030303030303263303030303030326330303030303033343030303030303030303030303030303030303030303031353465303030306230313630303030303030303030303032643031303030303039303030303030306330303030303030373030303030303163303130303030306331323030303063343065303030303438303330303030316130343030303064663032303030306438303930303030323730363030303062313033303030303237303630303030636230373030303035353035303030303030303030303030303130303030303064373136303030303962313230303030303030303030303030373030303030303037303030303030303230303030303030323030303030303163303130303030343030623030303030303030303030303031303030303030393232323030303039343038303030303030303030303030303330303030303030333030303030303032303030303030303230303030303031633031303030303063313230303030303130303030303030303030303030303932323230303030383830323030303030303030303030303030303030303030303030303030303030323030303030303032303030303030316330313030303030633132303030303030303030303030303030303030303037323566303030306266316530303030303030303030303030303030303030303064303030303030303430303030303030343030303030303163303130303030306331323030303035343135303030303230306430303030373835363334313230343030303030303636303030303030303130303030303030313030303030303062303030303030303030303030303030313030303030303032303030303030303330303030303030343030303030303035303030303030303630303030303030373030303030303038303030303030303930303030303030613030303030303034303030303030363430303632303036663030303030303066303030303030343430303639303037333030363330303666303037353030366530303734303034343030363530303734303036313030363930303663303030303030222f3e3c2f636f6e74726f6c3e3c6c61796f75746f626a6563743e3c646473786d6c6f626a3e3c70726f7065727479206e616d653d224163746976655461626c65566965774d6f6465222076616c75653d22312220766172747970653d2238222f3e3c70726f7065727479206e616d653d225461626c65566965774d6f64653a30222076616c75653d22342c302c3238342c302c343632302c312c333738302c352c323532302220766172747970653d2238222f3e3c70726f7065727479206e616d653d225461626c65566965774d6f64653a31222076616c75653d22322c302c3238342c302c323838302220766172747970653d2238222f3e3c70726f7065727479206e616d653d225461626c65566965774d6f64653a32222076616c75653d22322c302c3238342c302c343632302220766172747970653d2238222f3e3c70726f7065727479206e616d653d225461626c65566965774d6f64653a33222076616c75653d22322c302c3238342c302c343632302220766172747970653d2238222f3e3c70726f7065727479206e616d653d225461626c65566965774d6f64653a34222076616c75653d22342c302c3238342c302c343632302c31322c353436302c31312c333336302220766172747970653d2238222f3e3c2f646473786d6c6f626a3e3c2f6c61796f75746f626a6563743e3c73686170652067726f7570736861706569643d2230222067726f75706e6f64653d2230222f3e3c2f646473636f6e74726f6c3e3c646473636f6e74726f6c20636f6e74726f6c70726f6769643d227b36323341433037352d324337372d343837332d383833442d3933304234333634423442437d2220746f6f6c7469703d22446973636f756e7450726f6475637422206c6566743d2234323030302220746f703d22323830353022206c6f676963616c69643d22352220636f6e74726f6c69643d223522206d617374657269643d2230222068696e74313d2230222068696e74323d2230222077696474683d223439373422206865696768743d223434393822206e6f726573697a653d223022206e6f6d6f76653d223022206e6f64656661756c74617474616368706f696e74733d223022206175746f647261673d2230222075736564656661756c7469646473686170653d2230222073656c65637461626c653d2231222073686f7773656c656374696f6e68616e646c65733d22302220616c6c6f776e756467696e673d223122206973616e6e6f746174696f6e3d22302220646f6e746175746f6c61796f75743d2230222067726f7570636f6c6c61707365643d2230222074616273746f703d2231222076697369626c653d22312220736e6170746f677269643d2231223e3c636f6e74726f6c3e3c646473786d6c6f626a65637473747265616d696e6974777261707065722062696e6172793d223231343333343132303830303030303036653133303030303932313130303030373835363334313230373030303030303134303130303030343430303639303037333030363330303666303037353030366530303734303035303030373230303666303036343030373530303633303037343030303030303030303030303030303030303030303030303030303030303030303030303030303030303030303030303030303030303030303030303030303030303030303030303030303030303030303030303030303030303030303030303030303030303030303030303030303030303030303030303030303030303030303030303030303030303030303030303030303030303030303030303030303030303030303030303030303030303030303030303030303030303030303030303030303030303030303030303030303030303030303030303030303030303030303030303030303030303030303030303030303030303030303030303030303030303030303030303030303030303030303030303030303030303030303030303030303030303030303030303030303030303030303030303030303030303030303030303030303030303030303030303030303030303030303030303030303030303030303030303030303030303030303030303030303030303030303030303030303030303030303030303030303030303030303030303030303030303030303030303030303030303030303030303030303030303031303030303030303530303030303035343030303030303263303030303030326330303030303032633030303030303334303030303030303030303030303030303030303030303135346530303030613831323030303030303030303030303264303130303030303730303030303030633030303030303037303030303030316330313030303030633132303030306334306530303030343830333030303031613034303030306466303230303030643830393030303032373036303030306231303330303030323730363030303063623037303030303535303530303030303030303030303030313030303030303665313330303030393231313030303030303030303030303034303030303030303430303030303030323030303030303032303030303030316330313030303035313039303030303030303030303030303130303030303039323232303030303863303430303030303030303030303030313030303030303031303030303030303230303030303030323030303030303163303130303030306331323030303030313030303030303030303030303030393232323030303038383032303030303030303030303030303030303030303030303030303030303032303030303030303230303030303031633031303030303063313230303030303030303030303030303030303030303732356630303030626631653030303030303030303030303030303030303030306430303030303030343030303030303034303030303030316330313030303030633132303030303534313530303030323030643030303037383536333431323034303030303030363830303030303030313030303030303031303030303030306230303030303030303030303030303031303030303030303230303030303030333030303030303034303030303030303530303030303030363030303030303037303030303030303830303030303030393030303030303061303030303030303430303030303036343030363230303666303030303030313030303030303034343030363930303733303036333030366630303735303036653030373430303530303037323030366630303634303037353030363330303734303030303030222f3e3c2f636f6e74726f6c3e3c6c61796f75746f626a6563743e3c646473786d6c6f626a3e3c70726f7065727479206e616d653d224163746976655461626c65566965774d6f6465222076616c75653d22312220766172747970653d2238222f3e3c70726f7065727479206e616d653d225461626c65566965774d6f64653a30222076616c75653d22342c302c3238342c302c343632302c312c333738302c352c323532302220766172747970653d2238222f3e3c70726f7065727479206e616d653d225461626c65566965774d6f64653a31222076616c75653d22322c302c3238342c302c323338352220766172747970653d2238222f3e3c70726f7065727479206e616d653d225461626c65566965774d6f64653a32222076616c75653d22322c302c3238342c302c343632302220766172747970653d2238222f3e3c70726f7065727479206e616d653d225461626c65566965774d6f64653a33222076616c75653d22322c302c3238342c302c343632302220766172747970653d2238222f3e3c70726f7065727479206e616d653d225461626c65566965774d6f64653a34222076616c75653d22342c302c3238342c302c343632302c31322c353436302c31312c333336302220766172747970653d2238222f3e3c2f646473786d6c6f626a3e3c2f6c61796f75746f626a6563743e3c73686170652067726f7570736861706569643d2230222067726f75706e6f64653d2230222f3e3c2f646473636f6e74726f6c3e3c646473636f6e74726f6c2073656d616e746963636f6f6b69653d223031303030303030303130303030303036343030363230303666303030303030343630303462303035663030343430303639303037333030363330303666303037353030366530303734303034343030363530303734303036313030363930303663303035663030343430303639303037333030363330303666303037353030366530303734303035303030373230303666303036343030373530303633303037343030303030302220636f6e74726f6c70726f6769643d224d534444532e506f6c796c696e652e3038302e312220746f6f6c7469703d2252656c6174696f6e736869702027464b5f446973636f756e7444657461696c5f446973636f756e7450726f6475637427206265747765656e2027446973636f756e7450726f647563742720616e642027446973636f756e7444657461696c2722206c6566743d2233383639372220746f703d22323934343322206c6f676963616c69643d22362220636f6e74726f6c69643d223622206d617374657269643d2230222068696e74313d2230222068696e74323d2230222077696474683d223336303322206865696768743d2238313522206e6f726573697a653d223022206e6f6d6f76653d223022206e6f64656661756c74617474616368706f696e74733d223122206175746f647261673d2230222075736564656661756c7469646473686170653d2230222073656c65637461626c653d2231222073686f7773656c656374696f6e68616e646c65733d22302220616c6c6f776e756467696e673d223122206973616e6e6f746174696f6e3d22302220646f6e746175746f6c61796f75743d2230222067726f7570636f6c6c61707365643d2230222074616273746f703d2231222076697369626c653d22312220736e6170746f677269643d2230223e3c636f6e74726f6c3e3c646473786d6c6f626a3e3c706f6c796c696e6520656e64747970656473743d22302220656e64747970657372633d2232222075736572636f6c6f723d22313537393033323022206c696e657374796c653d223022206c696e6572656e6465723d22302220637573746f6d656e647479706564737469643d22302220637573746f6d656e647479706573726369643d2230222061646f726e7376697369626c653d2231223e3c61646f726e6d656e742070657263656e74706f733d2234392e393432313037323934343830392220636f6e74726f6c69643d2237222077696474683d223437353822206865696768743d223333312220736964653d223122206265686176696f723d2233222068696d65747269633d223134393922206469737466726f6d6c696e653d22313735222073746172746f626a3d22302220783d2233383131382220793d223330303235222076697369626c653d22302220616c6c6f776f7665726c61703d2231222075736570657263656e743d2231222f3e3c2f706f6c796c696e653e3c2f646473786d6c6f626a3e3c2f636f6e74726f6c3e3c6c61796f75746f626a6563743e3c646473786d6c6f626a2f3e3c2f6c61796f75746f626a6563743e3c636f6e6e6563746f7220736f7572636569643d223522206465737469643d22342220736f75726365617474616368706f696e743d223836222064657374617474616368706f696e743d22393922207365676d656e74656469746d6f64653d2230222062656e64706f696e74656469746d6f64653d2230222062656e64706f696e747669736962696c6974793d2230222072656c6174656469643d223022207669727475616c3d2230223e3c706f696e7420783d2234323030302220793d223239383530222f3e3c706f696e7420783d2233383939372220793d223239383530222f3e3c2f636f6e6e6563746f723e3c2f646473636f6e74726f6c3e3c646473636f6e74726f6c2073656d616e746963636f6f6b69653d22303166363733333862383338313230652220636f6e74726f6c70726f6769643d224d534444532e546578742e3038302e3122206c6566743d2233383131382220746f703d22333030323522206c6f676963616c69643d22372220636f6e74726f6c69643d223722206d617374657269643d2236222068696e74313d2230222068696e74323d2230222077696474683d223437353822206865696768743d2233333122206e6f726573697a653d223122206e6f6d6f76653d223022206e6f64656661756c74617474616368706f696e74733d223122206175746f647261673d2231222075736564656661756c7469646473686170653d2231222073656c65637461626c653d2231222073686f7773656c656374696f6e68616e646c65733d22312220616c6c6f776e756467696e673d223122206973616e6e6f746174696f6e3d22302220646f6e746175746f6c61796f75743d2231222067726f7570636f6c6c61707365643d2230222074616273746f703d2230222076697369626c653d22302220736e6170746f677269643d2230223e3c636f6e74726f6c3e3c646473786d6c6f626a65637473747265616d696e6974777261707065722062696e6172793d223030303230303030393631323030303034623031303030303033303030303030303030303035303030303830303830303030383030313030303030303135303030313030303030303930303139653333303130303036353436313638366636643631323130303436303034623030356630303434303036393030373330303633303036663030373530303665303037343030343430303635303037343030363130303639303036633030356630303434303036393030373330303633303036663030373530303665303037343030353030303732303036663030363430303735303036333030373430303030303030303030222f3e3c2f636f6e74726f6c3e3c6c61796f75746f626a6563743e3c646473786d6c6f626a2f3e3c2f6c61796f75746f626a6563743e3c73686170652067726f7570736861706569643d2230222067726f75706e6f64653d2230222f3e3c2f646473636f6e74726f6c3e3c646473636f6e74726f6c20636f6e74726f6c70726f6769643d227b36323341433037352d324337372d343837332d383833442d3933304234333634423442437d2220746f6f6c7469703d22466565646261636b22206c6566743d2236303630302220746f703d22343033353022206c6f676963616c69643d22382220636f6e74726f6c69643d223822206d617374657269643d2230222068696e74313d2230222068696e74323d2230222077696474683d223438363822206865696768743d223532393122206e6f726573697a653d223022206e6f6d6f76653d223022206e6f64656661756c74617474616368706f696e74733d223022206175746f647261673d2230222075736564656661756c7469646473686170653d2230222073656c65637461626c653d2231222073686f7773656c656374696f6e68616e646c65733d22302220616c6c6f776e756467696e673d223122206973616e6e6f746174696f6e3d22302220646f6e746175746f6c61796f75743d2230222067726f7570636f6c6c61707365643d2230222074616273746f703d2231222076697369626c653d22312220736e6170746f677269643d2231223e3c636f6e74726f6c3e3c646473786d6c6f626a65637473747265616d696e6974777261707065722062696e6172793d2232313433333431323038303030303030303431333030303061623134303030303738353633343132303730303030303031343031303030303436303036353030363530303634303036323030363130303633303036623030303030303030303030303030303030303030303030303030303030303030303030303030303030303030303030303030303030303030303030303030303030303030303030303030303030303030303030303030303030303030303030303030303030303030303030303030303030303030303030303030303030303030303030303030303030303030303030303030303030303030303030303030303030303030303030303030303030303030303030303030303030303030303030303030303030303030303030303030303030303030303030303030303030303030303030303030303030303030303030303030303030303030303030303030303030303030303030303030303030303030303030303030303030303030303030303030303030303030303030303030303030303030303030303030303030303030303030303030303030303030303030303030303030303030303030303030303030303030303030303030303030303030303030303030303030303030303030303030303030303030303030303030303030303030303030303030303030303030303030303030303030303030303030303030303030303030303030303030303030303030303030303030303030303030303030313030303030303035303030303030353430303030303032633030303030303263303030303030326330303030303033343030303030303030303030303030303030303030303031353465303030306234313830303030303030303030303032643031303030303061303030303030306330303030303030373030303030303163303130303030306331323030303063343065303030303438303330303030316130343030303064663032303030306438303930303030323730363030303062313033303030303237303630303030636230373030303035353035303030303030303030303030303130303030303030343133303030306162313430303030303030303030303030383030303030303038303030303030303230303030303030323030303030303163303130303030313530393030303030303030303030303031303030303030393232323030303039343038303030303030303030303030303330303030303030333030303030303032303030303030303230303030303031633031303030303063313230303030303130303030303030303030303030303932323230303030383830323030303030303030303030303030303030303030303030303030303030323030303030303032303030303030316330313030303030633132303030303030303030303030303030303030303037323566303030306266316530303030303030303030303030303030303030303064303030303030303430303030303030343030303030303163303130303030306331323030303035343135303030303230306430303030373835363334313230343030303030303561303030303030303130303030303030313030303030303062303030303030303030303030303030313030303030303032303030303030303330303030303030343030303030303035303030303030303630303030303030373030303030303038303030303030303930303030303030613030303030303034303030303030363430303632303036663030303030303039303030303030343630303635303036353030363430303632303036313030363330303662303030303030222f3e3c2f636f6e74726f6c3e3c6c61796f75746f626a6563743e3c646473786d6c6f626a3e3c70726f7065727479206e616d653d224163746976655461626c65566965774d6f6465222076616c75653d22312220766172747970653d2238222f3e3c70726f7065727479206e616d653d225461626c65566965774d6f64653a30222076616c75653d22342c302c3238342c302c343632302c312c333738302c352c323532302220766172747970653d2238222f3e3c70726f7065727479206e616d653d225461626c65566965774d6f64653a31222076616c75653d22322c302c3238342c302c323332352220766172747970653d2238222f3e3c70726f7065727479206e616d653d225461626c65566965774d6f64653a32222076616c75653d22322c302c3238342c302c343632302220766172747970653d2238222f3e3c70726f7065727479206e616d653d225461626c65566965774d6f64653a33222076616c75653d22322c302c3238342c302c343632302220766172747970653d2238222f3e3c70726f7065727479206e616d653d225461626c65566965774d6f64653a34222076616c75653d22342c302c3238342c302c343632302c31322c353436302c31312c333336302220766172747970653d2238222f3e3c2f646473786d6c6f626a3e3c2f6c61796f75746f626a6563743e3c73686170652067726f7570736861706569643d2230222067726f75706e6f64653d2230222f3e3c2f646473636f6e74726f6c3e3c646473636f6e74726f6c2073656d616e746963636f6f6b69653d2230313030303030303031303030303030363430303632303036663030303030303436303034623030356630303436303036353030363530303634303036323030363130303633303036623030356630303433303037353030373330303734303036663030366430303635303037323030303030302220636f6e74726f6c70726f6769643d224d534444532e506f6c796c696e652e3038302e312220746f6f6c7469703d2252656c6174696f6e736869702027464b5f466565646261636b5f437573746f6d657227206265747765656e2027437573746f6d65722720616e642027466565646261636b2722206c6566743d2236313039332220746f703d22333734343722206c6f676963616c69643d22392220636f6e74726f6c69643d223922206d617374657269643d2230222068696e74313d2230222068696e74323d2230222077696474683d2238313522206865696768743d223336303322206e6f726573697a653d223022206e6f6d6f76653d223022206e6f64656661756c74617474616368706f696e74733d223122206175746f647261673d2230222075736564656661756c7469646473686170653d2230222073656c65637461626c653d2231222073686f7773656c656374696f6e68616e646c65733d22302220616c6c6f776e756467696e673d223122206973616e6e6f746174696f6e3d22302220646f6e746175746f6c61796f75743d2230222067726f7570636f6c6c61707365643d2230222074616273746f703d2231222076697369626c653d22312220736e6170746f677269643d2230223e3c636f6e74726f6c3e3c646473786d6c6f626a3e3c706f6c796c696e6520656e64747970656473743d22302220656e64747970657372633d2232222075736572636f6c6f723d22313537393033323022206c696e657374796c653d223022206c696e6572656e6465723d22302220637573746f6d656e647479706564737469643d22302220637573746f6d656e647479706573726369643d2230222061646f726e7376697369626c653d2231223e3c61646f726e6d656e742070657263656e74706f733d2234392e383538373537303632313436392220636f6e74726f6c69643d223130222077696474683d223332303122206865696768743d223333312220736964653d223022206265686176696f723d2233222068696d65747269633d223131303022206469737466726f6d6c696e653d22313735222073746172746f626a3d22302220783d2235383132342220793d223339303737222076697369626c653d22302220616c6c6f776f7665726c61703d2231222075736570657263656e743d2231222f3e3c2f706f6c796c696e653e3c2f646473786d6c6f626a3e3c2f636f6e74726f6c3e3c6c61796f75746f626a6563743e3c646473786d6c6f626a2f3e3c2f6c61796f75746f626a6563743e3c636f6e6e6563746f7220736f7572636569643d223322206465737469643d22382220736f75726365617474616368706f696e743d2231222064657374617474616368706f696e743d22313022207365676d656e74656469746d6f64653d2230222062656e64706f696e74656469746d6f64653d2230222062656e64706f696e747669736962696c6974793d2230222072656c6174656469643d223022207669727475616c3d2230223e3c706f696e7420783d2236313530302220793d223338313432222f3e3c706f696e7420783d2236313530302220793d223430333530222f3e3c2f636f6e6e6563746f723e3c2f646473636f6e74726f6c3e3c646473636f6e74726f6c2073656d616e746963636f6f6b69653d22303166363733333837383339313230652220636f6e74726f6c70726f6769643d224d534444532e546578742e3038302e3122206c6566743d2235383132342220746f703d22333930373722206c6f676963616c69643d2231302220636f6e74726f6c69643d22313022206d617374657269643d2239222068696e74313d2230222068696e74323d2230222077696474683d223332303122206865696768743d2233333122206e6f726573697a653d223122206e6f6d6f76653d223022206e6f64656661756c74617474616368706f696e74733d223122206175746f647261673d2231222075736564656661756c7469646473686170653d2231222073656c65637461626c653d2231222073686f7773656c656374696f6e68616e646c65733d22312220616c6c6f776e756467696e673d223122206973616e6e6f746174696f6e3d22302220646f6e746175746f6c61796f75743d2231222067726f7570636f6c6c61707365643d2230222074616273746f703d2230222076697369626c653d22302220736e6170746f677269643d2230223e3c636f6e74726f6c3e3c646473786d6c6f626a65637473747265616d696e6974777261707065722062696e6172793d2230303032303030303831306330303030346230313030303030333030303030303030303030353030303038303038303030303830303130303030303031353030303130303030303039303031396533333031303030363534363136383666366436313134303034363030346230303566303034363030363530303635303036343030363230303631303036333030366230303566303034333030373530303733303037343030366630303664303036353030373230303030303030303030222f3e3c2f636f6e74726f6c3e3c6c61796f75746f626a6563743e3c646473786d6c6f626a2f3e3c2f6c61796f75746f626a6563743e3c73686170652067726f7570736861706569643d2230222067726f75706e6f64653d2230222f3e3c2f646473636f6e74726f6c3e3c646473636f6e74726f6c20636f6e74726f6c70726f6769643d227b36323341433037352d324337372d343837332d383833442d3933304234333634423442437d2220746f6f6c7469703d22496d706f727442696c6c22206c6566743d2234383030302220746f703d22323530353022206c6f676963616c69643d2231312220636f6e74726f6c69643d22313122206d617374657269643d2230222068696e74313d2230222068696e74323d2230222077696474683d223530303122206865696768743d223331373522206e6f726573697a653d223022206e6f6d6f76653d223022206e6f64656661756c74617474616368706f696e74733d223022206175746f647261673d2230222075736564656661756c7469646473686170653d2230222073656c65637461626c653d2231222073686f7773656c656374696f6e68616e646c65733d22302220616c6c6f776e756467696e673d223122206973616e6e6f746174696f6e3d22302220646f6e746175746f6c61796f75743d2230222067726f7570636f6c6c61707365643d2230222074616273746f703d2231222076697369626c653d22312220736e6170746f677269643d2231223e3c636f6e74726f6c3e3c646473786d6c6f626a65637473747265616d696e6974777261707065722062696e6172793d22323134333334313230383030303030303839313330303030363730633030303037383536333431323037303030303030313430313030303034393030366430303730303036663030373230303734303034323030363930303663303036633030303030303030303030303030303030303030303030303030303030303030303030303030303030303030303030303030303030303030303030303030303030303030303030303030303030303030303030303030303030303030303030303030303030303030303030303030303030303030303030303030303030303030303030303030303030303030303030303030303030303030303030303030303030303030303030303030303030303030303030303030303030303030303030303030303030303030303030303030303030303030303030303030303030303030303030303030303030303030303030303030303030303030303030303030303030303030303030303030303030303030303030303030303030303030303030303030303030303030303030303030303030303030303030303030303030303030303030303030303030303030303030303030303030303030303030303030303030303030303030303030303030303030303030303030303030303030303030303030303030303030303030303030303030303030303030303030303030303030303030303030303030303030303030303030303030303030303030303030303030303030303030303030303130303030303030353030303030303534303030303030326330303030303032633030303030303263303030303030333430303030303030303030303030303030303030303030313534653030303061383132303030303030303030303030326430313030303030373030303030303063303030303030303730303030303031633031303030303063313230303030633430653030303034383033303030303161303430303030646630323030303064383039303030303237303630303030623130333030303032373036303030306362303730303030353530353030303030303030303030303031303030303030383931333030303036373063303030303030303030303030303430303030303030343030303030303032303030303030303230303030303031633031303030303630303930303030303030303030303030313030303030303932323230303030393030363030303030303030303030303032303030303030303230303030303030323030303030303032303030303030316330313030303030633132303030303031303030303030303030303030303039323232303030303838303230303030303030303030303030303030303030303030303030303030303230303030303030323030303030303163303130303030306331323030303030303030303030303030303030303030373235663030303062663165303030303030303030303030303030303030303030643030303030303034303030303030303430303030303031633031303030303063313230303030353431353030303032303064303030303738353633343132303430303030303035653030303030303031303030303030303130303030303030623030303030303030303030303030303130303030303030323030303030303033303030303030303430303030303030353030303030303036303030303030303730303030303030383030303030303039303030303030306130303030303030343030303030303634303036323030366630303030303030623030303030303439303036643030373030303666303037323030373430303432303036393030366330303663303030303030222f3e3c2f636f6e74726f6c3e3c6c61796f75746f626a6563743e3c646473786d6c6f626a3e3c70726f7065727479206e616d653d224163746976655461626c65566965774d6f6465222076616c75653d22312220766172747970653d2238222f3e3c70726f7065727479206e616d653d225461626c65566965774d6f64653a30222076616c75653d22342c302c3238342c302c343632302c312c333738302c352c323532302220766172747970653d2238222f3e3c70726f7065727479206e616d653d225461626c65566965774d6f64653a31222076616c75653d22322c302c3238342c302c323430302220766172747970653d2238222f3e3c70726f7065727479206e616d653d225461626c65566965774d6f64653a32222076616c75653d22322c302c3238342c302c343632302220766172747970653d2238222f3e3c70726f7065727479206e616d653d225461626c65566965774d6f64653a33222076616c75653d22322c302c3238342c302c343632302220766172747970653d2238222f3e3c70726f7065727479206e616d653d225461626c65566965774d6f64653a34222076616c75653d22342c302c3238342c302c343632302c31322c353436302c31312c333336302220766172747970653d2238222f3e3c2f646473786d6c6f626a3e3c2f6c61796f75746f626a6563743e3c73686170652067726f7570736861706569643d2230222067726f75706e6f64653d2230222f3e3c2f646473636f6e74726f6c3e3c646473636f6e74726f6c20636f6e74726f6c70726f6769643d227b36323341433037352d324337372d343837332d383833442d3933304234333634423442437d2220746f6f6c7469703d22496d706f727442696c6c44657461696c22206c6566743d2234373835302220746f703d22333238353022206c6f676963616c69643d2231322220636f6e74726f6c69643d22313222206d617374657269643d2230222068696e74313d2230222068696e74323d2230222077696474683d223437383922206865696768743d223331373522206e6f726573697a653d223022206e6f6d6f76653d223022206e6f64656661756c74617474616368706f696e74733d223022206175746f647261673d2230222075736564656661756c7469646473686170653d2230222073656c65637461626c653d2231222073686f7773656c656374696f6e68616e646c65733d22302220616c6c6f776e756467696e673d223122206973616e6e6f746174696f6e3d22302220646f6e746175746f6c61796f75743d2230222067726f7570636f6c6c61707365643d2230222074616273746f703d2231222076697369626c653d22312220736e6170746f677269643d2231223e3c636f6e74726f6c3e3c646473786d6c6f626a65637473747265616d696e6974777261707065722062696e6172793d22323134333334313230383030303030306235313230303030363730633030303037383536333431323037303030303030313430313030303034393030366430303730303036663030373230303734303034323030363930303663303036633030343430303635303037343030363130303639303036633030303030303030303030303030303030303030303030303030303030303030303030303030303030303030303030303030303030303030303030303030303030303030303030303030303030303030303030303030303030303030303030303030303030303030303030303030303030303030303030303030303030303030303030303030303030303030303030303030303030303030303030303030303030303030303030303030303030303030303030303030303030303030303030303030303030303030303030303030303030303030303030303030303030303030303030303030303030303030303030303030303030303030303030303030303030303030303030303030303030303030303030303030303030303030303030303030303030303030303030303030303030303030303030303030303030303030303030303030303030303030303030303030303030303030303030303030303030303030303030303030303030303030303030303030303030303030303030303030303030303030303030303030303030303030303030303030303030303030303030303030303030303030303030303030303130303030303030353030303030303534303030303030326330303030303032633030303030303263303030303030333430303030303030303030303030303030303030303030313534653030303061383132303030303030303030303030326430313030303030373030303030303063303030303030303730303030303031633031303030303063313230303030633430653030303034383033303030303161303430303030646630323030303064383039303030303237303630303030623130333030303032373036303030306362303730303030353530353030303030303030303030303031303030303030623531323030303036373063303030303030303030303030303430303030303030343030303030303032303030303030303230303030303031633031303030306538303830303030303030303030303030313030303030303932323230303030393030363030303030303030303030303032303030303030303230303030303030323030303030303032303030303030316330313030303030633132303030303031303030303030303030303030303039323232303030303838303230303030303030303030303030303030303030303030303030303030303230303030303030323030303030303163303130303030306331323030303030303030303030303030303030303030373235663030303062663165303030303030303030303030303030303030303030643030303030303034303030303030303430303030303031633031303030303063313230303030353431353030303032303064303030303738353633343132303430303030303036613030303030303031303030303030303130303030303030623030303030303030303030303030303130303030303030323030303030303033303030303030303430303030303030353030303030303036303030303030303730303030303030383030303030303039303030303030306130303030303030343030303030303634303036323030366630303030303031313030303030303439303036643030373030303666303037323030373430303432303036393030366330303663303034343030363530303734303036313030363930303663303030303030222f3e3c2f636f6e74726f6c3e3c6c61796f75746f626a6563743e3c646473786d6c6f626a3e3c70726f7065727479206e616d653d224163746976655461626c65566965774d6f6465222076616c75653d22312220766172747970653d2238222f3e3c70726f7065727479206e616d653d225461626c65566965774d6f64653a30222076616c75653d22342c302c3238342c302c343632302c312c333738302c352c323532302220766172747970653d2238222f3e3c70726f7065727479206e616d653d225461626c65566965774d6f64653a31222076616c75653d22322c302c3238342c302c323238302220766172747970653d2238222f3e3c70726f7065727479206e616d653d225461626c65566965774d6f64653a32222076616c75653d22322c302c3238342c302c343632302220766172747970653d2238222f3e3c70726f7065727479206e616d653d225461626c65566965774d6f64653a33222076616c75653d22322c302c3238342c302c343632302220766172747970653d2238222f3e3c70726f7065727479206e616d653d225461626c65566965774d6f64653a34222076616c75653d22342c302c3238342c302c343632302c31322c353436302c31312c333336302220766172747970653d2238222f3e3c2f646473786d6c6f626a3e3c2f6c61796f75746f626a6563743e3c73686170652067726f7570736861706569643d2230222067726f75706e6f64653d2230222f3e3c2f646473636f6e74726f6c3e3c646473636f6e74726f6c2073656d616e746963636f6f6b69653d223031303036323030303130303030303036343030363230303666303030303030343630303462303035663030343930303664303037303030366630303732303037343030343230303639303036633030366330303434303036353030373430303631303036393030366330303566303034393030366430303730303036663030373230303734303034323030363930303663303036633030303030302220636f6e74726f6c70726f6769643d224d534444532e506f6c796c696e652e3038302e312220746f6f6c7469703d2252656c6174696f6e736869702027464b5f496d706f727442696c6c44657461696c5f496d706f727442696c6c27206265747765656e2027496d706f727442696c6c2720616e642027496d706f727442696c6c44657461696c2722206c6566743d2234373734332220746f703d22323735333022206c6f676963616c69643d2231332220636f6e74726f6c69643d22313322206d617374657269643d2230222068696e74313d2230222068696e74323d2230222077696474683d2238313522206865696768743d223630323022206e6f726573697a653d223022206e6f6d6f76653d223022206e6f64656661756c74617474616368706f696e74733d223122206175746f647261673d2230222075736564656661756c7469646473686170653d2230222073656c65637461626c653d2231222073686f7773656c656374696f6e68616e646c65733d22302220616c6c6f776e756467696e673d223122206973616e6e6f746174696f6e3d22302220646f6e746175746f6c61796f75743d2230222067726f7570636f6c6c61707365643d2230222074616273746f703d2231222076697369626c653d22312220736e6170746f677269643d2230223e3c636f6e74726f6c3e3c646473786d6c6f626a3e3c706f6c796c696e6520656e64747970656473743d22302220656e64747970657372633d2232222075736572636f6c6f723d22313537393033323022206c696e657374796c653d223022206c696e6572656e6465723d22302220637573746f6d656e647479706564737469643d22302220637573746f6d656e647479706573726369643d2230222061646f726e7376697369626c653d2231223e3c61646f726e6d656e742070657263656e74706f733d2235302e303036343332353232383335352220636f6e74726f6c69643d223134222077696474683d223430363622206865696768743d223333312220736964653d223022206265686176696f723d2233222068696d65747269633d223233313222206469737466726f6d6c696e653d22313735222073746172746f626a3d22302220783d2234333930392220793d223330333731222076697369626c653d22302220616c6c6f776f7665726c61703d2231222075736570657263656e743d2231222f3e3c2f706f6c796c696e653e3c2f646473786d6c6f626a3e3c2f636f6e74726f6c3e3c6c61796f75746f626a6563743e3c646473786d6c6f626a2f3e3c2f6c61796f75746f626a6563743e3c636f6e6e6563746f7220736f7572636569643d22313122206465737469643d2231322220736f75726365617474616368706f696e743d2231222064657374617474616368706f696e743d223222207365676d656e74656469746d6f64653d2230222062656e64706f696e74656469746d6f64653d2230222062656e64706f696e747669736962696c6974793d2230222072656c6174656469643d223022207669727475616c3d2230223e3c706f696e7420783d2234383135302220793d223238323235222f3e3c706f696e7420783d2234383135302220793d223332383530222f3e3c2f636f6e6e6563746f723e3c2f646473636f6e74726f6c3e3c646473636f6e74726f6c2073656d616e746963636f6f6b69653d22303166363733333837386163653133652220636f6e74726f6c70726f6769643d224d534444532e546578742e3038302e3122206c6566743d2234333930392220746f703d22333033373122206c6f676963616c69643d2231342220636f6e74726f6c69643d22313422206d617374657269643d223133222068696e74313d2230222068696e74323d2230222077696474683d223430363622206865696768743d2233333122206e6f726573697a653d223122206e6f6d6f76653d223022206e6f64656661756c74617474616368706f696e74733d223122206175746f647261673d2231222075736564656661756c7469646473686170653d2231222073656c65637461626c653d2231222073686f7773656c656374696f6e68616e646c65733d22312220616c6c6f776e756467696e673d223122206973616e6e6f746174696f6e3d22302220646f6e746175746f6c61796f75743d2231222067726f7570636f6c6c61707365643d2230222074616273746f703d2230222076697369626c653d22302220736e6170746f677269643d2230223e3c636f6e74726f6c3e3c646473786d6c6f626a65637473747265616d696e6974777261707065722062696e6172793d223030303230303030653230663030303034623031303030303033303030303030303030303035303030303830303830303030383030313030303030303135303030313030303030303930303139653333303130303036353436313638366636643631316530303436303034623030356630303439303036643030373030303666303037323030373430303432303036393030366330303663303034343030363530303734303036313030363930303663303035663030343930303664303037303030366630303732303037343030343230303639303036633030366330303030303030303030222f3e3c2f636f6e74726f6c3e3c6c61796f75746f626a6563743e3c646473786d6c6f626a2f3e3c2f6c61796f75746f626a6563743e3c73686170652067726f7570736861706569643d2230222067726f75706e6f64653d2230222f3e3c2f646473636f6e74726f6c3e3c646473636f6e74726f6c20636f6e74726f6c70726f6769643d227b36323341433037352d324337372d343837332d383833442d3933304234333634423442437d2220746f6f6c7469703d224e657722206c6566743d2234343835302220746f703d22313933353022206c6f676963616c69643d2231352220636f6e74726f6c69643d22313522206d617374657269643d2230222068696e74313d2230222068696e74323d2230222077696474683d223533373122206865696768743d223437363222206e6f726573697a653d223022206e6f6d6f76653d223022206e6f64656661756c74617474616368706f696e74733d223022206175746f647261673d2230222075736564656661756c7469646473686170653d2230222073656c65637461626c653d2231222073686f7773656c656374696f6e68616e646c65733d22302220616c6c6f776e756467696e673d223122206973616e6e6f746174696f6e3d22302220646f6e746175746f6c61796f75743d2230222067726f7570636f6c6c61707365643d2230222074616273746f703d2231222076697369626c653d22312220736e6170746f677269643d2231223e3c636f6e74726f6c3e3c646473786d6c6f626a65637473747265616d696e6974777261707065722062696e6172793d223231343333343132303830303030303066623134303030303961313230303030373835363334313230373030303030303134303130303030346530303635303037373030303030303030303030303030303030303030303030303030303030303030303030303030303030303030303030303030303030303030303030303030303030303030303030303030303030303030303030303030303030303030303030303030303030303030303030303030303030303030303030303030303030303030303030303030303030303030303030303030303030303030303030303030303030303030303030303030303030303030303030303030303030303030303030303030303030303030303030303030303030303030303030303030303030303030303030303030303030303030303030303030303030303030303030303030303030303030303030303030303030303030303030303030303030303030303030303030303030303030303030303030303030303030303030303030303030303030303030303030303030303030303030303030303030303030303030303030303030303030303030303030303030303030303030303030303030303030303030303030303030303030303030303030303030303030303030303030303030303030303030303030303030303030303030303030303030303030303030303030303030303030303030303030303030303030303030303030303030303030303030303030303030303031303030303030303530303030303035343030303030303263303030303030326330303030303032633030303030303334303030303030303030303030303030303030303030303135346530303030623031363030303030303030303030303264303130303030303930303030303030633030303030303037303030303030316330313030303030633132303030306334306530303030343830333030303031613034303030306466303230303030643830393030303032373036303030306231303330303030323730363030303063623037303030303535303530303030303030303030303030313030303030306662313430303030396131323030303030303030303030303037303030303030303730303030303030323030303030303032303030303030316330313030303033323061303030303030303030303030303130303030303039323232303030303930303630303030303030303030303030323030303030303032303030303030303230303030303030323030303030303163303130303030306331323030303030313030303030303030303030303030393232323030303038383032303030303030303030303030303030303030303030303030303030303032303030303030303230303030303031633031303030303063313230303030303030303030303030303030303030303732356630303030626631653030303030303030303030303030303030303030306430303030303030343030303030303034303030303030316330313030303030633132303030303534313530303030323030643030303037383536333431323034303030303030353030303030303030313030303030303031303030303030306230303030303030303030303030303031303030303030303230303030303030333030303030303034303030303030303530303030303030363030303030303037303030303030303830303030303030393030303030303061303030303030303430303030303036343030363230303666303030303030303430303030303034653030363530303737303030303030222f3e3c2f636f6e74726f6c3e3c6c61796f75746f626a6563743e3c646473786d6c6f626a3e3c70726f7065727479206e616d653d224163746976655461626c65566965774d6f6465222076616c75653d22312220766172747970653d2238222f3e3c70726f7065727479206e616d653d225461626c65566965774d6f64653a30222076616c75653d22342c302c3238342c302c343632302c312c333738302c352c323532302220766172747970653d2238222f3e3c70726f7065727479206e616d653d225461626c65566965774d6f64653a31222076616c75653d22322c302c3238342c302c323631302220766172747970653d2238222f3e3c70726f7065727479206e616d653d225461626c65566965774d6f64653a32222076616c75653d22322c302c3238342c302c343632302220766172747970653d2238222f3e3c70726f7065727479206e616d653d225461626c65566965774d6f64653a33222076616c75653d22322c302c3238342c302c343632302220766172747970653d2238222f3e3c70726f7065727479206e616d653d225461626c65566965774d6f64653a34222076616c75653d22342c302c3238342c302c343632302c31322c353436302c31312c333336302220766172747970653d2238222f3e3c2f646473786d6c6f626a3e3c2f6c61796f75746f626a6563743e3c73686170652067726f7570736861706569643d2230222067726f75706e6f64653d2230222f3e3c2f646473636f6e74726f6c3e3c646473636f6e74726f6c20636f6e74726f6c70726f6769643d227b36323341433037352d324337372d343837332d383833442d3933304234333634423442437d2220746f6f6c7469703d224f7264657222206c6566743d2235343135302220746f703d22313938303022206c6f676963616c69643d2231362220636f6e74726f6c69643d22313622206d617374657269643d2230222068696e74313d2230222068696e74323d2230222077696474683d223535353722206865696768743d223834363622206e6f726573697a653d223022206e6f6d6f76653d223022206e6f64656661756c74617474616368706f696e74733d223022206175746f647261673d2230222075736564656661756c7469646473686170653d2230222073656c65637461626c653d2231222073686f7773656c656374696f6e68616e646c65733d22302220616c6c6f776e756467696e673d223122206973616e6e6f746174696f6e3d22302220646f6e746175746f6c61796f75743d2230222067726f7570636f6c6c61707365643d2230222074616273746f703d2231222076697369626c653d22312220736e6170746f677269643d2231223e3c636f6e74726f6c3e3c646473786d6c6f626a65637473747265616d696e6974777261707065722062696e6172793d2232313433333431323038303030303030623531353030303031323231303030303738353633343132303730303030303031343031303030303466303037323030363430303635303037323030303030303030303030303030303030303030303030303030303030303030303030303030303030303030303030303030303030303030303030303030303030303030303030303030303030303030303030303030303030303030303030303030303030303030303030303030303030303030303030303030303030303030303030303030303030303030303030303030303030303030303030303030303030303030303030303030303030303030303030303030303030303030303030303030303030303030303030303030303030303030303030303030303030303030303030303030303030303030303030303030303030303030303030303030303030303030303030303030303030303030303030303030303030303030303030303030303030303030303030303030303030303030303030303030303030303030303030303030303030303030303030303030303030303030303030303030303030303030303030303030303030303030303030303030303030303030303030303030303030303030303030303030303030303030303030303030303030303030303030303030303030303030303030303030303030303030303030303030303030303030303030303030303030303030303030303030303030303030303030313030303030303035303030303030353430303030303032633030303030303263303030303030326330303030303033343030303030303030303030303030303030303030303031353465303030306266316530303030303030303030303032643031303030303064303030303030306330303030303030373030303030303163303130303030306331323030303063343065303030303438303330303030316130343030303064663032303030306438303930303030323730363030303062313033303030303237303630303030636230373030303035353035303030303030303030303030303130303030303062353135303030303132323130303030303030303030303030653030303030303063303030303030303230303030303030323030303030303163303130303030396430383030303030303030303030303031303030303030393232323030303039383061303030303030303030303030303430303030303030343030303030303032303030303030303230303030303031633031303030303063313230303030303130303030303030303030303030303932323230303030383830323030303030303030303030303030303030303030303030303030303030323030303030303032303030303030316330313030303030633132303030303030303030303030303030303030303037323566303030306266316530303030303030303030303030303030303030303064303030303030303430303030303030343030303030303163303130303030306331323030303035343135303030303230306430303030373835363334313230343030303030303534303030303030303130303030303030313030303030303062303030303030303030303030303030313030303030303032303030303030303330303030303030343030303030303035303030303030303630303030303030373030303030303038303030303030303930303030303030613030303030303034303030303030363430303632303036663030303030303036303030303030346630303732303036343030363530303732303030303030222f3e3c2f636f6e74726f6c3e3c6c61796f75746f626a6563743e3c646473786d6c6f626a3e3c70726f7065727479206e616d653d224163746976655461626c65566965774d6f6465222076616c75653d22312220766172747970653d2238222f3e3c70726f7065727479206e616d653d225461626c65566965774d6f64653a30222076616c75653d22342c302c3238342c302c343632302c312c333738302c352c323532302220766172747970653d2238222f3e3c70726f7065727479206e616d653d225461626c65566965774d6f64653a31222076616c75653d22322c302c3238342c302c323230352220766172747970653d2238222f3e3c70726f7065727479206e616d653d225461626c65566965774d6f64653a32222076616c75653d22322c302c3238342c302c343632302220766172747970653d2238222f3e3c70726f7065727479206e616d653d225461626c65566965774d6f64653a33222076616c75653d22322c302c3238342c302c343632302220766172747970653d2238222f3e3c70726f7065727479206e616d653d225461626c65566965774d6f64653a34222076616c75653d22342c302c3238342c302c343632302c31322c353436302c31312c333336302220766172747970653d2238222f3e3c2f646473786d6c6f626a3e3c2f6c61796f75746f626a6563743e3c73686170652067726f7570736861706569643d2230222067726f75706e6f64653d2230222f3e3c2f646473636f6e74726f6c3e3c646473636f6e74726f6c2073656d616e746963636f6f6b69653d2230313162353634623031303030303030363430303632303036663030303030303436303034623030356630303466303037323030363430303635303037323030356630303433303037353030373330303734303036663030366430303635303037323030303030302220636f6e74726f6c70726f6769643d224d534444532e506f6c796c696e652e3038302e312220746f6f6c7469703d2252656c6174696f6e736869702027464b5f4f726465725f437573746f6d657227206265747765656e2027437573746f6d65722720616e6420274f726465722722206c6566743d2235393430372220746f703d22323736373122206c6f676963616c69643d2231372220636f6e74726f6c69643d22313722206d617374657269643d2230222068696e74313d2230222068696e74323d2230222077696474683d223235303122206865696768743d223538373522206e6f726573697a653d223022206e6f6d6f76653d223022206e6f64656661756c74617474616368706f696e74733d223122206175746f647261673d2230222075736564656661756c7469646473686170653d2230222073656c65637461626c653d2231222073686f7773656c656374696f6e68616e646c65733d22302220616c6c6f776e756467696e673d223122206973616e6e6f746174696f6e3d22302220646f6e746175746f6c61796f75743d2230222067726f7570636f6c6c61707365643d2230222074616273746f703d2231222076697369626c653d22312220736e6170746f677269643d2230223e3c636f6e74726f6c3e3c646473786d6c6f626a3e3c706f6c796c696e6520656e64747970656473743d22302220656e64747970657372633d2232222075736572636f6c6f723d22313537393033323022206c696e657374796c653d223022206c696e6572656e6465723d22302220637573746f6d656e647479706564737469643d22302220637573746f6d656e647479706573726369643d2230222061646f726e7376697369626c653d2231223e3c61646f726e6d656e742070657263656e74706f733d2235342e353937393633323136323934332220636f6e74726f6c69643d223138222077696474683d223237313022206865696768743d223333312220736964653d223122206265686176696f723d2233222068696d65747269633d223336363522206469737466726f6d6c696e653d22313735222073746172746f626a3d22302220783d2235383637352220793d223239303832222076697369626c653d22302220616c6c6f776f7665726c61703d2231222075736570657263656e743d2231222f3e3c2f706f6c796c696e653e3c2f646473786d6c6f626a3e3c2f636f6e74726f6c3e3c6c61796f75746f626a6563743e3c646473786d6c6f626a2f3e3c2f6c61796f75746f626a6563743e3c636f6e6e6563746f7220736f7572636569643d223322206465737469643d2231362220736f75726365617474616368706f696e743d2230222064657374617474616368706f696e743d2231383122207365676d656e74656469746d6f64653d2230222062656e64706f696e74656469746d6f64653d2230222062656e64706f696e747669736962696c6974793d2230222072656c6174656469643d223022207669727475616c3d2230223e3c706f696e7420783d2236313530302220793d223332383530222f3e3c706f696e7420783d2236313530302220793d223330343630222f3e3c706f696e7420783d2236313536302220793d223330343630222f3e3c706f696e7420783d2236313536302220793d223238303530222f3e3c706f696e7420783d2235393730372220793d223238303530222f3e3c2f636f6e6e6563746f723e3c2f646473636f6e74726f6c3e3c646473636f6e74726f6c2073656d616e746963636f6f6b69653d22303166363733333866386166653133652220636f6e74726f6c70726f6769643d224d534444532e546578742e3038302e3122206c6566743d2235383637352220746f703d22323930383222206c6f676963616c69643d2231382220636f6e74726f6c69643d22313822206d617374657269643d223137222068696e74313d2230222068696e74323d2230222077696474683d223237313022206865696768743d2233333122206e6f726573697a653d223122206e6f6d6f76653d223022206e6f64656661756c74617474616368706f696e74733d223122206175746f647261673d2231222075736564656661756c7469646473686170653d2231222073656c65637461626c653d2231222073686f7773656c656374696f6e68616e646c65733d22312220616c6c6f776e756467696e673d223122206973616e6e6f746174696f6e3d22302220646f6e746175746f6c61796f75743d2231222067726f7570636f6c6c61707365643d2230222074616273746f703d2230222076697369626c653d22302220736e6170746f677269643d2230223e3c636f6e74726f6c3e3c646473786d6c6f626a65637473747265616d696e6974777261707065722062696e6172793d2230303032303030303936306130303030346230313030303030333030303030303030303030353030303038303038303030303830303130303030303031353030303130303030303039303031396533333031303030363534363136383666366436313131303034363030346230303566303034663030373230303634303036353030373230303566303034333030373530303733303037343030366630303664303036353030373230303030303030303030222f3e3c2f636f6e74726f6c3e3c6c61796f75746f626a6563743e3c646473786d6c6f626a2f3e3c2f6c61796f75746f626a6563743e3c73686170652067726f7570736861706569643d2230222067726f75706e6f64653d2230222f3e3c2f646473636f6e74726f6c3e3c646473636f6e74726f6c20636f6e74726f6c70726f6769643d227b36323341433037352d324337372d343837332d383833442d3933304234333634423442437d2220746f6f6c7469703d224f7264657244657461696c22206c6566743d2235343630302220746f703d22333439353022206c6f676963616c69643d2231392220636f6e74726f6c69643d22313922206d617374657269643d2230222068696e74313d2230222068696e74323d2230222077696474683d223531353922206865696768743d223337303422206e6f726573697a653d223022206e6f6d6f76653d223022206e6f64656661756c74617474616368706f696e74733d223022206175746f647261673d2230222075736564656661756c7469646473686170653d2230222073656c65637461626c653d2231222073686f7773656c656374696f6e68616e646c65733d22302220616c6c6f776e756467696e673d223122206973616e6e6f746174696f6e3d22302220646f6e746175746f6c61796f75743d2230222067726f7570636f6c6c61707365643d2230222074616273746f703d2231222076697369626c653d22312220736e6170746f677269643d2231223e3c636f6e74726f6c3e3c646473786d6c6f626a65637473747265616d696e6974777261707065722062696e6172793d2232313433333431323038303030303030323731343030303037383065303030303738353633343132303730303030303031343031303030303466303037323030363430303635303037323030343430303635303037343030363130303639303036633030303030303030303030303030303030303030303030303030303030303030303030303030303030303030303030303030303030303030303030303030303030303030303030303030303030303030303030303030303030303030303030303030303030303030303030303030303030303030303030303030303030303030303030303030303030303030303030303030303030303030303030303030303030303030303030303030303030303030303030303030303030303030303030303030303030303030303030303030303030303030303030303030303030303030303030303030303030303030303030303030303030303030303030303030303030303030303030303030303030303030303030303030303030303030303030303030303030303030303030303030303030303030303030303030303030303030303030303030303030303030303030303030303030303030303030303030303030303030303030303030303030303030303030303030303030303030303030303030303030303030303030303030303030303030303030303030303030303030303030303030303030303030303030303030303030303030303030303030303030303030303030313030303030303035303030303030353430303030303032633030303030303263303030303030326330303030303033343030303030303030303030303030303030303030303031353465303030306138313230303030303030303030303032643031303030303037303030303030306330303030303030373030303030303163303130303030306331323030303063343065303030303438303330303030316130343030303064663032303030306438303930303030323730363030303062313033303030303237303630303030636230373030303035353035303030303030303030303030303130303030303032373134303030303738306530303030303030303030303030353030303030303035303030303030303230303030303030323030303030303163303130303030626130393030303030303030303030303031303030303030393232323030303039303036303030303030303030303030303230303030303030323030303030303032303030303030303230303030303031633031303030303063313230303030303130303030303030303030303030303932323230303030383830323030303030303030303030303030303030303030303030303030303030323030303030303032303030303030316330313030303030633132303030303030303030303030303030303030303037323566303030306266316530303030303030303030303030303030303030303064303030303030303430303030303030343030303030303163303130303030306331323030303035343135303030303230306430303030373835363334313230343030303030303630303030303030303130303030303030313030303030303062303030303030303030303030303030313030303030303032303030303030303330303030303030343030303030303035303030303030303630303030303030373030303030303038303030303030303930303030303030613030303030303034303030303030363430303632303036663030303030303063303030303030346630303732303036343030363530303732303034343030363530303734303036313030363930303663303030303030222f3e3c2f636f6e74726f6c3e3c6c61796f75746f626a6563743e3c646473786d6c6f626a3e3c70726f7065727479206e616d653d224163746976655461626c65566965774d6f6465222076616c75653d22312220766172747970653d2238222f3e3c70726f7065727479206e616d653d225461626c65566965774d6f64653a30222076616c75653d22342c302c3238342c302c343632302c312c333738302c352c323532302220766172747970653d2238222f3e3c70726f7065727479206e616d653d225461626c65566965774d6f64653a31222076616c75653d22322c302c3238342c302c323439302220766172747970653d2238222f3e3c70726f7065727479206e616d653d225461626c65566965774d6f64653a32222076616c75653d22322c302c3238342c302c343632302220766172747970653d2238222f3e3c70726f7065727479206e616d653d225461626c65566965774d6f64653a33222076616c75653d22322c302c3238342c302c343632302220766172747970653d2238222f3e3c70726f7065727479206e616d653d225461626c65566965774d6f64653a34222076616c75653d22342c302c3238342c302c343632302c31322c353436302c31312c333336302220766172747970653d2238222f3e3c2f646473786d6c6f626a3e3c2f6c61796f75746f626a6563743e3c73686170652067726f7570736861706569643d2230222067726f75706e6f64653d2230222f3e3c2f646473636f6e74726f6c3e3c646473636f6e74726f6c2073656d616e746963636f6f6b69653d2230313539646633623031303030303030363430303632303036663030303030303436303034623030356630303466303037323030363430303635303037323030343430303635303037343030363130303639303036633030356630303466303037323030363430303635303037323030303030302220636f6e74726f6c70726f6769643d224d534444532e506f6c796c696e652e3038302e312220746f6f6c7469703d2252656c6174696f6e736869702027464b5f4f7264657244657461696c5f4f7264657227206265747765656e20274f726465722720616e6420274f7264657244657461696c2722206c6566743d2235343334332220746f703d22323735373122206c6f676963616c69643d2232302220636f6e74726f6c69643d22323022206d617374657269643d2230222068696e74313d2230222068696e74323d2230222077696474683d2238313522206865696768743d223830373922206e6f726573697a653d223022206e6f6d6f76653d223022206e6f64656661756c74617474616368706f696e74733d223122206175746f647261673d2230222075736564656661756c7469646473686170653d2230222073656c65637461626c653d2231222073686f7773656c656374696f6e68616e646c65733d22302220616c6c6f776e756467696e673d223122206973616e6e6f746174696f6e3d22302220646f6e746175746f6c61796f75743d2230222067726f7570636f6c6c61707365643d2230222074616273746f703d2231222076697369626c653d22312220736e6170746f677269643d2230223e3c636f6e74726f6c3e3c646473786d6c6f626a3e3c706f6c796c696e6520656e64747970656473743d22302220656e64747970657372633d2232222075736572636f6c6f723d22313537393033323022206c696e657374796c653d223022206c696e6572656e6465723d22302220637573746f6d656e647479706564737469643d22302220637573746f6d656e647479706573726369643d2230222061646f726e7376697369626c653d2231223e3c61646f726e6d656e742070657263656e74706f733d2235302e303132383836353937393338312220636f6e74726f6c69643d223231222077696474683d223239373022206865696768743d223333312220736964653d223022206265686176696f723d2233222068696d65747269633d223333343222206469737466726f6d6c696e653d22313735222073746172746f626a3d22302220783d2235313630352220793d223331343432222076697369626c653d22302220616c6c6f776f7665726c61703d2231222075736570657263656e743d2231222f3e3c2f706f6c796c696e653e3c2f646473786d6c6f626a3e3c2f636f6e74726f6c3e3c6c61796f75746f626a6563743e3c646473786d6c6f626a2f3e3c2f6c61796f75746f626a6563743e3c636f6e6e6563746f7220736f7572636569643d22313622206465737469643d2231392220736f75726365617474616368706f696e743d2237222064657374617474616368706f696e743d223022207365676d656e74656469746d6f64653d2230222062656e64706f696e74656469746d6f64653d2230222062656e64706f696e747669736962696c6974793d2230222072656c6174656469643d223022207669727475616c3d2230223e3c706f696e7420783d2235343735302220793d223238323636222f3e3c706f696e7420783d2235343735302220793d223334393530222f3e3c2f636f6e6e6563746f723e3c2f646473636f6e74726f6c3e3c646473636f6e74726f6c2073656d616e746963636f6f6b69653d22303166363733333833386232653133652220636f6e74726f6c70726f6769643d224d534444532e546578742e3038302e3122206c6566743d2235313630352220746f703d22333134343222206c6f676963616c69643d2232312220636f6e74726f6c69643d22323122206d617374657269643d223230222068696e74313d2230222068696e74323d2230222077696474683d223239373022206865696768743d2233333122206e6f726573697a653d223122206e6f6d6f76653d223022206e6f64656661756c74617474616368706f696e74733d223122206175746f647261673d2231222075736564656661756c7469646473686170653d2231222073656c65637461626c653d2231222073686f7773656c656374696f6e68616e646c65733d22312220616c6c6f776e756467696e673d223122206973616e6e6f746174696f6e3d22302220646f6e746175746f6c61796f75743d2231222067726f7570636f6c6c61707365643d2230222074616273746f703d2230222076697369626c653d22302220736e6170746f677269643d2230223e3c636f6e74726f6c3e3c646473786d6c6f626a65637473747265616d696e6974777261707065722062696e6172793d2230303032303030303961306230303030346230313030303030333030303030303030303030353030303038303038303030303830303130303030303031353030303130303030303039303031396533333031303030363534363136383666366436313134303034363030346230303566303034663030373230303634303036353030373230303434303036353030373430303631303036393030366330303566303034663030373230303634303036353030373230303030303030303030222f3e3c2f636f6e74726f6c3e3c6c61796f75746f626a6563743e3c646473786d6c6f626a2f3e3c2f6c61796f75746f626a6563743e3c73686170652067726f7570736861706569643d2230222067726f75706e6f64653d2230222f3e3c2f646473636f6e74726f6c3e3c646473636f6e74726f6c20636f6e74726f6c70726f6769643d227b36323341433037352d324337372d343837332d383833442d3933304234333634423442437d2220746f6f6c7469703d225061676522206c6566743d2232353530302220746f703d22333435303022206c6f676963616c69643d2232322220636f6e74726f6c69643d22323222206d617374657269643d2230222068696e74313d2230222068696e74323d2230222077696474683d223531333322206865696768743d223238353722206e6f726573697a653d223022206e6f6d6f76653d223022206e6f64656661756c74617474616368706f696e74733d223022206175746f647261673d2230222075736564656661756c7469646473686170653d2230222073656c65637461626c653d2231222073686f7773656c656374696f6e68616e646c65733d22302220616c6c6f776e756467696e673d223122206973616e6e6f746174696f6e3d22302220646f6e746175746f6c61796f75743d2230222067726f7570636f6c6c61707365643d2230222074616273746f703d2231222076697369626c653d22312220736e6170746f677269643d2231223e3c636f6e74726f6c3e3c646473786d6c6f626a65637473747265616d696e6974777261707065722062696e6172793d22323134333334313230383030303030303064313430303030323930623030303037383536333431323037303030303030313430313030303035303030363130303637303036353030303030303030303030303030303030303030303030303030303030303030303030303030303030303030303030303030303030303030303030303030303030303030303030303030303030303030303030303030303030303030303030303030303030303030303030303030303030303030303030303030303030303030303030303030303030303030303030303030303030303030303030303030303030303030303030303030303030303030303030303030303030303030303030303030303030303030303030303030303030303030303030303030303030303030303030303030303030303030303030303030303030303030303030303030303030303030303030303030303030303030303030303030303030303030303030303030303030303030303030303030303030303030303030303030303030303030303030303030303030303030303030303030303030303030303030303030303030303030303030303030303030303030303030303030303030303030303030303030303030303030303030303030303030303030303030303030303030303030303030303030303030303030303030303030303030303030303030303030303030303030303030303030303030303030303030303030303030303030303030303030303130303030303030353030303030303534303030303030326330303030303032633030303030303263303030303030333430303030303030303030303030303030303030303030313534653030303061383132303030303030303030303030326430313030303030373030303030303063303030303030303730303030303031633031303030303063313230303030633430653030303034383033303030303161303430303030646630323030303064383039303030303237303630303030623130333030303032373036303030306362303730303030353530353030303030303030303030303031303030303030306431343030303032393062303030303030303030303030303230303030303030323030303030303032303030303030303230303030303031633031303030306162303930303030303030303030303030313030303030303932323230303030386330343030303030303030303030303031303030303030303130303030303030323030303030303032303030303030316330313030303030633132303030303031303030303030303030303030303039323232303030303838303230303030303030303030303030303030303030303030303030303030303230303030303030323030303030303163303130303030306331323030303030303030303030303030303030303030373235663030303062663165303030303030303030303030303030303030303030643030303030303034303030303030303430303030303031633031303030303063313230303030353431353030303032303064303030303738353633343132303430303030303035323030303030303031303030303030303130303030303030623030303030303030303030303030303130303030303030323030303030303033303030303030303430303030303030353030303030303036303030303030303730303030303030383030303030303039303030303030306130303030303030343030303030303634303036323030366630303030303030353030303030303530303036313030363730303635303030303030222f3e3c2f636f6e74726f6c3e3c6c61796f75746f626a6563743e3c646473786d6c6f626a3e3c70726f7065727479206e616d653d224163746976655461626c65566965774d6f6465222076616c75653d22312220766172747970653d2238222f3e3c70726f7065727479206e616d653d225461626c65566965774d6f64653a30222076616c75653d22342c302c3238342c302c343632302c312c333738302c352c323532302220766172747970653d2238222f3e3c70726f7065727479206e616d653d225461626c65566965774d6f64653a31222076616c75653d22322c302c3238342c302c323437352220766172747970653d2238222f3e3c70726f7065727479206e616d653d225461626c65566965774d6f64653a32222076616c75653d22322c302c3238342c302c343632302220766172747970653d2238222f3e3c70726f7065727479206e616d653d225461626c65566965774d6f64653a33222076616c75653d22322c302c3238342c302c343632302220766172747970653d2238222f3e3c70726f7065727479206e616d653d225461626c65566965774d6f64653a34222076616c75653d22342c302c3238342c302c343632302c31322c353436302c31312c333336302220766172747970653d2238222f3e3c2f646473786d6c6f626a3e3c2f6c61796f75746f626a6563743e3c73686170652067726f7570736861706569643d2230222067726f75706e6f64653d2230222f3e3c2f646473636f6e74726f6c3e3c646473636f6e74726f6c20636f6e74726f6c70726f6769643d227b36323341433037352d324337372d343837332d383833442d3933304234333634423442437d2220746f6f6c7469703d2250726f6475637422206c6566743d2234303335302220746f703d22333439353022206c6f676963616c69643d2232332220636f6e74726f6c69643d22323322206d617374657269643d2230222068696e74313d2230222068696e74323d2230222077696474683d223531383622206865696768743d223537363822206e6f726573697a653d223022206e6f6d6f76653d223022206e6f64656661756c74617474616368706f696e74733d223022206175746f647261673d2230222075736564656661756c7469646473686170653d2230222073656c65637461626c653d2231222073686f7773656c656374696f6e68616e646c65733d22302220616c6c6f776e756467696e673d223122206973616e6e6f746174696f6e3d22302220646f6e746175746f6c61796f75743d2230222067726f7570636f6c6c61707365643d2230222074616273746f703d2231222076697369626c653d22312220736e6170746f677269643d2231223e3c636f6e74726f6c3e3c646473786d6c6f626a65637473747265616d696e6974777261707065722062696e6172793d22323134333334313230383030303030303432313430303030383831363030303037383536333431323037303030303030313430313030303035303030373230303666303036343030373530303633303037343030303030303030303030303030303030303030303030303030303030303030303030303030303030303030303030303030303030303030303030303030303030303030303030303030303030303030303030303030303030303030303030303030303030303030303030303030303030303030303030303030303030303030303030303030303030303030303030303030303030303030303030303030303030303030303030303030303030303030303030303030303030303030303030303030303030303030303030303030303030303030303030303030303030303030303030303030303030303030303030303030303030303030303030303030303030303030303030303030303030303030303030303030303030303030303030303030303030303030303030303030303030303030303030303030303030303030303030303030303030303030303030303030303030303030303030303030303030303030303030303030303030303030303030303030303030303030303030303030303030303030303030303030303030303030303030303030303030303030303030303030303030303030303030303030303030303030303030303030303030303030303030303030303030303030303030303030303130303030303030353030303030303534303030303030326330303030303032633030303030303263303030303030333430303030303030303030303030303030303030303030313534653030303062663165303030303030303030303030326430313030303030643030303030303063303030303030303730303030303031633031303030303063313230303030633430653030303034383033303030303161303430303030646630323030303064383039303030303237303630303030623130333030303032373036303030306362303730303030353530353030303030303030303030303031303030303030343231343030303038383136303030303030303030303030306630303030303030633030303030303032303030303030303230303030303031633031303030306362303730303030303030303030303030313030303030303932323230303030393030363030303030303030303030303032303030303030303230303030303030323030303030303032303030303030316330313030303030633132303030303031303030303030303030303030303039323232303030303838303230303030303030303030303030303030303030303030303030303030303230303030303030323030303030303163303130303030306331323030303030303030303030303030303030303030373235663030303062663165303030303030303030303030303030303030303030643030303030303034303030303030303430303030303031633031303030303063313230303030353431353030303032303064303030303738353633343132303430303030303035383030303030303031303030303030303130303030303030623030303030303030303030303030303130303030303030323030303030303033303030303030303430303030303030353030303030303036303030303030303730303030303030383030303030303039303030303030306130303030303030343030303030303634303036323030366630303030303030383030303030303530303037323030366630303634303037353030363330303734303030303030222f3e3c2f636f6e74726f6c3e3c6c61796f75746f626a6563743e3c646473786d6c6f626a3e3c70726f7065727479206e616d653d224163746976655461626c65566965774d6f6465222076616c75653d22312220766172747970653d2238222f3e3c70726f7065727479206e616d653d225461626c65566965774d6f64653a30222076616c75653d22342c302c3238342c302c343632302c312c333738302c352c323532302220766172747970653d2238222f3e3c70726f7065727479206e616d653d225461626c65566965774d6f64653a31222076616c75653d22322c302c3238342c302c313939352220766172747970653d2238222f3e3c70726f7065727479206e616d653d225461626c65566965774d6f64653a32222076616c75653d22322c302c3238342c302c343632302220766172747970653d2238222f3e3c70726f7065727479206e616d653d225461626c65566965774d6f64653a33222076616c75653d22322c302c3238342c302c343632302220766172747970653d2238222f3e3c70726f7065727479206e616d653d225461626c65566965774d6f64653a34222076616c75653d22342c302c3238342c302c343632302c31322c353436302c31312c333336302220766172747970653d2238222f3e3c2f646473786d6c6f626a3e3c2f6c61796f75746f626a6563743e3c73686170652067726f7570736861706569643d2230222067726f75706e6f64653d2230222f3e3c2f646473636f6e74726f6c3e3c646473636f6e74726f6c2073656d616e746963636f6f6b69653d22303134633335373430313030303030303634303036323030366630303030303034363030346230303566303034343030363930303733303036333030366630303735303036653030373430303434303036353030373430303631303036393030366330303566303035303030373230303666303036343030373530303633303037343030303030302220636f6e74726f6c70726f6769643d224d534444532e506f6c796c696e652e3038302e312220746f6f6c7469703d2252656c6174696f6e736869702027464b5f446973636f756e7444657461696c5f50726f6475637427206265747765656e202750726f647563742720616e642027446973636f756e7444657461696c2722206c6566743d2233383437312220746f703d22333231313422206c6f676963616c69643d2232342220636f6e74726f6c69643d22323422206d617374657269643d2230222068696e74313d2230222068696e74323d2230222077696474683d223234333722206865696768743d223335333222206e6f726573697a653d223022206e6f6d6f76653d223022206e6f64656661756c74617474616368706f696e74733d223122206175746f647261673d2230222075736564656661756c7469646473686170653d2230222073656c65637461626c653d2231222073686f7773656c656374696f6e68616e646c65733d22302220616c6c6f776e756467696e673d223122206973616e6e6f746174696f6e3d22302220646f6e746175746f6c61796f75743d2230222067726f7570636f6c6c61707365643d2230222074616273746f703d2231222076697369626c653d22312220736e6170746f677269643d2230223e3c636f6e74726f6c3e3c646473786d6c6f626a3e3c706f6c796c696e6520656e64747970656473743d22302220656e64747970657372633d2232222075736572636f6c6f723d22313537393033323022206c696e657374796c653d223022206c696e6572656e6465723d22302220637573746f6d656e647479706564737469643d22302220637573746f6d656e647479706573726369643d2230222061646f726e7376697369626c653d2231223e3c61646f726e6d656e742070657263656e74706f733d2235342e383330383632343430393035312220636f6e74726f6c69643d223235222077696474683d223336303422206865696768743d223333312220736964653d223122206265686176696f723d2233222068696d65747269633d223230373622206469737466726f6d6c696e653d22313735222073746172746f626a3d22302220783d2233353731332220793d223334303537222076697369626c653d22302220616c6c6f776f7665726c61703d2231222075736570657263656e743d2231222f3e3c2f706f6c796c696e653e3c2f646473786d6c6f626a3e3c2f636f6e74726f6c3e3c6c61796f75746f626a6563743e3c646473786d6c6f626a2f3e3c2f6c61796f75746f626a6563743e3c636f6e6e6563746f7220736f7572636569643d22323322206465737469643d22342220736f75726365617474616368706f696e743d2230222064657374617474616368706f696e743d22373522207365676d656e74656469746d6f64653d2230222062656e64706f696e74656469746d6f64653d2230222062656e64706f696e747669736962696c6974793d2230222072656c6174656469643d223022207669727475616c3d2230223e3c706f696e7420783d2234303530302220793d223334393530222f3e3c706f696e7420783d2234303530302220793d223333383832222f3e3c706f696e7420783d2233383835302220793d223333383832222f3e3c706f696e7420783d2233383835302220793d223332383133222f3e3c2f636f6e6e6563746f723e3c2f646473636f6e74726f6c3e3c646473636f6e74726f6c2073656d616e746963636f6f6b69653d22303166363733333866383339313230652220636f6e74726f6c70726f6769643d224d534444532e546578742e3038302e3122206c6566743d2233353731332220746f703d22333430353722206c6f676963616c69643d2232352220636f6e74726f6c69643d22323522206d617374657269643d223234222068696e74313d2230222068696e74323d2230222077696474683d223336303422206865696768743d2233333122206e6f726573697a653d223122206e6f6d6f76653d223022206e6f64656661756c74617474616368706f696e74733d223122206175746f647261673d2231222075736564656661756c7469646473686170653d2231222073656c65637461626c653d2231222073686f7773656c656374696f6e68616e646c65733d22312220616c6c6f776e756467696e673d223122206973616e6e6f746174696f6e3d22302220646f6e746175746f6c61796f75743d2231222067726f7570636f6c6c61707365643d2230222074616273746f703d2230222076697369626c653d22302220736e6170746f677269643d2230223e3c636f6e74726f6c3e3c646473786d6c6f626a65637473747265616d696e6974777261707065722062696e6172793d22303030323030303031343065303030303462303130303030303330303030303030303030303530303030383030383030303038303031303030303030313530303031303030303030393030313965333330313030303635343631363836663664363131393030343630303462303035663030343430303639303037333030363330303666303037353030366530303734303034343030363530303734303036313030363930303663303035663030353030303732303036663030363430303735303036333030373430303030303030303030222f3e3c2f636f6e74726f6c3e3c6c61796f75746f626a6563743e3c646473786d6c6f626a2f3e3c2f6c61796f75746f626a6563743e3c73686170652067726f7570736861706569643d2230222067726f75706e6f64653d2230222f3e3c2f646473636f6e74726f6c3e3c646473636f6e74726f6c20636f6e74726f6c70726f6769643d227b36323341433037352d324337372d343837332d383833442d3933304234333634423442437d2220746f6f6c7469703d2250726f6475637443617422206c6566743d2233333135302220746f703d22343435353022206c6f676963616c69643d2232362220636f6e74726f6c69643d22323622206d617374657269643d2230222068696e74313d2230222068696e74323d2230222077696474683d223433363622206865696768743d223432333322206e6f726573697a653d223022206e6f6d6f76653d223022206e6f64656661756c74617474616368706f696e74733d223022206175746f647261673d2230222075736564656661756c7469646473686170653d2230222073656c65637461626c653d2231222073686f7773656c656374696f6e68616e646c65733d22302220616c6c6f776e756467696e673d223122206973616e6e6f746174696f6e3d22302220646f6e746175746f6c61796f75743d2230222067726f7570636f6c6c61707365643d2230222074616273746f703d2231222076697369626c653d22312220736e6170746f677269643d2231223e3c636f6e74726f6c3e3c646473786d6c6f626a65637473747265616d696e6974777261707065722062696e6172793d22323134333334313230383030303030303065313130303030383931303030303037383536333431323037303030303030313430313030303035303030373230303666303036343030373530303633303037343030343330303631303037343030303030303030303030303030303030303030303030303030303030303030303030303030303030303030303030303030303030303030303030303030303030303030303030303030303030303030303030303030303030303030303030303030303030303030303030303030303030303030303030303030303030303030303030303030303030303030303030303030303030303030303030303030303030303030303030303030303030303030303030303030303030303030303030303030303030303030303030303030303030303030303030303030303030303030303030303030303030303030303030303030303030303030303030303030303030303030303030303030303030303030303030303030303030303030303030303030303030303030303030303030303030303030303030303030303030303030303030303030303030303030303030303030303030303030303030303030303030303030303030303030303030303030303030303030303030303030303030303030303030303030303030303030303030303030303030303030303030303030303030303030303030303030303030303030303030303030303030303030303030303030303030303030303130303030303030353030303030303534303030303030326330303030303032633030303030303263303030303030333430303030303030303030303030303030303030303030313534653030303061633134303030303030303030303030326430313030303030383030303030303063303030303030303730303030303031633031303030303063313230303030633430653030303034383033303030303161303430303030646630323030303064383039303030303237303630303030623130333030303032373036303030306362303730303030353530353030303030303030303030303031303030303030306531313030303038393130303030303030303030303030303630303030303030363030303030303032303030303030303230303030303031633031303030306638303730303030303030303030303030313030303030303932323230303030393030363030303030303030303030303032303030303030303230303030303030323030303030303032303030303030316330313030303030633132303030303031303030303030303030303030303039323232303030303838303230303030303030303030303030303030303030303030303030303030303230303030303030323030303030303163303130303030306331323030303030303030303030303030303030303030373235663030303062663165303030303030303030303030303030303030303030643030303030303034303030303030303430303030303031633031303030303063313230303030353431353030303032303064303030303738353633343132303430303030303035653030303030303031303030303030303130303030303030623030303030303030303030303030303130303030303030323030303030303033303030303030303430303030303030353030303030303036303030303030303730303030303030383030303030303039303030303030306130303030303030343030303030303634303036323030366630303030303030623030303030303530303037323030366630303634303037353030363330303734303034333030363130303734303030303030222f3e3c2f636f6e74726f6c3e3c6c61796f75746f626a6563743e3c646473786d6c6f626a3e3c70726f7065727479206e616d653d224163746976655461626c65566965774d6f6465222076616c75653d22312220766172747970653d2238222f3e3c70726f7065727479206e616d653d225461626c65566965774d6f64653a30222076616c75653d22342c302c3238342c302c343632302c312c333738302c352c323532302220766172747970653d2238222f3e3c70726f7065727479206e616d653d225461626c65566965774d6f64653a31222076616c75653d22322c302c3238342c302c323034302220766172747970653d2238222f3e3c70726f7065727479206e616d653d225461626c65566965774d6f64653a32222076616c75653d22322c302c3238342c302c343632302220766172747970653d2238222f3e3c70726f7065727479206e616d653d225461626c65566965774d6f64653a33222076616c75653d22322c302c3238342c302c343632302220766172747970653d2238222f3e3c70726f7065727479206e616d653d225461626c65566965774d6f64653a34222076616c75653d22342c302c3238342c302c343632302c31322c353436302c31312c333336302220766172747970653d2238222f3e3c2f646473786d6c6f626a3e3c2f6c61796f75746f626a6563743e3c73686170652067726f7570736861706569643d2230222067726f75706e6f64653d2230222f3e3c2f646473636f6e74726f6c3e3c646473636f6e74726f6c2073656d616e746963636f6f6b69653d223031316665633664303130303030303036343030363230303666303030303030343630303462303035663030356630303530303037323030366630303634303037353030363330303734303035663030356630303530303037323030366630303433303036313030373430303439303035663030356630303336303034313030343530303436303034353030333030303335303033383030303030302220636f6e74726f6c70726f6769643d224d534444532e506f6c796c696e652e3038302e312220746f6f6c7469703d2252656c6174696f6e736869702027464b5f5f50726f647563745f5f50726f436174495f5f364145464530353827206265747765656e202750726f647563744361742720616e64202750726f647563742722206c6566743d2233363934332220746f703d22343030313922206c6f676963616c69643d2232372220636f6e74726f6c69643d22323722206d617374657269643d2230222068696e74313d2230222068696e74323d2230222077696474683d223430383722206865696768743d223532323722206e6f726573697a653d223022206e6f6d6f76653d223022206e6f64656661756c74617474616368706f696e74733d223122206175746f647261673d2230222075736564656661756c7469646473686170653d2230222073656c65637461626c653d2231222073686f7773656c656374696f6e68616e646c65733d22302220616c6c6f776e756467696e673d223122206973616e6e6f746174696f6e3d22302220646f6e746175746f6c61796f75743d2230222067726f7570636f6c6c61707365643d2230222074616273746f703d2231222076697369626c653d22312220736e6170746f677269643d2230223e3c636f6e74726f6c3e3c646473786d6c6f626a3e3c706f6c796c696e6520656e64747970656473743d22302220656e64747970657372633d2232222075736572636f6c6f723d22313537393033323022206c696e657374796c653d223022206c696e6572656e6465723d22302220637573746f6d656e647479706564737469643d22302220637573746f6d656e647479706573726369643d2230222061646f726e7376697369626c653d2231223e3c61646f726e6d656e742070657263656e74706f733d2238322e303831303831303831303831312220636f6e74726f6c69643d223238222077696474683d223436353722206865696768743d223333312220736964653d223022206265686176696f723d2233222068696d65747269633d223538353422206469737466726f6d6c696e653d22313735222073746172746f626a3d22302220783d2234303832352220793d223432303737222076697369626c653d22302220616c6c6f776f7665726c61703d2231222075736570657263656e743d2231222f3e3c2f706f6c796c696e653e3c2f646473786d6c6f626a3e3c2f636f6e74726f6c3e3c6c61796f75746f626a6563743e3c646473786d6c6f626a2f3e3c2f6c61796f75746f626a6563743e3c636f6e6e6563746f7220736f7572636569643d22323622206465737469643d2232332220736f75726365617474616368706f696e743d223534222064657374617474616368706f696e743d223322207365676d656e74656469746d6f64653d2230222062656e64706f696e74656469746d6f64653d2230222062656e64706f696e747669736962696c6974793d2230222072656c6174656469643d223022207669727475616c3d2230223e3c706f696e7420783d2233373335302220793d223434353530222f3e3c706f696e7420783d2233373335302220793d223433343438222f3e3c706f696e7420783d2234303635302220793d223433343438222f3e3c706f696e7420783d2234303635302220793d223430373138222f3e3c2f636f6e6e6563746f723e3c2f646473636f6e74726f6c3e3c646473636f6e74726f6c2073656d616e746963636f6f6b69653d22303166363733333865303435383233662220636f6e74726f6c70726f6769643d224d534444532e546578742e3038302e3122206c6566743d2234303832352220746f703d22343230373722206c6f676963616c69643d2232382220636f6e74726f6c69643d22323822206d617374657269643d223237222068696e74313d2230222068696e74323d2230222077696474683d223436353722206865696768743d2233333122206e6f726573697a653d223122206e6f6d6f76653d223022206e6f64656661756c74617474616368706f696e74733d223122206175746f647261673d2231222075736564656661756c7469646473686170653d2231222073656c65637461626c653d2231222073686f7773656c656374696f6e68616e646c65733d22312220616c6c6f776e756467696e673d223122206973616e6e6f746174696f6e3d22302220646f6e746175746f6c61796f75743d2231222067726f7570636f6c6c61707365643d2230222074616273746f703d2230222076697369626c653d22302220736e6170746f677269643d2230223e3c636f6e74726f6c3e3c646473786d6c6f626a65637473747265616d696e6974777261707065722062696e6172793d223030303230303030333131323030303034623031303030303033303030303030303030303035303030303830303830303030383030313030303030303135303030313030303030303930303139653333303130303036353436313638366636643631316530303436303034623030356630303566303035303030373230303666303036343030373530303633303037343030356630303566303035303030373230303666303034333030363130303734303034393030356630303566303033363030343130303435303034363030343530303330303033353030333830303030303030303030222f3e3c2f636f6e74726f6c3e3c6c61796f75746f626a6563743e3c646473786d6c6f626a2f3e3c2f6c61796f75746f626a6563743e3c73686170652067726f7570736861706569643d2230222067726f75706e6f64653d2230222f3e3c2f646473636f6e74726f6c3e3c646473636f6e74726f6c2073656d616e746963636f6f6b69653d22303135396466336230313030303030303634303036323030366630303030303034363030346230303566303035303030373230303666303036343030373530303633303037343030343330303631303037343030356630303433303036313030373430303635303036373030366630303732303037393030303030302220636f6e74726f6c70726f6769643d224d534444532e506f6c796c696e652e3038302e312220746f6f6c7469703d2252656c6174696f6e736869702027464b5f50726f647563744361745f43617465676f727927206265747765656e202743617465676f72792720616e64202750726f647563744361742722206c6566743d2233313433362220746f703d22343530343322206c6f676963616c69643d2232392220636f6e74726f6c69643d22323922206d617374657269643d2230222068696e74313d2230222068696e74323d2230222077696474683d223230313422206865696768743d2238313522206e6f726573697a653d223022206e6f6d6f76653d223022206e6f64656661756c74617474616368706f696e74733d223122206175746f647261673d2230222075736564656661756c7469646473686170653d2230222073656c65637461626c653d2231222073686f7773656c656374696f6e68616e646c65733d22302220616c6c6f776e756467696e673d223122206973616e6e6f746174696f6e3d22302220646f6e746175746f6c61796f75743d2230222067726f7570636f6c6c61707365643d2230222074616273746f703d2231222076697369626c653d22312220736e6170746f677269643d2230223e3c636f6e74726f6c3e3c646473786d6c6f626a3e3c706f6c796c696e6520656e64747970656473743d22302220656e64747970657372633d2232222075736572636f6c6f723d22313537393033323022206c696e657374796c653d223022206c696e6572656e6465723d22302220637573746f6d656e647479706564737469643d22302220637573746f6d656e647479706573726369643d2230222061646f726e7376697369626c653d2231223e3c61646f726e6d656e742070657263656e74706f733d2235322e333632383835353333363137322220636f6e74726f6c69643d223330222077696474683d223333333122206865696768743d223333312220736964653d223022206265686176696f723d2233222068696d65747269633d2237343022206469737466726f6d6c696e653d22313735222073746172746f626a3d22302220783d2233303733322220793d223435363235222076697369626c653d22302220616c6c6f776f7665726c61703d2231222075736570657263656e743d2231222f3e3c2f706f6c796c696e653e3c2f646473786d6c6f626a3e3c2f636f6e74726f6c3e3c6c61796f75746f626a6563743e3c646473786d6c6f626a2f3e3c2f6c61796f75746f626a6563743e3c636f6e6e6563746f7220736f7572636569643d223122206465737469643d2232362220736f75726365617474616368706f696e743d223639222064657374617474616368706f696e743d22363622207365676d656e74656469746d6f64653d2230222062656e64706f696e74656469746d6f64653d2230222062656e64706f696e747669736962696c6974793d2230222072656c6174656469643d223022207669727475616c3d2230223e3c706f696e7420783d2233313733362220793d223435343530222f3e3c706f696e7420783d2233333135302220793d223435343530222f3e3c2f636f6e6e6563746f723e3c2f646473636f6e74726f6c3e3c646473636f6e74726f6c2073656d616e746963636f6f6b69653d22303166363733333861303435383233662220636f6e74726f6c70726f6769643d224d534444532e546578742e3038302e3122206c6566743d2233303733322220746f703d22343536323522206c6f676963616c69643d2233302220636f6e74726f6c69643d22333022206d617374657269643d223239222068696e74313d2230222068696e74323d2230222077696474683d223333333122206865696768743d2233333122206e6f726573697a653d223122206e6f6d6f76653d223022206e6f64656661756c74617474616368706f696e74733d223122206175746f647261673d2231222075736564656661756c7469646473686170653d2231222073656c65637461626c653d2231222073686f7773656c656374696f6e68616e646c65733d22312220616c6c6f776e756467696e673d223122206973616e6e6f746174696f6e3d22302220646f6e746175746f6c61796f75743d2231222067726f7570636f6c6c61707365643d2230222074616273746f703d2230222076697369626c653d22302220736e6170746f677269643d2230223e3c636f6e74726f6c3e3c646473786d6c6f626a65637473747265616d696e6974777261707065722062696e6172793d22303030323030303030333064303030303462303130303030303330303030303030303030303530303030383030383030303038303031303030303030313530303031303030303030393030313965333330313030303635343631363836663664363131363030343630303462303035663030353030303732303036663030363430303735303036333030373430303433303036313030373430303566303034333030363130303734303036353030363730303666303037323030373930303030303030303030222f3e3c2f636f6e74726f6c3e3c6c61796f75746f626a6563743e3c646473786d6c6f626a2f3e3c2f6c61796f75746f626a6563743e3c73686170652067726f7570736861706569643d2230222067726f75706e6f64653d2230222f3e3c2f646473636f6e74726f6c3e3c646473636f6e74726f6c20636f6e74726f6c70726f6769643d227b36323341433037352d324337372d343837332d383833442d3933304234333634423442437d2220746f6f6c7469703d2250726f64756374436f6c6f7222206c6566743d2233383730302220746f703d22343638303022206c6f676963616c69643d2233312220636f6e74726f6c69643d22333122206d617374657269643d2230222068696e74313d2230222068696e74323d2230222077696474683d223530383022206865696768743d223236343522206e6f726573697a653d223022206e6f6d6f76653d223022206e6f64656661756c74617474616368706f696e74733d223022206175746f647261673d2230222075736564656661756c7469646473686170653d2230222073656c65637461626c653d2231222073686f7773656c656374696f6e68616e646c65733d22302220616c6c6f776e756467696e673d223122206973616e6e6f746174696f6e3d22302220646f6e746175746f6c61796f75743d2230222067726f7570636f6c6c61707365643d2230222074616273746f703d2231222076697369626c653d22312220736e6170746f677269643d2231223e3c636f6e74726f6c3e3c646473786d6c6f626a65637473747265616d696e6974777261707065722062696e6172793d223231343333343132303830303030303064383133303030303535306130303030373835363334313230373030303030303134303130303030353030303732303036663030363430303735303036333030373430303433303036663030366330303666303037323030303030303030303030303030303030303030303030303030303030303030303030303030303030303030303030303030303030303030303030303030303030303030303030303030303030303030303030303030303030303030303030303030303030303030303030303030303030303030303030303030303030303030303030303030303030303030303030303030303030303030303030303030303030303030303030303030303030303030303030303030303030303030303030303030303030303030303030303030303030303030303030303030303030303030303030303030303030303030303030303030303030303030303030303030303030303030303030303030303030303030303030303030303030303030303030303030303030303030303030303030303030303030303030303030303030303030303030303030303030303030303030303030303030303030303030303030303030303030303030303030303030303030303030303030303030303030303030303030303030303030303030303030303030303030303030303030303030303030303030303030303030303030303030303030303030303030303030303030303030303031303030303030303530303030303035343030303030303263303030303030326330303030303032633030303030303334303030303030303030303030303030303030303030303135346530303030613831323030303030303030303030303264303130303030303730303030303030633030303030303037303030303030316330313030303030633132303030306334306530303030343830333030303031613034303030306466303230303030643830393030303032373036303030306231303330303030323730363030303063623037303030303535303530303030303030303030303030313030303030306438313330303030353530613030303030303030303030303033303030303030303330303030303030323030303030303032303030303030316330313030303038643039303030303030303030303030303130303030303039323232303030303863303430303030303030303030303030313030303030303031303030303030303230303030303030323030303030303163303130303030306331323030303030313030303030303030303030303030393232323030303038383032303030303030303030303030303030303030303030303030303030303032303030303030303230303030303031633031303030303063313230303030303030303030303030303030303030303732356630303030626631653030303030303030303030303030303030303030306430303030303030343030303030303034303030303030316330313030303030633132303030303534313530303030323030643030303037383536333431323034303030303030363230303030303030313030303030303031303030303030306230303030303030303030303030303031303030303030303230303030303030333030303030303034303030303030303530303030303030363030303030303037303030303030303830303030303030393030303030303061303030303030303430303030303036343030363230303666303030303030306430303030303035303030373230303666303036343030373530303633303037343030343330303666303036633030366630303732303030303030222f3e3c2f636f6e74726f6c3e3c6c61796f75746f626a6563743e3c646473786d6c6f626a3e3c70726f7065727479206e616d653d224163746976655461626c65566965774d6f6465222076616c75653d22312220766172747970653d2238222f3e3c70726f7065727479206e616d653d225461626c65566965774d6f64653a30222076616c75653d22342c302c3238342c302c343632302c312c333738302c352c323532302220766172747970653d2238222f3e3c70726f7065727479206e616d653d225461626c65566965774d6f64653a31222076616c75653d22322c302c3238342c302c323434352220766172747970653d2238222f3e3c70726f7065727479206e616d653d225461626c65566965774d6f64653a32222076616c75653d22322c302c3238342c302c343632302220766172747970653d2238222f3e3c70726f7065727479206e616d653d225461626c65566965774d6f64653a33222076616c75653d22322c302c3238342c302c343632302220766172747970653d2238222f3e3c70726f7065727479206e616d653d225461626c65566965774d6f64653a34222076616c75653d22342c302c3238342c302c343632302c31322c353436302c31312c333336302220766172747970653d2238222f3e3c2f646473786d6c6f626a3e3c2f6c61796f75746f626a6563743e3c73686170652067726f7570736861706569643d2230222067726f75706e6f64653d2230222f3e3c2f646473636f6e74726f6c3e3c646473636f6e74726f6c20636f6e74726f6c70726f6769643d227b36323341433037352d324337372d343837332d383833442d3933304234333634423442437d2220746f6f6c7469703d2250726f64756374496d61676522206c6566743d2234343835302220746f703d22343236303022206c6f676963616c69643d2233322220636f6e74726f6c69643d22333222206d617374657269643d2230222068696e74313d2230222068696e74323d2230222077696474683d223436353722206865696768743d223538323122206e6f726573697a653d223022206e6f6d6f76653d223022206e6f64656661756c74617474616368706f696e74733d223022206175746f647261673d2230222075736564656661756c7469646473686170653d2230222073656c65637461626c653d2231222073686f7773656c656374696f6e68616e646c65733d22302220616c6c6f776e756467696e673d223122206973616e6e6f746174696f6e3d22302220646f6e746175746f6c61796f75743d2230222067726f7570636f6c6c61707365643d2230222074616273746f703d2231222076697369626c653d22312220736e6170746f677269643d2231223e3c636f6e74726f6c3e3c646473786d6c6f626a65637473747265616d696e6974777261707065722062696e6172793d223231343333343132303830303030303033313132303030306264313630303030373835363334313230373030303030303134303130303030353030303732303036663030363430303735303036333030373430303439303036643030363130303637303036353030303030303030303030303030303030303030303030303030303030303030303030303030303030303030303030303030303030303030303030303030303030303030303030303030303030303030303030303030303030303030303030303030303030303030303030303030303030303030303030303030303030303030303030303030303030303030303030303030303030303030303030303030303030303030303030303030303030303030303030303030303030303030303030303030303030303030303030303030303030303030303030303030303030303030303030303030303030303030303030303030303030303030303030303030303030303030303030303030303030303030303030303030303030303030303030303030303030303030303030303030303030303030303030303030303030303030303030303030303030303030303030303030303030303030303030303030303030303030303030303030303030303030303030303030303030303030303030303030303030303030303030303030303030303030303030303030303030303030303030303030303030303030303030303030303030303030303030303030303030303031303030303030303530303030303035343030303030303263303030303030326330303030303032633030303030303334303030303030303030303030303030303030303030303135346530303030623731613030303030303030303030303264303130303030306230303030303030633030303030303037303030303030316330313030303030633132303030306334306530303030343830333030303031613034303030306466303230303030643830393030303032373036303030306231303330303030323730363030303063623037303030303535303530303030303030303030303030313030303030303331313230303030626431363030303030303030303030303039303030303030303930303030303030323030303030303032303030303030316330313030303039643038303030303030303030303030303130303030303039323232303030303930303630303030303030303030303030323030303030303032303030303030303230303030303030323030303030303163303130303030306331323030303030313030303030303030303030303030393232323030303038383032303030303030303030303030303030303030303030303030303030303032303030303030303230303030303031633031303030303063313230303030303030303030303030303030303030303732356630303030626631653030303030303030303030303030303030303030306430303030303030343030303030303034303030303030316330313030303030633132303030303534313530303030323030643030303037383536333431323034303030303030363230303030303030313030303030303031303030303030306230303030303030303030303030303031303030303030303230303030303030333030303030303034303030303030303530303030303030363030303030303037303030303030303830303030303030393030303030303061303030303030303430303030303036343030363230303666303030303030306430303030303035303030373230303666303036343030373530303633303037343030343930303664303036313030363730303635303030303030222f3e3c2f636f6e74726f6c3e3c6c61796f75746f626a6563743e3c646473786d6c6f626a3e3c70726f7065727479206e616d653d224163746976655461626c65566965774d6f6465222076616c75653d22312220766172747970653d2238222f3e3c70726f7065727479206e616d653d225461626c65566965774d6f64653a30222076616c75653d22342c302c3238342c302c343632302c312c333738302c352c323532302220766172747970653d2238222f3e3c70726f7065727479206e616d653d225461626c65566965774d6f64653a31222076616c75653d22322c302c3238342c302c323230352220766172747970653d2238222f3e3c70726f7065727479206e616d653d225461626c65566965774d6f64653a32222076616c75653d22322c302c3238342c302c343632302220766172747970653d2238222f3e3c70726f7065727479206e616d653d225461626c65566965774d6f64653a33222076616c75653d22322c302c3238342c302c343632302220766172747970653d2238222f3e3c70726f7065727479206e616d653d225461626c65566965774d6f64653a34222076616c75653d22342c302c3238342c302c343632302c31322c353436302c31312c333336302220766172747970653d2238222f3e3c2f646473786d6c6f626a3e3c2f6c61796f75746f626a6563743e3c73686170652067726f7570736861706569643d2230222067726f75706e6f64653d2230222f3e3c2f646473636f6e74726f6c3e3c646473636f6e74726f6c2073656d616e746963636f6f6b69653d2230313539646633623031303030303030363430303632303036663030303030303436303034623030356630303530303037323030366630303634303037353030363330303734303034393030366430303631303036373030363530303566303035303030373230303666303036343030373530303633303037343030303030302220636f6e74726f6c70726f6769643d224d534444532e506f6c796c696e652e3038302e312220746f6f6c7469703d2252656c6174696f6e736869702027464b5f50726f64756374496d6167655f50726f6475637427206265747765656e202750726f647563742720616e64202750726f64756374496d6167652722206c6566743d2234343539332220746f703d22343030323322206c6f676963616c69643d2233332220636f6e74726f6c69643d22333322206d617374657269643d2230222068696e74313d2230222068696e74323d2230222077696474683d2238313522206865696768743d223332373722206e6f726573697a653d223022206e6f6d6f76653d223022206e6f64656661756c74617474616368706f696e74733d223122206175746f647261673d2230222075736564656661756c7469646473686170653d2230222073656c65637461626c653d2231222073686f7773656c656374696f6e68616e646c65733d22302220616c6c6f776e756467696e673d223122206973616e6e6f746174696f6e3d22302220646f6e746175746f6c61796f75743d2230222067726f7570636f6c6c61707365643d2230222074616273746f703d2231222076697369626c653d22312220736e6170746f677269643d2230223e3c636f6e74726f6c3e3c646473786d6c6f626a3e3c706f6c796c696e6520656e64747970656473743d22302220656e64747970657372633d2232222075736572636f6c6f723d22313537393033323022206c696e657374796c653d223022206c696e6572656e6465723d22302220637573746f6d656e647479706564737469643d22302220637573746f6d656e647479706573726369643d2230222061646f726e7376697369626c653d2231223e3c61646f726e6d656e742070657263656e74706f733d2235302e333632363130373937373433382220636f6e74726f6c69643d223334222077696474683d223335393022206865696768743d223333312220736964653d223022206265686176696f723d2233222068696d65747269633d2239343722206469737466726f6d6c696e653d22313735222073746172746f626a3d22302220783d2234313233352220793d223431343938222076697369626c653d22302220616c6c6f776f7665726c61703d2231222075736570657263656e743d2231222f3e3c2f706f6c796c696e653e3c2f646473786d6c6f626a3e3c2f636f6e74726f6c3e3c6c61796f75746f626a6563743e3c646473786d6c6f626a2f3e3c2f6c61796f75746f626a6563743e3c636f6e6e6563746f7220736f7572636569643d22323322206465737469643d2233322220736f75726365617474616368706f696e743d223631222064657374617474616368706f696e743d223022207365676d656e74656469746d6f64653d2230222062656e64706f696e74656469746d6f64653d2230222062656e64706f696e747669736962696c6974793d2230222072656c6174656469643d223022207669727475616c3d2230223e3c706f696e7420783d2234353030302220793d223430373138222f3e3c706f696e7420783d2234353030302220793d223432363030222f3e3c2f636f6e6e6563746f723e3c2f646473636f6e74726f6c3e3c646473636f6e74726f6c2073656d616e746963636f6f6b69653d22303166363733333865303437383233662220636f6e74726f6c70726f6769643d224d534444532e546578742e3038302e3122206c6566743d2234313233352220746f703d22343134393822206c6f676963616c69643d2233342220636f6e74726f6c69643d22333422206d617374657269643d223333222068696e74313d2230222068696e74323d2230222077696474683d223335393022206865696768743d2233333122206e6f726573697a653d223122206e6f6d6f76653d223022206e6f64656661756c74617474616368706f696e74733d223122206175746f647261673d2231222075736564656661756c7469646473686170653d2231222073656c65637461626c653d2231222073686f7773656c656374696f6e68616e646c65733d22312220616c6c6f776e756467696e673d223122206973616e6e6f746174696f6e3d22302220646f6e746175746f6c61796f75743d2231222067726f7570636f6c6c61707365643d2230222074616273746f703d2230222076697369626c653d22302220736e6170746f677269643d2230223e3c636f6e74726f6c3e3c646473786d6c6f626a65637473747265616d696e6974777261707065722062696e6172793d2230303032303030303036306530303030346230313030303030333030303030303030303030353030303038303038303030303830303130303030303031353030303130303030303039303031396533333031303030363534363136383666366436313137303034363030346230303566303035303030373230303666303036343030373530303633303037343030343930303664303036313030363730303635303035663030353030303732303036663030363430303735303036333030373430303030303030303030222f3e3c2f636f6e74726f6c3e3c6c61796f75746f626a6563743e3c646473786d6c6f626a2f3e3c2f6c61796f75746f626a6563743e3c73686170652067726f7570736861706569643d2230222067726f75706e6f64653d2230222f3e3c2f646473636f6e74726f6c3e3c646473636f6e74726f6c2073656d616e746963636f6f6b69653d22303130303738303030313030303030303634303036323030366630303030303034363030346230303566303035303030373230303666303036343030373530303633303037343030343930303664303036313030363730303635303035663030353030303732303036663030363430303735303036333030373430303433303036663030366330303666303037323030303030302220636f6e74726f6c70726f6769643d224d534444532e506f6c796c696e652e3038302e312220746f6f6c7469703d2252656c6174696f6e736869702027464b5f50726f64756374496d6167655f50726f64756374436f6c6f7227206265747765656e202750726f64756374436f6c6f722720616e64202750726f64756374496d6167652722206c6566743d2234333438302220746f703d22343738393322206c6f676963616c69643d2233352220636f6e74726f6c69643d22333522206d617374657269643d2230222068696e74313d2230222068696e74323d2230222077696474683d223136373022206865696768743d2238313522206e6f726573697a653d223022206e6f6d6f76653d223022206e6f64656661756c74617474616368706f696e74733d223122206175746f647261673d2230222075736564656661756c7469646473686170653d2230222073656c65637461626c653d2231222073686f7773656c656374696f6e68616e646c65733d22302220616c6c6f776e756467696e673d223122206973616e6e6f746174696f6e3d22302220646f6e746175746f6c61796f75743d2230222067726f7570636f6c6c61707365643d2230222074616273746f703d2231222076697369626c653d22312220736e6170746f677269643d2230223e3c636f6e74726f6c3e3c646473786d6c6f626a3e3c706f6c796c696e6520656e64747970656473743d22302220656e64747970657372633d2232222075736572636f6c6f723d22313537393033323022206c696e657374796c653d223022206c696e6572656e6465723d22302220637573746f6d656e647479706564737469643d22302220637573746f6d656e647479706573726369643d2230222061646f726e7376697369626c653d2231223e3c61646f726e6d656e742070657263656e74706f733d2233322e323335323634343230303432392220636f6e74726f6c69643d223336222077696474683d223432383222206865696768743d223333312220736964653d223122206265686176696f723d2233222068696d65747269633d2233343422206469737466726f6d6c696e653d22313735222073746172746f626a3d22302220783d2234323734372220793d223437373934222076697369626c653d22302220616c6c6f776f7665726c61703d2231222075736570657263656e743d2231222f3e3c2f706f6c796c696e653e3c2f646473786d6c6f626a3e3c2f636f6e74726f6c3e3c6c61796f75746f626a6563743e3c646473786d6c6f626a2f3e3c2f6c61796f75746f626a6563743e3c636f6e6e6563746f7220736f7572636569643d22333122206465737469643d2233322220736f75726365617474616368706f696e743d223835222064657374617474616368706f696e743d2231333422207365676d656e74656469746d6f64653d2230222062656e64706f696e74656469746d6f64653d2230222062656e64706f696e747669736962696c6974793d2230222072656c6174656469643d223022207669727475616c3d2230223e3c706f696e7420783d2234333738302220793d223438333030222f3e3c706f696e7420783d2234343835302220793d223438333030222f3e3c2f636f6e6e6563746f723e3c2f646473636f6e74726f6c3e3c646473636f6e74726f6c2073656d616e746963636f6f6b69653d22303166363733333861303438383233662220636f6e74726f6c70726f6769643d224d534444532e546578742e3038302e3122206c6566743d2234323734372220746f703d22343737393422206c6f676963616c69643d2233362220636f6e74726f6c69643d22333622206d617374657269643d223335222068696e74313d2230222068696e74323d2230222077696474683d223432383222206865696768743d2233333122206e6f726573697a653d223122206e6f6d6f76653d223022206e6f64656661756c74617474616368706f696e74733d223122206175746f647261673d2231222075736564656661756c7469646473686170653d2231222073656c65637461626c653d2231222073686f7773656c656374696f6e68616e646c65733d22312220616c6c6f776e756467696e673d223122206973616e6e6f746174696f6e3d22302220646f6e746175746f6c61796f75743d2231222067726f7570636f6c6c61707365643d2230222074616273746f703d2230222076697369626c653d22302220736e6170746f677269643d2230223e3c636f6e74726f6c3e3c646473786d6c6f626a65637473747265616d696e6974777261707065722062696e6172793d22303030323030303062613130303030303462303130303030303330303030303030303030303530303030383030383030303038303031303030303030313530303031303030303030393030313965333330313030303635343631363836663664363131633030343630303462303035663030353030303732303036663030363430303735303036333030373430303439303036643030363130303637303036353030356630303530303037323030366630303634303037353030363330303734303034333030366630303663303036663030373230303030303030303030222f3e3c2f636f6e74726f6c3e3c6c61796f75746f626a6563743e3c646473786d6c6f626a2f3e3c2f6c61796f75746f626a6563743e3c73686170652067726f7570736861706569643d2230222067726f75706e6f64653d2230222f3e3c2f646473636f6e74726f6c3e3c646473636f6e74726f6c20636f6e74726f6c70726f6769643d227b36323341433037352d324337372d343837332d383833442d3933304234333634423442437d2220746f6f6c7469703d2250726f6475637453656374696f6e22206c6566743d2233323130302220746f703d22343036353022206c6f676963616c69643d2233372220636f6e74726f6c69643d22333722206d617374657269643d2230222068696e74313d2230222068696e74323d2230222077696474683d223438393522206865696768743d223236343622206e6f726573697a653d223022206e6f6d6f76653d223022206e6f64656661756c74617474616368706f696e74733d223022206175746f647261673d2230222075736564656661756c7469646473686170653d2230222073656c65637461626c653d2231222073686f7773656c656374696f6e68616e646c65733d22302220616c6c6f776e756467696e673d223122206973616e6e6f746174696f6e3d22302220646f6e746175746f6c61796f75743d2230222067726f7570636f6c6c61707365643d2230222074616273746f703d2231222076697369626c653d22312220736e6170746f677269643d2231223e3c636f6e74726f6c3e3c646473786d6c6f626a65637473747265616d696e6974777261707065722062696e6172793d2232313433333431323038303030303030316631333030303035363061303030303738353633343132303730303030303031343031303030303530303037323030366630303634303037353030363330303734303035333030363530303633303037343030363930303666303036653030303030303030303030303030303030303030303030303030303030303030303030303030303030303030303030303030303030303030303030303030303030303030303030303030303030303030303030303030303030303030303030303030303030303030303030303030303030303030303030303030303030303030303030303030303030303030303030303030303030303030303030303030303030303030303030303030303030303030303030303030303030303030303030303030303030303030303030303030303030303030303030303030303030303030303030303030303030303030303030303030303030303030303030303030303030303030303030303030303030303030303030303030303030303030303030303030303030303030303030303030303030303030303030303030303030303030303030303030303030303030303030303030303030303030303030303030303030303030303030303030303030303030303030303030303030303030303030303030303030303030303030303030303030303030303030303030303030303030303030303030303030303030303030303030303030303030303030313030303030303035303030303030353430303030303032633030303030303263303030303030326330303030303033343030303030303030303030303030303030303030303031353465303030306138313230303030303030303030303032643031303030303037303030303030306330303030303030373030303030303163303130303030306331323030303063343065303030303438303330303030316130343030303064663032303030306438303930303030323730363030303062313033303030303237303630303030636230373030303035353035303030303030303030303030303130303030303031663133303030303536306130303030303030303030303030333030303030303033303030303030303230303030303030323030303030303163303130303030323430393030303030303030303030303031303030303030393232323030303039343038303030303030303030303030303330303030303030333030303030303032303030303030303230303030303031633031303030303063313230303030303130303030303030303030303030303932323230303030383830323030303030303030303030303030303030303030303030303030303030323030303030303032303030303030316330313030303030633132303030303030303030303030303030303030303037323566303030306266316530303030303030303030303030303030303030303064303030303030303430303030303030343030303030303163303130303030306331323030303035343135303030303230306430303030373835363334313230343030303030303636303030303030303130303030303030313030303030303062303030303030303030303030303030313030303030303032303030303030303330303030303030343030303030303035303030303030303630303030303030373030303030303038303030303030303930303030303030613030303030303034303030303030363430303632303036663030303030303066303030303030353030303732303036663030363430303735303036333030373430303533303036353030363330303734303036393030366630303665303030303030222f3e3c2f636f6e74726f6c3e3c6c61796f75746f626a6563743e3c646473786d6c6f626a3e3c70726f7065727479206e616d653d224163746976655461626c65566965774d6f6465222076616c75653d22312220766172747970653d2238222f3e3c70726f7065727479206e616d653d225461626c65566965774d6f64653a30222076616c75653d22342c302c3238342c302c343632302c312c333738302c352c323532302220766172747970653d2238222f3e3c70726f7065727479206e616d653d225461626c65566965774d6f64653a31222076616c75653d22322c302c3238342c302c323334302220766172747970653d2238222f3e3c70726f7065727479206e616d653d225461626c65566965774d6f64653a32222076616c75653d22322c302c3238342c302c343632302220766172747970653d2238222f3e3c70726f7065727479206e616d653d225461626c65566965774d6f64653a33222076616c75653d22322c302c3238342c302c343632302220766172747970653d2238222f3e3c70726f7065727479206e616d653d225461626c65566965774d6f64653a34222076616c75653d22342c302c3238342c302c343632302c31322c353436302c31312c333336302220766172747970653d2238222f3e3c2f646473786d6c6f626a3e3c2f6c61796f75746f626a6563743e3c73686170652067726f7570736861706569643d2230222067726f75706e6f64653d2230222f3e3c2f646473636f6e74726f6c3e3c646473636f6e74726f6c2073656d616e746963636f6f6b69653d22303134633335373430313030303030303634303036323030366630303030303034363030346230303566303035303030373230303666303036343030373530303633303037343030353330303635303036333030373430303639303036663030366530303566303035303030373230303666303036343030373530303633303037343030303030302220636f6e74726f6c70726f6769643d224d534444532e506f6c796c696e652e3038302e312220746f6f6c7469703d2252656c6174696f6e736869702027464b5f50726f6475637453656374696f6e5f50726f6475637427206265747765656e202750726f647563742720616e64202750726f6475637453656374696f6e2722206c6566743d2233363639352220746f703d22343030393322206c6f676963616c69643d2233382220636f6e74726f6c69643d22333822206d617374657269643d2230222068696e74313d2230222068696e74323d2230222077696474683d223339353522206865696768743d223130383722206e6f726573697a653d223022206e6f6d6f76653d223022206e6f64656661756c74617474616368706f696e74733d223122206175746f647261673d2230222075736564656661756c7469646473686170653d2230222073656c65637461626c653d2231222073686f7773656c656374696f6e68616e646c65733d22302220616c6c6f776e756467696e673d223122206973616e6e6f746174696f6e3d22302220646f6e746175746f6c61796f75743d2230222067726f7570636f6c6c61707365643d2230222074616273746f703d2231222076697369626c653d22312220736e6170746f677269643d2230223e3c636f6e74726f6c3e3c646473786d6c6f626a3e3c706f6c796c696e6520656e64747970656473743d22302220656e64747970657372633d2232222075736572636f6c6f723d22313537393033323022206c696e657374796c653d223022206c696e6572656e6465723d22302220637573746f6d656e647479706564737469643d22302220637573746f6d656e647479706573726369643d2230222061646f726e7376697369626c653d2231223e3c61646f726e6d656e742070657263656e74706f733d2234392e393731373939323130333737392220636f6e74726f6c69643d223339222077696474683d223337303622206865696768743d223333312220736964653d223122206265686176696f723d2233222068696d65747269633d223138323622206469737466726f6d6c696e653d22313735222073746172746f626a3d22302220783d2233383834382220793d223430383234222076697369626c653d22302220616c6c6f776f7665726c61703d2231222075736570657263656e743d2231222f3e3c2f706f6c796c696e653e3c2f646473786d6c6f626a3e3c2f636f6e74726f6c3e3c6c61796f75746f626a6563743e3c646473786d6c6f626a2f3e3c2f6c61796f75746f626a6563743e3c636f6e6e6563746f7220736f7572636569643d22323322206465737469643d2233372220736f75726365617474616368706f696e743d22313338222064657374617474616368706f696e743d22363322207365676d656e74656469746d6f64653d2230222062656e64706f696e74656469746d6f64653d2230222062656e64706f696e747669736962696c6974793d2230222072656c6174656469643d223022207669727475616c3d2230223e3c706f696e7420783d2234303335302220793d223430353030222f3e3c706f696e7420783d2233383637332220793d223430353030222f3e3c706f696e7420783d2233383637332220793d223430383030222f3e3c706f696e7420783d2233363939352220793d223430383030222f3e3c2f636f6e6e6563746f723e3c2f646473636f6e74726f6c3e3c646473636f6e74726f6c2073656d616e746963636f6f6b69653d22303166363733333861303463383233662220636f6e74726f6c70726f6769643d224d534444532e546578742e3038302e3122206c6566743d2233383834382220746f703d22343038323422206c6f676963616c69643d2233392220636f6e74726f6c69643d22333922206d617374657269643d223338222068696e74313d2230222068696e74323d2230222077696474683d223337303622206865696768743d2233333122206e6f726573697a653d223122206e6f6d6f76653d223022206e6f64656661756c74617474616368706f696e74733d223122206175746f647261673d2231222075736564656661756c7469646473686170653d2231222073656c65637461626c653d2231222073686f7773656c656374696f6e68616e646c65733d22312220616c6c6f776e756467696e673d223122206973616e6e6f746174696f6e3d22302220646f6e746175746f6c61796f75743d2231222067726f7570636f6c6c61707365643d2230222074616273746f703d2230222076697369626c653d22302220736e6170746f677269643d2230223e3c636f6e74726f6c3e3c646473786d6c6f626a65637473747265616d696e6974777261707065722062696e6172793d22303030323030303037613065303030303462303130303030303330303030303030303030303530303030383030383030303038303031303030303030313530303031303030303030393030313965333330313030303635343631363836663664363131393030343630303462303035663030353030303732303036663030363430303735303036333030373430303533303036353030363330303734303036393030366630303665303035663030353030303732303036663030363430303735303036333030373430303030303030303030222f3e3c2f636f6e74726f6c3e3c6c61796f75746f626a6563743e3c646473786d6c6f626a2f3e3c2f6c61796f75746f626a6563743e3c73686170652067726f7570736861706569643d2230222067726f75706e6f64653d2230222f3e3c2f646473636f6e74726f6c3e3c646473636f6e74726f6c20636f6e74726f6c70726f6769643d227b36323341433037352d324337372d343837332d383833442d3933304234333634423442437d2220746f6f6c7469703d2250726f6475637453697a6522206c6566743d2235373135302220746f703d22343635303022206c6f676963616c69643d2234302220636f6e74726f6c69643d22343022206d617374657269643d2230222068696e74313d2230222068696e74323d2230222077696474683d223536303922206865696768743d223231313722206e6f726573697a653d223022206e6f6d6f76653d223022206e6f64656661756c74617474616368706f696e74733d223022206175746f647261673d2230222075736564656661756c7469646473686170653d2230222073656c65637461626c653d2231222073686f7773656c656374696f6e68616e646c65733d22302220616c6c6f776e756467696e673d223122206973616e6e6f746174696f6e3d22302220646f6e746175746f6c61796f75743d2230222067726f7570636f6c6c61707365643d2230222074616273746f703d2231222076697369626c653d22312220736e6170746f677269643d2231223e3c636f6e74726f6c3e3c646473786d6c6f626a65637473747265616d696e6974777261707065722062696e6172793d2232313433333431323038303030303030653931353030303034353038303030303738353633343132303730303030303031343031303030303530303037323030366630303634303037353030363330303734303035333030363930303761303036353030303030303030303030303030303030303030303030303030303030303030303030303030303030303030303030303030303030303030303030303030303030303030303030303030303030303030303030303030303030303030303030303030303030303030303030303030303030303030303030303030303030303030303030303030303030303030303030303030303030303030303030303030303030303030303030303030303030303030303030303030303030303030303030303030303030303030303030303030303030303030303030303030303030303030303030303030303030303030303030303030303030303030303030303030303030303030303030303030303030303030303030303030303030303030303030303030303030303030303030303030303030303030303030303030303030303030303030303030303030303030303030303030303030303030303030303030303030303030303030303030303030303030303030303030303030303030303030303030303030303030303030303030303030303030303030303030303030303030303030303030303030303030303030303030303030303030303030303030303030303030303030313030303030303035303030303030353430303030303032633030303030303263303030303030326330303030303033343030303030303030303030303030303030303030303031353465303030306138313230303030303030303030303032643031303030303037303030303030306330303030303030373030303030303163303130303030306331323030303063343065303030303438303330303030316130343030303064663032303030306438303930303030323730363030303062313033303030303237303630303030636230373030303035353035303030303030303030303030303130303030303065393135303030303435303830303030303030303030303030323030303030303032303030303030303230303030303030323030303030303163303130303030623930613030303030303030303030303031303030303030393232323030303038633034303030303030303030303030303130303030303030313030303030303032303030303030303230303030303031633031303030303063313230303030303130303030303030303030303030303932323230303030383830323030303030303030303030303030303030303030303030303030303030323030303030303032303030303030316330313030303030633132303030303030303030303030303030303030303037323566303030306266316530303030303030303030303030303030303030303064303030303030303430303030303030343030303030303163303130303030306331323030303035343135303030303230306430303030373835363334313230343030303030303630303030303030303130303030303030313030303030303062303030303030303030303030303030313030303030303032303030303030303330303030303030343030303030303035303030303030303630303030303030373030303030303038303030303030303930303030303030613030303030303034303030303030363430303632303036663030303030303063303030303030353030303732303036663030363430303735303036333030373430303533303036393030376130303635303030303030222f3e3c2f636f6e74726f6c3e3c6c61796f75746f626a6563743e3c646473786d6c6f626a3e3c70726f7065727479206e616d653d224163746976655461626c65566965774d6f6465222076616c75653d22312220766172747970653d2238222f3e3c70726f7065727479206e616d653d225461626c65566965774d6f64653a30222076616c75653d22342c302c3238342c302c343632302c312c333738302c352c323532302220766172747970653d2238222f3e3c70726f7065727479206e616d653d225461626c65566965774d6f64653a31222076616c75653d22322c302c3238342c302c323734352220766172747970653d2238222f3e3c70726f7065727479206e616d653d225461626c65566965774d6f64653a32222076616c75653d22322c302c3238342c302c343632302220766172747970653d2238222f3e3c70726f7065727479206e616d653d225461626c65566965774d6f64653a33222076616c75653d22322c302c3238342c302c343632302220766172747970653d2238222f3e3c70726f7065727479206e616d653d225461626c65566965774d6f64653a34222076616c75653d22342c302c3238342c302c343632302c31322c353436302c31312c333336302220766172747970653d2238222f3e3c2f646473786d6c6f626a3e3c2f6c61796f75746f626a6563743e3c73686170652067726f7570736861706569643d2230222067726f75706e6f64653d2230222f3e3c2f646473636f6e74726f6c3e3c646473636f6e74726f6c20636f6e74726f6c70726f6769643d227b36323341433037352d324337372d343837332d383833442d3933304234333634423442437d2220746f6f6c7469703d2250726f64756374566172696174696f6e22206c6566743d2235303535302220746f703d22343039353022206c6f676963616c69643d2234312220636f6e74726f6c69643d22343122206d617374657269643d2230222068696e74313d2230222068696e74323d2230222077696474683d223439373522206865696768743d223532393222206e6f726573697a653d223022206e6f6d6f76653d223022206e6f64656661756c74617474616368706f696e74733d223022206175746f647261673d2230222075736564656661756c7469646473686170653d2230222073656c65637461626c653d2231222073686f7773656c656374696f6e68616e646c65733d22302220616c6c6f776e756467696e673d223122206973616e6e6f746174696f6e3d22302220646f6e746175746f6c61796f75743d2230222067726f7570636f6c6c61707365643d2230222074616273746f703d2231222076697369626c653d22312220736e6170746f677269643d2231223e3c636f6e74726f6c3e3c646473786d6c6f626a65637473747265616d696e6974777261707065722062696e6172793d22323134333334313230383030303030303666313330303030616331343030303037383536333431323037303030303030313430313030303035303030373230303666303036343030373530303633303037343030353630303631303037323030363930303631303037343030363930303666303036653030303030303030303030303030303030303030303030303030303030303030303030303030303030303030303030303030303030303030303030303030303030303030303030303030303030303030303030303030303030303030303030303030303030303030303030303030303030303030303030303030303030303030303030303030303030303030303030303030303030303030303030303030303030303030303030303030303030303030303030303030303030303030303030303030303030303030303030303030303030303030303030303030303030303030303030303030303030303030303030303030303030303030303030303030303030303030303030303030303030303030303030303030303030303030303030303030303030303030303030303030303030303030303030303030303030303030303030303030303030303030303030303030303030303030303030303030303030303030303030303030303030303030303030303030303030303030303030303030303030303030303030303030303030303030303030303030303030303030303030303030303030303030303030303030303130303030303030353030303030303534303030303030326330303030303032633030303030303263303030303030333430303030303030303030303030303030303030303030313534653030303062343138303030303030303030303030326430313030303030613030303030303063303030303030303730303030303031633031303030303063313230303030633430653030303034383033303030303161303430303030646630323030303064383039303030303237303630303030623130333030303032373036303030306362303730303030353530353030303030303030303030303031303030303030366631333030303061633134303030303030303030303030303830303030303030383030303030303032303030303030303230303030303031633031303030303531303930303030303030303030303030313030303030303932323230303030393830613030303030303030303030303034303030303030303430303030303030323030303030303032303030303030316330313030303030633132303030303031303030303030303030303030303039323232303030303838303230303030303030303030303030303030303030303030303030303030303230303030303030323030303030303163303130303030306331323030303030303030303030303030303030303030373235663030303062663165303030303030303030303030303030303030303030643030303030303034303030303030303430303030303031633031303030303063313230303030353431353030303032303064303030303738353633343132303430303030303036613030303030303031303030303030303130303030303030623030303030303030303030303030303130303030303030323030303030303033303030303030303430303030303030353030303030303036303030303030303730303030303030383030303030303039303030303030306130303030303030343030303030303634303036323030366630303030303031313030303030303530303037323030366630303634303037353030363330303734303035363030363130303732303036393030363130303734303036393030366630303665303030303030222f3e3c2f636f6e74726f6c3e3c6c61796f75746f626a6563743e3c646473786d6c6f626a3e3c70726f7065727479206e616d653d224163746976655461626c65566965774d6f6465222076616c75653d22312220766172747970653d2238222f3e3c70726f7065727479206e616d653d225461626c65566965774d6f64653a30222076616c75653d22342c302c3238342c302c343632302c312c333738302c352c323532302220766172747970653d2238222f3e3c70726f7065727479206e616d653d225461626c65566965774d6f64653a31222076616c75653d22322c302c3238342c302c323338352220766172747970653d2238222f3e3c70726f7065727479206e616d653d225461626c65566965774d6f64653a32222076616c75653d22322c302c3238342c302c343632302220766172747970653d2238222f3e3c70726f7065727479206e616d653d225461626c65566965774d6f64653a33222076616c75653d22322c302c3238342c302c343632302220766172747970653d2238222f3e3c70726f7065727479206e616d653d225461626c65566965774d6f64653a34222076616c75653d22342c302c3238342c302c343632302c31322c353436302c31312c333336302220766172747970653d2238222f3e3c2f646473786d6c6f626a3e3c2f6c61796f75746f626a6563743e3c73686170652067726f7570736861706569643d2230222067726f75706e6f64653d2230222f3e3c2f646473636f6e74726f6c3e3c646473636f6e74726f6c2073656d616e746963636f6f6b69653d223031353964663362303130303030303036343030363230303666303030303030343630303462303035663030343930303664303037303030366630303732303037343030343230303639303036633030366330303434303036353030373430303631303036393030366330303566303035303030373230303666303036343030373530303633303037343030353630303631303037323030363930303631303037343030363930303666303036653030303030302220636f6e74726f6c70726f6769643d224d534444532e506f6c796c696e652e3038302e312220746f6f6c7469703d2252656c6174696f6e736869702027464b5f496d706f727442696c6c44657461696c5f50726f64756374566172696174696f6e27206265747765656e202750726f64756374566172696174696f6e2720616e642027496d706f727442696c6c44657461696c2722206c6566743d2234373632312220746f703d22333533323622206c6f676963616c69643d2234322220636f6e74726f6c69643d22343222206d617374657269643d2230222068696e74313d2230222068696e74323d2230222077696474683d223631383722206865696768743d223633323022206e6f726573697a653d223022206e6f6d6f76653d223022206e6f64656661756c74617474616368706f696e74733d223122206175746f647261673d2230222075736564656661756c7469646473686170653d2230222073656c65637461626c653d2231222073686f7773656c656374696f6e68616e646c65733d22302220616c6c6f776e756467696e673d223122206973616e6e6f746174696f6e3d22302220646f6e746175746f6c61796f75743d2230222067726f7570636f6c6c61707365643d2230222074616273746f703d2231222076697369626c653d22312220736e6170746f677269643d2230223e3c636f6e74726f6c3e3c646473786d6c6f626a3e3c706f6c796c696e6520656e64747970656473743d22302220656e64747970657372633d2232222075736572636f6c6f723d22313537393033323022206c696e657374796c653d223022206c696e6572656e6465723d22302220637573746f6d656e647479706564737469643d22302220637573746f6d656e647479706573726369643d2230222061646f726e7376697369626c653d2231223e3c61646f726e6d656e742070657263656e74706f733d2235352e353230323534313639393736322220636f6e74726f6c69643d223433222077696474683d223439373422206865696768743d223333312220736964653d223022206265686176696f723d2233222068696d65747269633d223537333222206469737466726f6d6c696e653d22313735222073746172746f626a3d22302220783d2235303330352220793d223337393832222076697369626c653d22302220616c6c6f776f7665726c61703d2231222075736570657263656e743d2231222f3e3c2f706f6c796c696e653e3c2f646473786d6c6f626a3e3c2f636f6e74726f6c3e3c6c61796f75746f626a6563743e3c646473786d6c6f626a2f3e3c2f6c61796f75746f626a6563743e3c636f6e6e6563746f7220736f7572636569643d22343122206465737469643d2231322220736f75726365617474616368706f696e743d223336222064657374617474616368706f696e743d223122207365676d656e74656469746d6f64653d2230222062656e64706f696e74656469746d6f64653d2230222062656e64706f696e747669736962696c6974793d2230222072656c6174656469643d223022207669727475616c3d2230223e3c706f696e7420783d2235333430302220793d223430393530222f3e3c706f696e7420783d2235333430302220793d223338343838222f3e3c706f696e7420783d2234383030302220793d223338343838222f3e3c706f696e7420783d2234383030302220793d223336303235222f3e3c2f636f6e6e6563746f723e3c2f646473636f6e74726f6c3e3c646473636f6e74726f6c2073656d616e746963636f6f6b69653d22303166363733333839383462383333662220636f6e74726f6c70726f6769643d224d534444532e546578742e3038302e3122206c6566743d2235303330352220746f703d22333739383222206c6f676963616c69643d2234332220636f6e74726f6c69643d22343322206d617374657269643d223432222068696e74313d2230222068696e74323d2230222077696474683d223439373422206865696768743d2233333122206e6f726573697a653d223122206e6f6d6f76653d223022206e6f64656661756c74617474616368706f696e74733d223122206175746f647261673d2231222075736564656661756c7469646473686170653d2231222073656c65637461626c653d2231222073686f7773656c656374696f6e68616e646c65733d22312220616c6c6f776e756467696e673d223122206973616e6e6f746174696f6e3d22302220646f6e746175746f6c61796f75743d2231222067726f7570636f6c6c61707365643d2230222074616273746f703d2230222076697369626c653d22302220736e6170746f677269643d2230223e3c636f6e74726f6c3e3c646473786d6c6f626a65637473747265616d696e6974777261707065722062696e6172793d223030303230303030366531333030303034623031303030303033303030303030303030303035303030303830303830303030383030313030303030303135303030313030303030303930303139653333303130303036353436313638366636643631323430303436303034623030356630303439303036643030373030303666303037323030373430303432303036393030366330303663303034343030363530303734303036313030363930303663303035663030353030303732303036663030363430303735303036333030373430303536303036313030373230303639303036313030373430303639303036663030366530303030303030303030222f3e3c2f636f6e74726f6c3e3c6c61796f75746f626a6563743e3c646473786d6c6f626a2f3e3c2f6c61796f75746f626a6563743e3c73686170652067726f7570736861706569643d2230222067726f75706e6f64653d2230222f3e3c2f646473636f6e74726f6c3e3c646473636f6e74726f6c2073656d616e746963636f6f6b69653d22303135396466336230313030303030303634303036323030366630303030303034363030346230303566303034663030373230303634303036353030373230303434303036353030373430303631303036393030366330303566303035303030373230303666303036343030373530303633303037343030353630303631303037323030363930303631303037343030363930303666303036653030303030302220636f6e74726f6c70726f6769643d224d534444532e506f6c796c696e652e3038302e312220746f6f6c7469703d2252656c6174696f6e736869702027464b5f4f7264657244657461696c5f50726f64756374566172696174696f6e27206265747765656e202750726f64756374566172696174696f6e2720616e6420274f7264657244657461696c2722206c6566743d2235343334332220746f703d22333739353522206c6f676963616c69643d2234342220636f6e74726f6c69643d22343422206d617374657269643d2230222068696e74313d2230222068696e74323d2230222077696474683d2238313522206865696768743d223336393122206e6f726573697a653d223022206e6f6d6f76653d223022206e6f64656661756c74617474616368706f696e74733d223122206175746f647261673d2230222075736564656661756c7469646473686170653d2230222073656c65637461626c653d2231222073686f7773656c656374696f6e68616e646c65733d22302220616c6c6f776e756467696e673d223122206973616e6e6f746174696f6e3d22302220646f6e746175746f6c61796f75743d2230222067726f7570636f6c6c61707365643d2230222074616273746f703d2231222076697369626c653d22312220736e6170746f677269643d2230223e3c636f6e74726f6c3e3c646473786d6c6f626a3e3c706f6c796c696e6520656e64747970656473743d22302220656e64747970657372633d2232222075736572636f6c6f723d22313537393033323022206c696e657374796c653d223022206c696e6572656e6465723d22302220637573746f6d656e647479706564737469643d22302220637573746f6d656e647479706573726369643d2230222061646f726e7376697369626c653d2231223e3c61646f726e6d656e742070657263656e74706f733d2235372e3732343939333430313935332220636f6e74726f6c69643d223435222077696474683d223434323622206865696768743d223333312220736964653d223022206265686176696f723d2233222068696d65747269633d223133323522206469737466726f6d6c696e653d22313735222073746172746f626a3d22302220783d2235343932352220793d223339343835222076697369626c653d22302220616c6c6f776f7665726c61703d2231222075736570657263656e743d2231222f3e3c2f706f6c796c696e653e3c2f646473786d6c6f626a3e3c2f636f6e74726f6c3e3c6c61796f75746f626a6563743e3c646473786d6c6f626a2f3e3c2f6c61796f75746f626a6563743e3c636f6e6e6563746f7220736f7572636569643d22343122206465737469643d2231392220736f75726365617474616368706f696e743d223534222064657374617474616368706f696e743d223122207365676d656e74656469746d6f64653d2230222062656e64706f696e74656469746d6f64653d2230222062656e64706f696e747669736962696c6974793d2230222072656c6174656469643d223022207669727475616c3d2230223e3c706f696e7420783d2235343735302220793d223430393530222f3e3c706f696e7420783d2235343735302220793d223338363534222f3e3c2f636f6e6e6563746f723e3c2f646473636f6e74726f6c3e3c646473636f6e74726f6c2073656d616e746963636f6f6b69653d22303166363733333864383462383333662220636f6e74726f6c70726f6769643d224d534444532e546578742e3038302e3122206c6566743d2235343932352220746f703d22333934383522206c6f676963616c69643d2234352220636f6e74726f6c69643d22343522206d617374657269643d223434222068696e74313d2230222068696e74323d2230222077696474683d223434323622206865696768743d2233333122206e6f726573697a653d223122206e6f6d6f76653d223022206e6f64656661756c74617474616368706f696e74733d223122206175746f647261673d2231222075736564656661756c7469646473686170653d2231222073656c65637461626c653d2231222073686f7773656c656374696f6e68616e646c65733d22312220616c6c6f776e756467696e673d223122206973616e6e6f746174696f6e3d22302220646f6e746175746f6c61796f75743d2231222067726f7570636f6c6c61707365643d2230222074616273746f703d2230222076697369626c653d22302220736e6170746f677269643d2230223e3c636f6e74726f6c3e3c646473786d6c6f626a65637473747265616d696e6974777261707065722062696e6172793d22303030323030303034613131303030303462303130303030303330303030303030303030303530303030383030383030303038303031303030303030313530303031303030303030393030313965333330313030303635343631363836663664363131663030343630303462303035663030346630303732303036343030363530303732303034343030363530303734303036313030363930303663303035663030353030303732303036663030363430303735303036333030373430303536303036313030373230303639303036313030373430303639303036663030366530303030303030303030222f3e3c2f636f6e74726f6c3e3c6c61796f75746f626a6563743e3c646473786d6c6f626a2f3e3c2f6c61796f75746f626a6563743e3c73686170652067726f7570736861706569643d2230222067726f75706e6f64653d2230222f3e3c2f646473636f6e74726f6c3e3c646473636f6e74726f6c2073656d616e746963636f6f6b69653d223031346333353734303130303030303036343030363230303666303030303030343630303462303035663030353030303732303036663030363430303735303036333030373430303536303036313030373230303639303036313030373430303639303036663030366530303566303035303030373230303666303036343030373530303633303037343030303030302220636f6e74726f6c70726f6769643d224d534444532e506f6c796c696e652e3038302e312220746f6f6c7469703d2252656c6174696f6e736869702027464b5f50726f64756374566172696174696f6e5f50726f6475637427206265747765656e202750726f647563742720616e64202750726f64756374566172696174696f6e2722206c6566743d2234353233362220746f703d22333930343322206c6f676963616c69643d2234362220636f6e74726f6c69643d22343622206d617374657269643d2230222068696e74313d2230222068696e74323d2230222077696474683d223734393422206865696768743d223236303722206e6f726573697a653d223022206e6f6d6f76653d223022206e6f64656661756c74617474616368706f696e74733d223122206175746f647261673d2230222075736564656661756c7469646473686170653d2230222073656c65637461626c653d2231222073686f7773656c656374696f6e68616e646c65733d22302220616c6c6f776e756467696e673d223122206973616e6e6f746174696f6e3d22302220646f6e746175746f6c61796f75743d2230222067726f7570636f6c6c61707365643d2230222074616273746f703d2231222076697369626c653d22312220736e6170746f677269643d2230223e3c636f6e74726f6c3e3c646473786d6c6f626a3e3c706f6c796c696e6520656e64747970656473743d22302220656e64747970657372633d2232222075736572636f6c6f723d22313537393033323022206c696e657374796c653d223022206c696e6572656e6465723d22302220637573746f6d656e647479706564737469643d22302220637573746f6d656e647479706573726369643d2230222061646f726e7376697369626c653d2231223e3c61646f726e6d656e742070657263656e74706f733d2237312e383034313035313439343431382220636f6e74726f6c69643d223437222077696474683d223339323122206865696768743d223333312220736964653d223022206265686176696f723d2233222068696d65747269633d223539363922206469737466726f6d6c696e653d22313735222073746172746f626a3d22302220783d2234373931362220793d223339363235222076697369626c653d22302220616c6c6f776f7665726c61703d2231222075736570657263656e743d2231222f3e3c2f706f6c796c696e653e3c2f646473786d6c6f626a3e3c2f636f6e74726f6c3e3c6c61796f75746f626a6563743e3c646473786d6c6f626a2f3e3c2f6c61796f75746f626a6563743e3c636f6e6e6563746f7220736f7572636569643d22323322206465737469643d2234312220736f75726365617474616368706f696e743d22313235222064657374617474616368706f696e743d22323222207365676d656e74656469746d6f64653d2230222062656e64706f696e74656469746d6f64653d2230222062656e64706f696e747669736962696c6974793d2230222072656c6174656469643d223022207669727475616c3d2230223e3c706f696e7420783d2234353533362220793d223339343530222f3e3c706f696e7420783d2235323335302220793d223339343530222f3e3c706f696e7420783d2235323335302220793d223430393530222f3e3c2f636f6e6e6563746f723e3c2f646473636f6e74726f6c3e3c646473636f6e74726f6c2073656d616e746963636f6f6b69653d22303166363733333835383462383333662220636f6e74726f6c70726f6769643d224d534444532e546578742e3038302e3122206c6566743d2234373931362220746f703d22333936323522206c6f676963616c69643d2234372220636f6e74726f6c69643d22343722206d617374657269643d223436222068696e74313d2230222068696e74323d2230222077696474683d223339323122206865696768743d2233333122206e6f726573697a653d223122206e6f6d6f76653d223022206e6f64656661756c74617474616368706f696e74733d223122206175746f647261673d2231222075736564656661756c7469646473686170653d2231222073656c65637461626c653d2231222073686f7773656c656374696f6e68616e646c65733d22312220616c6c6f776e756467696e673d223122206973616e6e6f746174696f6e3d22302220646f6e746175746f6c61796f75743d2231222067726f7570636f6c6c61707365643d2230222074616273746f703d2230222076697369626c653d22302220736e6170746f677269643d2230223e3c636f6e74726f6c3e3c646473786d6c6f626a65637473747265616d696e6974777261707065722062696e6172793d223030303230303030353130663030303034623031303030303033303030303030303030303035303030303830303830303030383030313030303030303135303030313030303030303930303139653333303130303036353436313638366636643631316230303436303034623030356630303530303037323030366630303634303037353030363330303734303035363030363130303732303036393030363130303734303036393030366630303665303035663030353030303732303036663030363430303735303036333030373430303030303030303030222f3e3c2f636f6e74726f6c3e3c6c61796f75746f626a6563743e3c646473786d6c6f626a2f3e3c2f6c61796f75746f626a6563743e3c73686170652067726f7570736861706569643d2230222067726f75706e6f64653d2230222f3e3c2f646473636f6e74726f6c3e3c646473636f6e74726f6c2073656d616e746963636f6f6b69653d2230313634663737353031303030303030363430303632303036663030303030303436303034623030356630303530303037323030366630303634303037353030363330303734303035363030363130303732303036393030363130303734303036393030366630303665303035663030353030303732303036663030363430303735303036333030373430303433303036663030366330303666303037323030303030302220636f6e74726f6c70726f6769643d224d534444532e506f6c796c696e652e3038302e312220746f6f6c7469703d2252656c6174696f6e736869702027464b5f50726f64756374566172696174696f6e5f50726f64756374436f6c6f7227206265747765656e202750726f64756374436f6c6f722720616e64202750726f64756374566172696174696f6e2722206c6566743d2234333438302220746f703d22343535343322206c6f676963616c69643d2234382220636f6e74726f6c69643d22343822206d617374657269643d2230222068696e74313d2230222068696e74323d2230222077696474683d223932353022206865696768743d223430363522206e6f726573697a653d223022206e6f6d6f76653d223022206e6f64656661756c74617474616368706f696e74733d223122206175746f647261673d2230222075736564656661756c7469646473686170653d2230222073656c65637461626c653d2231222073686f7773656c656374696f6e68616e646c65733d22302220616c6c6f776e756467696e673d223122206973616e6e6f746174696f6e3d22302220646f6e746175746f6c61796f75743d2230222067726f7570636f6c6c61707365643d2230222074616273746f703d2231222076697369626c653d22312220736e6170746f677269643d2230223e3c636f6e74726f6c3e3c646473786d6c6f626a3e3c706f6c796c696e6520656e64747970656473743d22302220656e64747970657372633d2232222075736572636f6c6f723d22313537393033323022206c696e657374796c653d223022206c696e6572656e6465723d22302220637573746f6d656e647479706564737469643d22302220637573746f6d656e647479706573726369643d2230222061646f726e7376697369626c653d2231223e3c61646f726e6d656e742070657263656e74706f733d2234392e393831313436333034363735372220636f6e74726f6c69643d223439222077696474683d223436313322206865696768743d223333312220736964653d223022206265686176696f723d2233222068696d65747269633d223537363122206469737466726f6d6c696e653d22313735222073746172746f626a3d22302220783d2234393635382220793d223439333735222076697369626c653d22302220616c6c6f776f7665726c61703d2231222075736570657263656e743d2231222f3e3c2f706f6c796c696e653e3c2f646473786d6c6f626a3e3c2f636f6e74726f6c3e3c6c61796f75746f626a6563743e3c646473786d6c6f626a2f3e3c2f6c61796f75746f626a6563743e3c636f6e6e6563746f7220736f7572636569643d22333122206465737469643d2234312220736f75726365617474616368706f696e743d223937222064657374617474616368706f696e743d22323322207365676d656e74656469746d6f64653d2230222062656e64706f696e74656469746d6f64653d2230222062656e64706f696e747669736962696c6974793d2230222072656c6174656469643d223022207669727475616c3d2230223e3c706f696e7420783d2234333738302220793d223439323030222f3e3c706f696e7420783d2235323335302220793d223439323030222f3e3c706f696e7420783d2235323335302220793d223436323432222f3e3c2f636f6e6e6563746f723e3c2f646473636f6e74726f6c3e3c646473636f6e74726f6c2073656d616e746963636f6f6b69653d22303166363733333831383466383333662220636f6e74726f6c70726f6769643d224d534444532e546578742e3038302e3122206c6566743d2234393635382220746f703d22343933373522206c6f676963616c69643d2234392220636f6e74726f6c69643d22343922206d617374657269643d223438222068696e74313d2230222068696e74323d2230222077696474683d223436313322206865696768743d2233333122206e6f726573697a653d223122206e6f6d6f76653d223022206e6f64656661756c74617474616368706f696e74733d223122206175746f647261673d2231222075736564656661756c7469646473686170653d2231222073656c65637461626c653d2231222073686f7773656c656374696f6e68616e646c65733d22312220616c6c6f776e756467696e673d223122206973616e6e6f746174696f6e3d22302220646f6e746175746f6c61796f75743d2231222067726f7570636f6c6c61707365643d2230222074616273746f703d2230222076697369626c653d22302220736e6170746f677269643d2230223e3c636f6e74726f6c3e3c646473786d6c6f626a65637473747265616d696e6974777261707065722062696e6172793d2230303032303030303035313230303030346230313030303030333030303030303030303030353030303038303038303030303830303130303030303031353030303130303030303039303031396533333031303030363534363136383666366436313230303034363030346230303566303035303030373230303666303036343030373530303633303037343030353630303631303037323030363930303631303037343030363930303666303036653030356630303530303037323030366630303634303037353030363330303734303034333030366630303663303036663030373230303030303030303030222f3e3c2f636f6e74726f6c3e3c6c61796f75746f626a6563743e3c646473786d6c6f626a2f3e3c2f6c61796f75746f626a6563743e3c73686170652067726f7570736861706569643d2230222067726f75706e6f64653d2230222f3e3c2f646473636f6e74726f6c3e3c646473636f6e74726f6c2073656d616e746963636f6f6b69653d22303135396466336230313030303030303634303036323030366630303030303034363030346230303566303035303030373230303666303036343030373530303633303037343030353630303631303037323030363930303631303037343030363930303666303036653030356630303530303037323030366630303634303037353030363330303734303035333030363930303761303036353030303030302220636f6e74726f6c70726f6769643d224d534444532e506f6c796c696e652e3038302e312220746f6f6c7469703d2252656c6174696f6e736869702027464b5f50726f64756374566172696174696f6e5f50726f6475637453697a6527206265747765656e202750726f6475637453697a652720616e64202750726f64756374566172696174696f6e2722206c6566743d2235353232352220746f703d22343536373122206c6f676963616c69643d2235302220636f6e74726f6c69643d22353022206d617374657269643d2230222068696e74313d2230222068696e74323d2230222077696474683d223237383322206865696768743d223135323522206e6f726573697a653d223022206e6f6d6f76653d223022206e6f64656661756c74617474616368706f696e74733d223122206175746f647261673d2230222075736564656661756c7469646473686170653d2230222073656c65637461626c653d2231222073686f7773656c656374696f6e68616e646c65733d22302220616c6c6f776e756467696e673d223122206973616e6e6f746174696f6e3d22302220646f6e746175746f6c61796f75743d2230222067726f7570636f6c6c61707365643d2230222074616273746f703d2231222076697369626c653d22312220736e6170746f677269643d2230223e3c636f6e74726f6c3e3c646473786d6c6f626a3e3c706f6c796c696e6520656e64747970656473743d22302220656e64747970657372633d2232222075736572636f6c6f723d22313537393033323022206c696e657374796c653d223022206c696e6572656e6465723d22302220637573746f6d656e647479706564737469643d22302220637573746f6d656e647479706573726369643d2230222061646f726e7376697369626c653d2231223e3c61646f726e6d656e742070657263656e74706f733d2236382e373837303735363032363735382220636f6e74726f6c69643d223531222077696474683d223434353522206865696768743d223333312220736964653d223022206265686176696f723d2233222068696d65747269633d223137333622206469737466726f6d6c696e653d22313735222073746172746f626a3d22302220783d2235363338302220793d223435353434222076697369626c653d22302220616c6c6f776f7665726c61703d2231222075736570657263656e743d2231222f3e3c2f706f6c796c696e653e3c2f646473786d6c6f626a3e3c2f636f6e74726f6c3e3c6c61796f75746f626a6563743e3c646473786d6c6f626a2f3e3c2f6c61796f75746f626a6563743e3c636f6e6e6563746f7220736f7572636569643d22343022206465737469643d2234312220736f75726365617474616368706f696e743d2234222064657374617474616368706f696e743d2231333122207365676d656e74656469746d6f64653d2230222062656e64706f696e74656469746d6f64653d2230222062656e64706f696e747669736962696c6974793d2230222072656c6174656469643d223022207669727475616c3d2230223e3c706f696e7420783d2235373630302220793d223436353030222f3e3c706f696e7420783d2235373630302220793d223436303530222f3e3c706f696e7420783d2235353532352220793d223436303530222f3e3c2f636f6e6e6563746f723e3c2f646473636f6e74726f6c3e3c646473636f6e74726f6c2073656d616e746963636f6f6b69653d22303166363733333864383461383333662220636f6e74726f6c70726f6769643d224d534444532e546578742e3038302e3122206c6566743d2235363338302220746f703d22343535343422206c6f676963616c69643d2235312220636f6e74726f6c69643d22353122206d617374657269643d223530222068696e74313d2230222068696e74323d2230222077696474683d223434353522206865696768743d2233333122206e6f726573697a653d223122206e6f6d6f76653d223022206e6f64656661756c74617474616368706f696e74733d223122206175746f647261673d2231222075736564656661756c7469646473686170653d2231222073656c65637461626c653d2231222073686f7773656c656374696f6e68616e646c65733d22312220616c6c6f776e756467696e673d223122206973616e6e6f746174696f6e3d22302220646f6e746175746f6c61796f75743d2231222067726f7570636f6c6c61707365643d2230222074616273746f703d2230222076697369626c653d22302220736e6170746f677269643d2230223e3c636f6e74726f6c3e3c646473786d6c6f626a65637473747265616d696e6974777261707065722062696e6172793d22303030323030303036373131303030303462303130303030303330303030303030303030303530303030383030383030303038303031303030303030313530303031303030303030393030313965333330313030303635343631363836663664363131663030343630303462303035663030353030303732303036663030363430303735303036333030373430303536303036313030373230303639303036313030373430303639303036663030366530303566303035303030373230303666303036343030373530303633303037343030353330303639303037613030363530303030303030303030222f3e3c2f636f6e74726f6c3e3c6c61796f75746f626a6563743e3c646473786d6c6f626a2f3e3c2f6c61796f75746f626a6563743e3c73686170652067726f7570736861706569643d2230222067726f75706e6f64653d2230222f3e3c2f646473636f6e74726f6c3e3c646473636f6e74726f6c2073656d616e746963636f6f6b69653d22303131666563366430313030303030303634303036323030366630303030303034363030346230303566303034363030363530303635303036343030363230303631303036333030366230303566303035303030373230303666303036343030373530303633303037343030353630303631303037323030363930303631303037343030363930303666303036653030303030302220636f6e74726f6c70726f6769643d224d534444532e506f6c796c696e652e3038302e312220746f6f6c7469703d2252656c6174696f6e736869702027464b5f466565646261636b5f50726f64756374566172696174696f6e27206265747765656e202750726f64756374566172696174696f6e2720616e642027466565646261636b2722206c6566743d2235353232352220746f703d22343333393322206c6f676963616c69643d2235322220636f6e74726f6c69643d22353222206d617374657269643d2230222068696e74313d2230222068696e74323d2230222077696474683d223536373522206865696768743d2238313522206e6f726573697a653d223022206e6f6d6f76653d223022206e6f64656661756c74617474616368706f696e74733d223122206175746f647261673d2230222075736564656661756c7469646473686170653d2230222073656c65637461626c653d2231222073686f7773656c656374696f6e68616e646c65733d22302220616c6c6f776e756467696e673d223122206973616e6e6f746174696f6e3d22302220646f6e746175746f6c61796f75743d2230222067726f7570636f6c6c61707365643d2230222074616273746f703d2231222076697369626c653d22312220736e6170746f677269643d2230223e3c636f6e74726f6c3e3c646473786d6c6f626a3e3c706f6c796c696e6520656e64747970656473743d22302220656e64747970657372633d2232222075736572636f6c6f723d22313537393033323022206c696e657374796c653d223022206c696e6572656e6465723d22302220637573746f6d656e647479706564737469643d22302220637573746f6d656e647479706573726369643d2230222061646f726e7376697369626c653d2231223e3c61646f726e6d656e742070657263656e74706f733d2235332e3532383530343537333439352220636f6e74726f6c69643d223533222077696474683d223431353222206865696768743d223333312220736964653d223022206265686176696f723d2233222068696d65747269633d223237313622206469737466726f6d6c696e653d22313735222073746172746f626a3d22302220783d2235363031382220793d223433393735222076697369626c653d22302220616c6c6f776f7665726c61703d2231222075736570657263656e743d2231222f3e3c2f706f6c796c696e653e3c2f646473786d6c6f626a3e3c2f636f6e74726f6c3e3c6c61796f75746f626a6563743e3c646473786d6c6f626a2f3e3c2f6c61796f75746f626a6563743e3c636f6e6e6563746f7220736f7572636569643d22343122206465737469643d22382220736f75726365617474616368706f696e743d22313031222064657374617474616368706f696e743d2231303622207365676d656e74656469746d6f64653d2230222062656e64706f696e74656469746d6f64653d2230222062656e64706f696e747669736962696c6974793d2230222072656c6174656469643d223022207669727475616c3d2230223e3c706f696e7420783d2235353532352220793d223433383030222f3e3c706f696e7420783d2236303630302220793d223433383030222f3e3c2f636f6e6e6563746f723e3c2f646473636f6e74726f6c3e3c646473636f6e74726f6c2073656d616e746963636f6f6b69653d22303166363733333835383466383333662220636f6e74726f6c70726f6769643d224d534444532e546578742e3038302e3122206c6566743d2235363031382220746f703d22343339373522206c6f676963616c69643d2235332220636f6e74726f6c69643d22353322206d617374657269643d223532222068696e74313d2230222068696e74323d2230222077696474683d223431353222206865696768743d2233333122206e6f726573697a653d223122206e6f6d6f76653d223022206e6f64656661756c74617474616368706f696e74733d223122206175746f647261673d2231222075736564656661756c7469646473686170653d2231222073656c65637461626c653d2231222073686f7773656c656374696f6e68616e646c65733d22312220616c6c6f776e756467696e673d223122206973616e6e6f746174696f6e3d22302220646f6e746175746f6c61796f75743d2231222067726f7570636f6c6c61707365643d2230222074616273746f703d2230222076697369626c653d22302220736e6170746f677269643d2230223e3c636f6e74726f6c3e3c646473786d6c6f626a65637473747265616d696e6974777261707065722062696e6172793d22303030323030303033383130303030303462303130303030303330303030303030303030303530303030383030383030303038303031303030303030313530303031303030303030393030313965333330313030303635343631363836663664363131633030343630303462303035663030343630303635303036353030363430303632303036313030363330303662303035663030353030303732303036663030363430303735303036333030373430303536303036313030373230303639303036313030373430303639303036663030366530303030303030303030222f3e3c2f636f6e74726f6c3e3c6c61796f75746f626a6563743e3c646473786d6c6f626a2f3e3c2f6c61796f75746f626a6563743e3c73686170652067726f7570736861706569643d2230222067726f75706e6f64653d2230222f3e3c2f646473636f6e74726f6c3e3c646473636f6e74726f6c20636f6e74726f6c70726f6769643d227b36323341433037352d324337372d343837332d383833442d3933304234333634423442437d2220746f6f6c7469703d22526f6c6522206c6566743d2233323535302220746f703d22323334303022206c6f676963616c69643d2235342220636f6e74726f6c69643d22353422206d617374657269643d2230222068696e74313d2230222068696e74323d2230222077696474683d223339363922206865696768743d223333303722206e6f726573697a653d223022206e6f6d6f76653d223022206e6f64656661756c74617474616368706f696e74733d223022206175746f647261673d2230222075736564656661756c7469646473686170653d2230222073656c65637461626c653d2231222073686f7773656c656374696f6e68616e646c65733d22302220616c6c6f776e756467696e673d223122206973616e6e6f746174696f6e3d22302220646f6e746175746f6c61796f75743d2230222067726f7570636f6c6c61707365643d2230222074616273746f703d2231222076697369626c653d22312220736e6170746f677269643d2231223e3c636f6e74726f6c3e3c646473786d6c6f626a65637473747265616d696e6974777261707065722062696e6172793d22323134333334313230383030303030303831306630303030656230633030303037383536333431323037303030303030313430313030303035323030366630303663303036353030303030303030303030303030303030303030303030303030303030303030303030303030303030303030303030303030303030303030303030303030303030303030303030303030303030303030303030303030303030303030303030303030303030303030303030303030303030303030303030303030303030303030303030303030303030303030303030303030303030303030303030303030303030303030303030303030303030303030303030303030303030303030303030303030303030303030303030303030303030303030303030303030303030303030303030303030303030303030303030303030303030303030303030303030303030303030303030303030303030303030303030303030303030303030303030303030303030303030303030303030303030303030303030303030303030303030303030303030303030303030303030303030303030303030303030303030303030303030303030303030303030303030303030303030303030303030303030303030303030303030303030303030303030303030303030303030303030303030303030303030303030303030303030303030303030303030303030303030303030303030303030303030303030303030303030303030303030303030303030303030303130303030303030353030303030303534303030303030326330303030303032633030303030303263303030303030333430303030303030303030303030303030303030303030313534653030303061383132303030303030303030303030326430313030303030373030303030303063303030303030303730303030303031633031303030303063313230303030633430653030303034383033303030303161303430303030646630323030303064383039303030303237303630303030623130333030303032373036303030306362303730303030353530353030303030303030303030303031303030303030383130663030303065623063303030303030303030303030303230303030303030323030303030303032303030303030303230303030303031633031303030303137303730303030303030303030303030313030303030303932323230303030386330343030303030303030303030303031303030303030303130303030303030323030303030303032303030303030316330313030303030633132303030303031303030303030303030303030303039323232303030303838303230303030303030303030303030303030303030303030303030303030303230303030303030323030303030303163303130303030306331323030303030303030303030303030303030303030373235663030303062663165303030303030303030303030303030303030303030643030303030303034303030303030303430303030303031633031303030303063313230303030353431353030303032303064303030303738353633343132303430303030303035323030303030303031303030303030303130303030303030623030303030303030303030303030303130303030303030323030303030303033303030303030303430303030303030353030303030303036303030303030303730303030303030383030303030303039303030303030306130303030303030343030303030303634303036323030366630303030303030353030303030303532303036663030366330303635303030303030222f3e3c2f636f6e74726f6c3e3c6c61796f75746f626a6563743e3c646473786d6c6f626a3e3c70726f7065727479206e616d653d224163746976655461626c65566965774d6f6465222076616c75653d22312220766172747970653d2238222f3e3c70726f7065727479206e616d653d225461626c65566965774d6f64653a30222076616c75653d22342c302c3238342c302c343632302c312c333738302c352c323532302220766172747970653d2238222f3e3c70726f7065727479206e616d653d225461626c65566965774d6f64653a31222076616c75653d22322c302c3238342c302c313831352220766172747970653d2238222f3e3c70726f7065727479206e616d653d225461626c65566965774d6f64653a32222076616c75653d22322c302c3238342c302c343632302220766172747970653d2238222f3e3c70726f7065727479206e616d653d225461626c65566965774d6f64653a33222076616c75653d22322c302c3238342c302c343632302220766172747970653d2238222f3e3c70726f7065727479206e616d653d225461626c65566965774d6f64653a34222076616c75653d22342c302c3238342c302c343632302c31322c353436302c31312c333336302220766172747970653d2238222f3e3c2f646473786d6c6f626a3e3c2f6c61796f75746f626a6563743e3c73686170652067726f7570736861706569643d2230222067726f75706e6f64653d2230222f3e3c2f646473636f6e74726f6c3e3c646473636f6e74726f6c2073656d616e746963636f6f6b69653d223031636534323734303130303030303036343030363230303666303030303030343630303462303035663030343330303732303036353030363430303635303036653030373430303639303036313030366330303566303035323030366630303663303036353030303030302220636f6e74726f6c70726f6769643d224d534444532e506f6c796c696e652e3038302e312220746f6f6c7469703d2252656c6174696f6e736869702027464b5f43726564656e7469616c5f526f6c6527206265747765656e2027526f6c652720616e64202743726564656e7469616c2722206c6566743d2233303436362220746f703d22323331343322206c6f676963616c69643d2235352220636f6e74726f6c69643d22353522206d617374657269643d2230222068696e74313d2230222068696e74323d2230222077696474683d223233383422206865696768743d2238313522206e6f726573697a653d223022206e6f6d6f76653d223022206e6f64656661756c74617474616368706f696e74733d223122206175746f647261673d2230222075736564656661756c7469646473686170653d2230222073656c65637461626c653d2231222073686f7773656c656374696f6e68616e646c65733d22302220616c6c6f776e756467696e673d223122206973616e6e6f746174696f6e3d22302220646f6e746175746f6c61796f75743d2230222067726f7570636f6c6c61707365643d2230222074616273746f703d2231222076697369626c653d22312220736e6170746f677269643d2230223e3c636f6e74726f6c3e3c646473786d6c6f626a3e3c706f6c796c696e6520656e64747970656473743d22302220656e64747970657372633d2232222075736572636f6c6f723d22313537393033323022206c696e657374796c653d223022206c696e6572656e6465723d22302220637573746f6d656e647479706564737469643d22302220637573746f6d656e647479706573726369643d2230222061646f726e7376697369626c653d2231223e3c61646f726e6d656e742070657263656e74706f733d2235302e3931343739373030383534372220636f6e74726f6c69643d223536222077696474683d223235393522206865696768743d223333312220736964653d223022206265686176696f723d2233222068696d65747269633d2239303822206469737466726f6d6c696e653d22313735222073746172746f626a3d22302220783d2233303336372220793d223233303434222076697369626c653d22302220616c6c6f776f7665726c61703d2231222075736570657263656e743d2231222f3e3c2f706f6c796c696e653e3c2f646473786d6c6f626a3e3c2f636f6e74726f6c3e3c6c61796f75746f626a6563743e3c646473786d6c6f626a2f3e3c2f6c61796f75746f626a6563743e3c636f6e6e6563746f7220736f7572636569643d22353422206465737469643d22322220736f75726365617474616368706f696e743d223530222064657374617474616368706f696e743d22363722207365676d656e74656469746d6f64653d2230222062656e64706f696e74656469746d6f64653d2230222062656e64706f696e747669736962696c6974793d2230222072656c6174656469643d223022207669727475616c3d2230223e3c706f696e7420783d2233323535302220793d223233353530222f3e3c706f696e7420783d2233303736362220793d223233353530222f3e3c2f636f6e6e6563746f723e3c2f646473636f6e74726f6c3e3c646473636f6e74726f6c2073656d616e746963636f6f6b69653d22303166363733333864383530383333662220636f6e74726f6c70726f6769643d224d534444532e546578742e3038302e3122206c6566743d2233303336372220746f703d22323330343422206c6f676963616c69643d2235362220636f6e74726f6c69643d22353622206d617374657269643d223535222068696e74313d2230222068696e74323d2230222077696474683d223235393522206865696768743d2233333122206e6f726573697a653d223122206e6f6d6f76653d223022206e6f64656661756c74617474616368706f696e74733d223122206175746f647261673d2231222075736564656661756c7469646473686170653d2231222073656c65637461626c653d2231222073686f7773656c656374696f6e68616e646c65733d22312220616c6c6f776e756467696e673d223122206973616e6e6f746174696f6e3d22302220646f6e746175746f6c61796f75743d2231222067726f7570636f6c6c61707365643d2230222074616273746f703d2230222076697369626c653d22302220736e6170746f677269643d2230223e3c636f6e74726f6c3e3c646473786d6c6f626a65637473747265616d696e6974777261707065722062696e6172793d223030303230303030323330613030303034623031303030303033303030303030303030306666666666663030303830303030383030313030303030303135303030313030303030303930303139653333303130303036353436313638366636643631313230303436303034623030356630303433303037323030363530303634303036353030366530303734303036393030363130303663303035663030353230303666303036633030363530303030303030303030222f3e3c2f636f6e74726f6c3e3c6c61796f75746f626a6563743e3c646473786d6c6f626a2f3e3c2f6c61796f75746f626a6563743e3c73686170652067726f7570736861706569643d2230222067726f75706e6f64653d2230222f3e3c2f646473636f6e74726f6c3e3c646473636f6e74726f6c20636f6e74726f6c70726f6769643d227b36323341433037352d324337372d343837332d383833442d3933304234333634423442437d2220746f6f6c7469703d2253656374696f6e22206c6566743d2233323730302220746f703d22333430353022206c6f676963616c69643d2235372220636f6e74726f6c69643d22353722206d617374657269643d2230222068696e74313d2230222068696e74323d2230222077696474683d223431353422206865696768743d223434313922206e6f726573697a653d223022206e6f6d6f76653d223022206e6f64656661756c74617474616368706f696e74733d223022206175746f647261673d2230222075736564656661756c7469646473686170653d2230222073656c65637461626c653d2231222073686f7773656c656374696f6e68616e646c65733d22302220616c6c6f776e756467696e673d223122206973616e6e6f746174696f6e3d22302220646f6e746175746f6c61796f75743d2230222067726f7570636f6c6c61707365643d2230222074616273746f703d2231222076697369626c653d22312220736e6170746f677269643d2231223e3c636f6e74726f6c3e3c646473786d6c6f626a65637473747265616d696e6974777261707065722062696e6172793d22323134333334313230383030303030303361313030303030343331313030303037383536333431323037303030303030313430313030303035333030363530303633303037343030363930303666303036653030303030303030303030303030303030303030303030303030303030303030303030303030303030303030303030303030303030303030303030303030303030303030303030303030303030303030303030303030303030303030303030303030303030303030303030303030303030303030303030303030303030303030303030303030303030303030303030303030303030303030303030303030303030303030303030303030303030303030303030303030303030303030303030303030303030303030303030303030303030303030303030303030303030303030303030303030303030303030303030303030303030303030303030303030303030303030303030303030303030303030303030303030303030303030303030303030303030303030303030303030303030303030303030303030303030303030303030303030303030303030303030303030303030303030303030303030303030303030303030303030303030303030303030303030303030303030303030303030303030303030303030303030303030303030303030303030303030303030303030303030303030303030303030303030303030303030303030303030303030303030303030303030303030303030303030303030303130303030303030353030303030303534303030303030326330303030303032633030303030303263303030303030333430303030303030303030303030303030303030303030313534653030303062623163303030303030303030303030326430313030303030633030303030303063303030303030303730303030303031633031303030303063313230303030633430653030303034383033303030303161303430303030646630323030303064383039303030303237303630303030623130333030303032373036303030306362303730303030353530353030303030303030303030303031303030303030336131303030303034333131303030303030303030303030306130303030303030613030303030303032303030303030303230303030303031633031303030303832303530303030303030303030303030313030303030303932323230303030393030363030303030303030303030303032303030303030303230303030303030323030303030303032303030303030316330313030303030633132303030303031303030303030303030303030303039323232303030303838303230303030303030303030303030303030303030303030303030303030303230303030303030323030303030303163303130303030306331323030303030303030303030303030303030303030373235663030303062663165303030303030303030303030303030303030303030643030303030303034303030303030303430303030303031633031303030303063313230303030353431353030303032303064303030303738353633343132303430303030303035383030303030303031303030303030303130303030303030623030303030303030303030303030303130303030303030323030303030303033303030303030303430303030303030353030303030303036303030303030303730303030303030383030303030303039303030303030306130303030303030343030303030303634303036323030366630303030303030383030303030303533303036353030363330303734303036393030366630303665303030303030222f3e3c2f636f6e74726f6c3e3c6c61796f75746f626a6563743e3c646473786d6c6f626a3e3c70726f7065727479206e616d653d224163746976655461626c65566965774d6f6465222076616c75653d22312220766172747970653d2238222f3e3c70726f7065727479206e616d653d225461626c65566965774d6f64653a30222076616c75653d22342c302c3238342c302c343632302c312c333738302c352c323532302220766172747970653d2238222f3e3c70726f7065727479206e616d653d225461626c65566965774d6f64653a31222076616c75653d22322c302c3238342c302c313431302220766172747970653d2238222f3e3c70726f7065727479206e616d653d225461626c65566965774d6f64653a32222076616c75653d22322c302c3238342c302c343632302220766172747970653d2238222f3e3c70726f7065727479206e616d653d225461626c65566965774d6f64653a33222076616c75653d22322c302c3238342c302c343632302220766172747970653d2238222f3e3c70726f7065727479206e616d653d225461626c65566965774d6f64653a34222076616c75653d22342c302c3238342c302c343632302c31322c353436302c31312c333336302220766172747970653d2238222f3e3c2f646473786d6c6f626a3e3c2f6c61796f75746f626a6563743e3c73686170652067726f7570736861706569643d2230222067726f75706e6f64653d2230222f3e3c2f646473636f6e74726f6c3e3c646473636f6e74726f6c2073656d616e746963636f6f6b69653d22303134633335373430313030303030303634303036323030366630303030303034363030346230303566303035303030373230303666303036343030373530303633303037343030353330303635303036333030373430303639303036663030366530303566303035333030363530303633303037343030363930303666303036653030303030302220636f6e74726f6c70726f6769643d224d534444532e506f6c796c696e652e3038302e312220746f6f6c7469703d2252656c6174696f6e736869702027464b5f50726f6475637453656374696f6e5f53656374696f6e27206265747765656e202753656374696f6e2720616e64202750726f6475637453656374696f6e2722206c6566743d2233363139332220746f703d22333737373422206c6f676963616c69643d2235382220636f6e74726f6c69643d22353822206d617374657269643d2230222068696e74313d2230222068696e74323d2230222077696474683d2238313522206865696768743d223335373622206e6f726573697a653d223022206e6f6d6f76653d223022206e6f64656661756c74617474616368706f696e74733d223122206175746f647261673d2230222075736564656661756c7469646473686170653d2230222073656c65637461626c653d2231222073686f7773656c656374696f6e68616e646c65733d22302220616c6c6f776e756467696e673d223122206973616e6e6f746174696f6e3d22302220646f6e746175746f6c61796f75743d2230222067726f7570636f6c6c61707365643d2230222074616273746f703d2231222076697369626c653d22312220736e6170746f677269643d2230223e3c636f6e74726f6c3e3c646473786d6c6f626a3e3c706f6c796c696e6520656e64747970656473743d22302220656e64747970657372633d2232222075736572636f6c6f723d22313537393033323022206c696e657374796c653d223022206c696e6572656e6465723d22302220637573746f6d656e647479706564737469643d22302220637573746f6d656e647479706573726369643d2230222061646f726e7376697369626c653d2231223e3c61646f726e6d656e742070657263656e74706f733d2235302220636f6e74726f6c69643d223539222077696474683d223336343822206865696768743d223333312220736964653d223022206265686176696f723d2233222068696d65747269633d223130393022206469737466726f6d6c696e653d22313735222073746172746f626a3d22302220783d2233323737372220793d223339333933222076697369626c653d22302220616c6c6f776f7665726c61703d2231222075736570657263656e743d2231222f3e3c2f706f6c796c696e653e3c2f646473786d6c6f626a3e3c2f636f6e74726f6c3e3c6c61796f75746f626a6563743e3c646473786d6c6f626a2f3e3c2f6c61796f75746f626a6563743e3c636f6e6e6563746f7220736f7572636569643d22353722206465737469643d2233372220736f75726365617474616368706f696e743d223531222064657374617474616368706f696e743d22353822207365676d656e74656469746d6f64653d2230222062656e64706f696e74656469746d6f64653d2230222062656e64706f696e747669736962696c6974793d2230222072656c6174656469643d223022207669727475616c3d2230223e3c706f696e7420783d2233363630302220793d223338343639222f3e3c706f696e7420783d2233363630302220793d223430363530222f3e3c2f636f6e6e6563746f723e3c2f646473636f6e74726f6c3e3c646473636f6e74726f6c2073656d616e746963636f6f6b69653d22303166363733333832303439383233662220636f6e74726f6c70726f6769643d224d534444532e546578742e3038302e3122206c6566743d2233323737372220746f703d22333933393322206c6f676963616c69643d2235392220636f6e74726f6c69643d22353922206d617374657269643d223538222068696e74313d2230222068696e74323d2230222077696474683d223336343822206865696768743d2233333122206e6f726573697a653d223122206e6f6d6f76653d223022206e6f64656661756c74617474616368706f696e74733d223122206175746f647261673d2231222075736564656661756c7469646473686170653d2231222073656c65637461626c653d2231222073686f7773656c656374696f6e68616e646c65733d22312220616c6c6f776e756467696e673d223122206973616e6e6f746174696f6e3d22302220646f6e746175746f6c61796f75743d2231222067726f7570636f6c6c61707365643d2230222074616273746f703d2230222076697369626c653d22302220736e6170746f677269643d2230223e3c636f6e74726f6c3e3c646473786d6c6f626a65637473747265616d696e6974777261707065722062696e6172793d22303030323030303034303065303030303462303130303030303330303030303030303030666666666666303030383030303038303031303030303030313530303031303030303030393030313965333330313030303635343631363836663664363131393030343630303462303035663030353030303732303036663030363430303735303036333030373430303533303036353030363330303734303036393030366630303665303035663030353330303635303036333030373430303639303036663030366530303030303030303030222f3e3c2f636f6e74726f6c3e3c6c61796f75746f626a6563743e3c646473786d6c6f626a2f3e3c2f6c61796f75746f626a6563743e3c73686170652067726f7570736861706569643d2230222067726f75706e6f64653d2230222f3e3c2f646473636f6e74726f6c3e3c646473636f6e74726f6c2073656d616e746963636f6f6b69653d223031303030303030303130303030303036343030363230303666303030303030343630303462303035663030353330303635303036333030373430303639303036663030366530303566303035303030363130303637303036353030303030302220636f6e74726f6c70726f6769643d224d534444532e506f6c796c696e652e3038302e312220746f6f6c7469703d2252656c6174696f6e736869702027464b5f53656374696f6e5f5061676527206265747765656e2027506167652720616e64202753656374696f6e2722206c6566743d2233303333332220746f703d22333432343322206c6f676963616c69643d2236302220636f6e74726f6c69643d22363022206d617374657269643d2230222068696e74313d2230222068696e74323d2230222077696474683d223236363722206865696768743d2238313522206e6f726573697a653d223022206e6f6d6f76653d223022206e6f64656661756c74617474616368706f696e74733d223122206175746f647261673d2230222075736564656661756c7469646473686170653d2230222073656c65637461626c653d2231222073686f7773656c656374696f6e68616e646c65733d22302220616c6c6f776e756467696e673d223122206973616e6e6f746174696f6e3d22302220646f6e746175746f6c61796f75743d2230222067726f7570636f6c6c61707365643d2230222074616273746f703d2231222076697369626c653d22312220736e6170746f677269643d2230223e3c636f6e74726f6c3e3c646473786d6c6f626a3e3c706f6c796c696e6520656e64747970656473743d22302220656e64747970657372633d2232222075736572636f6c6f723d22313537393033323022206c696e657374796c653d223022206c696e6572656e6465723d22302220637573746f6d656e647479706564737469643d22302220637573746f6d656e647479706573726369643d2230222061646f726e7376697369626c653d2231223e3c61646f726e6d656e742070657263656e74706f733d2235312e363138373132333937313637382220636f6e74726f6c69643d223631222077696474683d223232393222206865696768743d223333312220736964653d223022206265686176696f723d2233222068696d65747269633d223130363622206469737466726f6d6c696e653d22313735222073746172746f626a3d22302220783d2233303531362220793d223334383235222076697369626c653d22302220616c6c6f776f7665726c61703d2231222075736570657263656e743d2231222f3e3c2f706f6c796c696e653e3c2f646473786d6c6f626a3e3c2f636f6e74726f6c3e3c6c61796f75746f626a6563743e3c646473786d6c6f626a2f3e3c2f6c61796f75746f626a6563743e3c636f6e6e6563746f7220736f7572636569643d22323222206465737469643d2235372220736f75726365617474616368706f696e743d223637222064657374617474616368706f696e743d22353822207365676d656e74656469746d6f64653d2230222062656e64706f696e74656469746d6f64653d2230222062656e64706f696e747669736962696c6974793d2230222072656c6174656469643d223022207669727475616c3d2230223e3c706f696e7420783d2233303633332220793d223334363530222f3e3c706f696e7420783d2233323730302220793d223334363530222f3e3c2f636f6e6e6563746f723e3c2f646473636f6e74726f6c3e3c646473636f6e74726f6c2073656d616e746963636f6f6b69653d22303166363733333861386135383233662220636f6e74726f6c70726f6769643d224d534444532e546578742e3038302e3122206c6566743d2233303531362220746f703d22333438323522206c6f676963616c69643d2236312220636f6e74726f6c69643d22363122206d617374657269643d223630222068696e74313d2230222068696e74323d2230222077696474683d223232393222206865696768743d2233333122206e6f726573697a653d223122206e6f6d6f76653d223022206e6f64656661756c74617474616368706f696e74733d223122206175746f647261673d2231222075736564656661756c7469646473686170653d2231222073656c65637461626c653d2231222073686f7773656c656374696f6e68616e646c65733d22312220616c6c6f776e756467696e673d223122206973616e6e6f746174696f6e3d22302220646f6e746175746f6c61796f75743d2231222067726f7570636f6c6c61707365643d2230222074616273746f703d2230222076697369626c653d22302220736e6170746f677269643d2230223e3c636f6e74726f6c3e3c646473786d6c6f626a65637473747265616d696e6974777261707065722062696e6172793d223030303230303030663430383030303034623031303030303033303030303030303030306666666666663030303830303030383030313030303030303135303030313030303030303930303139653333303130303036353436313638366636643631306630303436303034623030356630303533303036353030363330303734303036393030366630303665303035663030353030303631303036373030363530303030303030303030222f3e3c2f636f6e74726f6c3e3c6c61796f75746f626a6563743e3c646473786d6c6f626a2f3e3c2f6c61796f75746f626a6563743e3c73686170652067726f7570736861706569643d2230222067726f75706e6f64653d2230222f3e3c2f646473636f6e74726f6c3e3c646473636f6e74726f6c20636f6e74726f6c70726f6769643d227b36323341433037352d324337372d343837332d383833442d3933304234333634423442437d2220746f6f6c7469703d22537461746973746963616c22206c6566743d2232353635302220746f703d22323833353022206c6f676963616c69643d2236322220636f6e74726f6c69643d22363222206d617374657269643d2230222068696e74313d2230222068696e74323d2230222077696474683d223432303722206865696768743d223534323422206e6f726573697a653d223022206e6f6d6f76653d223022206e6f64656661756c74617474616368706f696e74733d223022206175746f647261673d2230222075736564656661756c7469646473686170653d2230222073656c65637461626c653d2231222073686f7773656c656374696f6e68616e646c65733d22302220616c6c6f776e756467696e673d223122206973616e6e6f746174696f6e3d22302220646f6e746175746f6c61796f75743d2230222067726f7570636f6c6c61707365643d2230222074616273746f703d2231222076697369626c653d22312220736e6170746f677269643d2231223e3c636f6e74726f6c3e3c646473786d6c6f626a65637473747265616d696e6974777261707065722062696e6172793d2232313433333431323038303030303030366631303030303033303135303030303738353633343132303730303030303031343031303030303533303037343030363130303734303036393030373330303734303036393030363330303631303036633030303030303030303030303030303030303030303030303030303030303030303030303030303030303030303030303030303030303030303030303030303030303030303030303030303030303030303030303030303030303030303030303030303030303030303030303030303030303030303030303030303030303030303030303030303030303030303030303030303030303030303030303030303030303030303030303030303030303030303030303030303030303030303030303030303030303030303030303030303030303030303030303030303030303030303030303030303030303030303030303030303030303030303030303030303030303030303030303030303030303030303030303030303030303030303030303030303030303030303030303030303030303030303030303030303030303030303030303030303030303030303030303030303030303030303030303030303030303030303030303030303030303030303030303030303030303030303030303030303030303030303030303030303030303030303030303030303030303030303030303030303030303030303030303030303030303030303030303030303030303030303030313030303030303035303030303030353430303030303032633030303030303263303030303030326330303030303033343030303030303030303030303030303030303030303031353465303030306163313430303030303030303030303032643031303030303038303030303030306330303030303030373030303030303163303130303030306331323030303063343065303030303438303330303030316130343030303064663032303030306438303930303030323730363030303062313033303030303237303630303030636230373030303035353035303030303030303030303030303130303030303036663130303030303330313530303030303030303030303030363030303030303036303030303030303230303030303030323030303030303163303130303030396530373030303030303030303030303031303030303030393232323030303038633034303030303030303030303030303130303030303030313030303030303032303030303030303230303030303031633031303030303063313230303030303130303030303030303030303030303932323230303030383830323030303030303030303030303030303030303030303030303030303030323030303030303032303030303030316330313030303030633132303030303030303030303030303030303030303037323566303030306266316530303030303030303030303030303030303030303064303030303030303430303030303030343030303030303163303130303030306331323030303035343135303030303230306430303030373835363334313230343030303030303630303030303030303130303030303030313030303030303062303030303030303030303030303030313030303030303032303030303030303330303030303030343030303030303035303030303030303630303030303030373030303030303038303030303030303930303030303030613030303030303034303030303030363430303632303036663030303030303063303030303030353330303734303036313030373430303639303037333030373430303639303036333030363130303663303030303030222f3e3c2f636f6e74726f6c3e3c6c61796f75746f626a6563743e3c646473786d6c6f626a3e3c70726f7065727479206e616d653d224163746976655461626c65566965774d6f6465222076616c75653d22312220766172747970653d2238222f3e3c70726f7065727479206e616d653d225461626c65566965774d6f64653a30222076616c75653d22342c302c3238342c302c343632302c312c333738302c352c323532302220766172747970653d2238222f3e3c70726f7065727479206e616d653d225461626c65566965774d6f64653a31222076616c75653d22322c302c3238342c302c313935302220766172747970653d2238222f3e3c70726f7065727479206e616d653d225461626c65566965774d6f64653a32222076616c75653d22322c302c3238342c302c343632302220766172747970653d2238222f3e3c70726f7065727479206e616d653d225461626c65566965774d6f64653a33222076616c75653d22322c302c3238342c302c343632302220766172747970653d2238222f3e3c70726f7065727479206e616d653d225461626c65566965774d6f64653a34222076616c75653d22342c302c3238342c302c343632302c31322c353436302c31312c333336302220766172747970653d2238222f3e3c2f646473786d6c6f626a3e3c2f6c61796f75746f626a6563743e3c73686170652067726f7570736861706569643d2230222067726f75706e6f64653d2230222f3e3c2f646473636f6e74726f6c3e3c646473636f6e74726f6c20636f6e74726f6c70726f6769643d227b36323341433037352d324337372d343837332d383833442d3933304234333634423442437d2220746f6f6c7469703d225374617475734f7264657222206c6566743d2235363130302220746f703d22333031353022206c6f676963616c69643d2236332220636f6e74726f6c69643d22363322206d617374657269643d2230222068696e74313d2230222068696e74323d2230222077696474683d223434393822206865696768743d223232343922206e6f726573697a653d223022206e6f6d6f76653d223022206e6f64656661756c74617474616368706f696e74733d223022206175746f647261673d2230222075736564656661756c7469646473686170653d2230222073656c65637461626c653d2231222073686f7773656c656374696f6e68616e646c65733d22302220616c6c6f776e756467696e673d223122206973616e6e6f746174696f6e3d22302220646f6e746175746f6c61796f75743d2230222067726f7570636f6c6c61707365643d2230222074616273746f703d2231222076697369626c653d22312220736e6170746f677269643d2231223e3c636f6e74726f6c3e3c646473786d6c6f626a65637473747265616d696e6974777261707065722062696e6172793d2232313433333431323038303030303030393231313030303063393038303030303738353633343132303730303030303031343031303030303533303037343030363130303734303037353030373330303466303037323030363430303635303037323030303030303030303030303030303030303030303030303030303030303030303030303030303030303030303030303030303030303030303030303030303030303030303030303030303030303030303030303030303030303030303030303030303030303030303030303030303030303030303030303030303030303030303030303030303030303030303030303030303030303030303030303030303030303030303030303030303030303030303030303030303030303030303030303030303030303030303030303030303030303030303030303030303030303030303030303030303030303030303030303030303030303030303030303030303030303030303030303030303030303030303030303030303030303030303030303030303030303030303030303030303030303030303030303030303030303030303030303030303030303030303030303030303030303030303030303030303030303030303030303030303030303030303030303030303030303030303030303030303030303030303030303030303030303030303030303030303030303030303030303030303030303030303030303030303030303030303030303030303030303030303030313030303030303035303030303030353430303030303032633030303030303263303030303030326330303030303033343030303030303030303030303030303030303030303031353465303030306138313230303030303030303030303032643031303030303037303030303030306330303030303030373030303030303163303130303030306331323030303063343065303030303438303330303030316130343030303064663032303030306438303930303030323730363030303062313033303030303237303630303030636230373030303035353035303030303030303030303030303130303030303039323131303030306339303830303030303030303030303030323030303030303032303030303030303230303030303030323030303030303163303130303030343330383030303030303030303030303031303030303030393232323030303038633034303030303030303030303030303130303030303030313030303030303032303030303030303230303030303031633031303030303063313230303030303130303030303030303030303030303932323230303030383830323030303030303030303030303030303030303030303030303030303030323030303030303032303030303030316330313030303030633132303030303030303030303030303030303030303037323566303030306266316530303030303030303030303030303030303030303064303030303030303430303030303030343030303030303163303130303030306331323030303035343135303030303230306430303030373835363334313230343030303030303630303030303030303130303030303030313030303030303062303030303030303030303030303030313030303030303032303030303030303330303030303030343030303030303035303030303030303630303030303030373030303030303038303030303030303930303030303030613030303030303034303030303030363430303632303036663030303030303063303030303030353330303734303036313030373430303735303037333030346630303732303036343030363530303732303030303030222f3e3c2f636f6e74726f6c3e3c6c61796f75746f626a6563743e3c646473786d6c6f626a3e3c70726f7065727479206e616d653d224163746976655461626c65566965774d6f6465222076616c75653d22312220766172747970653d2238222f3e3c70726f7065727479206e616d653d225461626c65566965774d6f64653a30222076616c75653d22342c302c3238342c302c343632302c312c333738302c352c323532302220766172747970653d2238222f3e3c70726f7065727479206e616d653d225461626c65566965774d6f64653a31222076616c75653d22322c302c3238342c302c323131352220766172747970653d2238222f3e3c70726f7065727479206e616d653d225461626c65566965774d6f64653a32222076616c75653d22322c302c3238342c302c343632302220766172747970653d2238222f3e3c70726f7065727479206e616d653d225461626c65566965774d6f64653a33222076616c75653d22322c302c3238342c302c343632302220766172747970653d2238222f3e3c70726f7065727479206e616d653d225461626c65566965774d6f64653a34222076616c75653d22342c302c3238342c302c343632302c31322c353436302c31312c333336302220766172747970653d2238222f3e3c2f646473786d6c6f626a3e3c2f6c61796f75746f626a6563743e3c73686170652067726f7570736861706569643d2230222067726f75706e6f64653d2230222f3e3c2f646473636f6e74726f6c3e3c646473636f6e74726f6c2073656d616e746963636f6f6b69653d2230313030303030303031303030303030363430303632303036663030303030303436303034623030356630303466303037323030363430303635303037323030356630303533303037343030363130303734303037353030373330303466303037323030363430303635303037323030303030302220636f6e74726f6c70726f6769643d224d534444532e506f6c796c696e652e3038302e312220746f6f6c7469703d2252656c6174696f6e736869702027464b5f4f726465725f5374617475734f7264657227206265747765656e20275374617475734f726465722720616e6420274f726465722722206c6566743d2235353834332220746f703d22323735363722206c6f676963616c69643d2236342220636f6e74726f6c69643d22363422206d617374657269643d2230222068696e74313d2230222068696e74323d2230222077696474683d2238313522206865696768743d223332373922206e6f726573697a653d223022206e6f6d6f76653d223022206e6f64656661756c74617474616368706f696e74733d223122206175746f647261673d2230222075736564656661756c7469646473686170653d2230222073656c65637461626c653d2231222073686f7773656c656374696f6e68616e646c65733d22302220616c6c6f776e756467696e673d223122206973616e6e6f746174696f6e3d22302220646f6e746175746f6c61796f75743d2230222067726f7570636f6c6c61707365643d2230222074616273746f703d2231222076697369626c653d22312220736e6170746f677269643d2230223e3c636f6e74726f6c3e3c646473786d6c6f626a3e3c706f6c796c696e6520656e64747970656473743d22302220656e64747970657372633d2232222075736572636f6c6f723d22313537393033323022206c696e657374796c653d223022206c696e6572656e6465723d22302220637573746f6d656e647479706564737469643d22302220637573746f6d656e647479706573726369643d2230222061646f726e7376697369626c653d2231223e3c61646f726e6d656e742070657263656e74706f733d2235322e323630323735393739323537362220636f6e74726f6c69643d223635222077696474683d223330343222206865696768743d223333312220736964653d223022206265686176696f723d2233222068696d65747269633d2239383422206469737466726f6d6c696e653d22313735222073746172746f626a3d22302220783d2235363432352220793d223239303037222076697369626c653d22302220616c6c6f776f7665726c61703d2231222075736570657263656e743d2231222f3e3c2f706f6c796c696e653e3c2f646473786d6c6f626a3e3c2f636f6e74726f6c3e3c6c61796f75746f626a6563743e3c646473786d6c6f626a2f3e3c2f6c61796f75746f626a6563743e3c636f6e6e6563746f7220736f7572636569643d22363322206465737469643d2231362220736f75726365617474616368706f696e743d2230222064657374617474616368706f696e743d22323722207365676d656e74656469746d6f64653d2230222062656e64706f696e74656469746d6f64653d2230222062656e64706f696e747669736962696c6974793d2230222072656c6174656469643d223022207669727475616c3d2230223e3c706f696e7420783d2235363235302220793d223330313530222f3e3c706f696e7420783d2235363235302220793d223238323636222f3e3c2f636f6e6e6563746f723e3c2f646473636f6e74726f6c3e3c646473636f6e74726f6c2073656d616e746963636f6f6b69653d22303166363733333836386138383233662220636f6e74726f6c70726f6769643d224d534444532e546578742e3038302e3122206c6566743d2235363432352220746f703d22323930303722206c6f676963616c69643d2236352220636f6e74726f6c69643d22363522206d617374657269643d223634222068696e74313d2230222068696e74323d2230222077696474683d223330343222206865696768743d2233333122206e6f726573697a653d223122206e6f6d6f76653d223022206e6f64656661756c74617474616368706f696e74733d223122206175746f647261673d2231222075736564656661756c7469646473686170653d2231222073656c65637461626c653d2231222073686f7773656c656374696f6e68616e646c65733d22312220616c6c6f776e756467696e673d223122206973616e6e6f746174696f6e3d22302220646f6e746175746f6c61796f75743d2231222067726f7570636f6c6c61707365643d2230222074616273746f703d2230222076697369626c653d22302220736e6170746f677269643d2230223e3c636f6e74726f6c3e3c646473786d6c6f626a65637473747265616d696e6974777261707065722062696e6172793d2230303032303030306532306230303030346230313030303030333030303030303030303066666666666630303038303030303830303130303030303031353030303130303030303039303031396533333031303030363534363136383666366436313134303034363030346230303566303034663030373230303634303036353030373230303566303035333030373430303631303037343030373530303733303034663030373230303634303036353030373230303030303030303030222f3e3c2f636f6e74726f6c3e3c6c61796f75746f626a6563743e3c646473786d6c6f626a2f3e3c2f6c61796f75746f626a6563743e3c73686170652067726f7570736861706569643d2230222067726f75706e6f64653d2230222f3e3c2f646473636f6e74726f6c3e3c646473636f6e74726f6c20636f6e74726f6c70726f6769643d227b36323341433037352d324337372d343837332d383833442d3933304234333634423442437d2220746f6f6c7469703d225573657222206c6566743d2233383730302220746f703d22313939353022206c6f676963616c69643d2236362220636f6e74726f6c69643d22363622206d617374657269643d2230222068696e74313d2230222068696e74323d2230222077696474683d223432303722206865696768743d223538323022206e6f726573697a653d223022206e6f6d6f76653d223022206e6f64656661756c74617474616368706f696e74733d223022206175746f647261673d2230222075736564656661756c7469646473686170653d2230222073656c65637461626c653d2231222073686f7773656c656374696f6e68616e646c65733d22302220616c6c6f776e756467696e673d223122206973616e6e6f746174696f6e3d22302220646f6e746175746f6c61796f75743d2230222067726f7570636f6c6c61707365643d2230222074616273746f703d2231222076697369626c653d22312220736e6170746f677269643d2231223e3c636f6e74726f6c3e3c646473786d6c6f626a65637473747265616d696e6974777261707065722062696e6172793d22323134333334313230383030303030303666313030303030626331363030303037383536333431323037303030303030313430313030303035353030373330303635303037323030303030303030303030303030303030303030303030303030303030303030303030303030303030303030303030303030303030303030303030303030303030303030303030303030303030303030303030303030303030303030303030303030303030303030303030303030303030303030303030303030303030303030303030303030303030303030303030303030303030303030303030303030303030303030303030303030303030303030303030303030303030303030303030303030303030303030303030303030303030303030303030303030303030303030303030303030303030303030303030303030303030303030303030303030303030303030303030303030303030303030303030303030303030303030303030303030303030303030303030303030303030303030303030303030303030303030303030303030303030303030303030303030303030303030303030303030303030303030303030303030303030303030303030303030303030303030303030303030303030303030303030303030303030303030303030303030303030303030303030303030303030303030303030303030303030303030303030303030303030303030303030303030303030303030303030303030303030303030303030303030303130303030303030353030303030303534303030303030326330303030303032633030303030303263303030303030333430303030303030303030303030303030303030303030313534653030303062373161303030303030303030303030326430313030303030623030303030303063303030303030303730303030303031633031303030303063313230303030633430653030303034383033303030303161303430303030646630323030303064383039303030303237303630303030623130333030303032373036303030306362303730303030353530353030303030303030303030303031303030303030366631303030303062633136303030303030303030303030303930303030303030393030303030303032303030303030303230303030303031633031303030303965303730303030303030303030303030313030303030303932323230303030393030363030303030303030303030303032303030303030303230303030303030323030303030303032303030303030316330313030303030633132303030303031303030303030303030303030303039323232303030303838303230303030303030303030303030303030303030303030303030303030303230303030303030323030303030303163303130303030306331323030303030303030303030303030303030303030373235663030303062663165303030303030303030303030303030303030303030643030303030303034303030303030303430303030303031633031303030303063313230303030353431353030303032303064303030303738353633343132303430303030303035323030303030303031303030303030303130303030303030623030303030303030303030303030303130303030303030323030303030303033303030303030303430303030303030353030303030303036303030303030303730303030303030383030303030303039303030303030306130303030303030343030303030303634303036323030366630303030303030353030303030303535303037333030363530303732303030303030222f3e3c2f636f6e74726f6c3e3c6c61796f75746f626a6563743e3c646473786d6c6f626a3e3c70726f7065727479206e616d653d224163746976655461626c65566965774d6f6465222076616c75653d22312220766172747970653d2238222f3e3c70726f7065727479206e616d653d225461626c65566965774d6f64653a30222076616c75653d22342c302c3238342c302c343632302c312c333738302c352c323532302220766172747970653d2238222f3e3c70726f7065727479206e616d653d225461626c65566965774d6f64653a31222076616c75653d22322c302c3238342c302c313935302220766172747970653d2238222f3e3c70726f7065727479206e616d653d225461626c65566965774d6f64653a32222076616c75653d22322c302c3238342c302c343632302220766172747970653d2238222f3e3c70726f7065727479206e616d653d225461626c65566965774d6f64653a33222076616c75653d22322c302c3238342c302c343632302220766172747970653d2238222f3e3c70726f7065727479206e616d653d225461626c65566965774d6f64653a34222076616c75653d22342c302c3238342c302c343632302c31322c353436302c31312c333336302220766172747970653d2238222f3e3c2f646473786d6c6f626a3e3c2f6c61796f75746f626a6563743e3c73686170652067726f7570736861706569643d2230222067726f75706e6f64653d2230222f3e3c2f646473636f6e74726f6c3e3c646473636f6e74726f6c2073656d616e746963636f6f6b69653d22303131666637373530313030303030303634303036323030366630303030303034363030346230303566303034393030366430303730303036663030373230303734303034323030363930303663303036633030356630303535303037333030363530303732303033313030303030302220636f6e74726f6c70726f6769643d224d534444532e506f6c796c696e652e3038302e312220746f6f6c7469703d2252656c6174696f6e736869702027464b5f496d706f727442696c6c5f557365723127206265747765656e2027557365722720616e642027496d706f727442696c6c2722206c6566743d2234323630372220746f703d22323437393322206c6f676963616c69643d2236372220636f6e74726f6c69643d22363722206d617374657269643d2230222068696e74313d2230222068696e74323d2230222077696474683d223536393322206865696768743d2238313522206e6f726573697a653d223022206e6f6d6f76653d223022206e6f64656661756c74617474616368706f696e74733d223122206175746f647261673d2230222075736564656661756c7469646473686170653d2230222073656c65637461626c653d2231222073686f7773656c656374696f6e68616e646c65733d22302220616c6c6f776e756467696e673d223122206973616e6e6f746174696f6e3d22302220646f6e746175746f6c61796f75743d2230222067726f7570636f6c6c61707365643d2230222074616273746f703d2231222076697369626c653d22312220736e6170746f677269643d2230223e3c636f6e74726f6c3e3c646473786d6c6f626a3e3c706f6c796c696e6520656e64747970656473743d22302220656e64747970657372633d2232222075736572636f6c6f723d22313537393033323022206c696e657374796c653d223022206c696e6572656e6465723d22302220637573746f6d656e647479706564737469643d22302220637573746f6d656e647479706573726369643d2230222061646f726e7376697369626c653d2231223e3c61646f726e6d656e742070657263656e74706f733d2235312e313138353231383536363932322220636f6e74726f6c69643d223638222077696474683d223237343022206865696768743d223333312220736964653d223022206265686176696f723d2233222068696d65747269633d223236303322206469737466726f6d6c696e653d22313735222073746172746f626a3d22302220783d2234343130392220793d223235333735222076697369626c653d22302220616c6c6f776f7665726c61703d2231222075736570657263656e743d2231222f3e3c2f706f6c796c696e653e3c2f646473786d6c6f626a3e3c2f636f6e74726f6c3e3c6c61796f75746f626a6563743e3c646473786d6c6f626a2f3e3c2f6c61796f75746f626a6563743e3c636f6e6e6563746f7220736f7572636569643d22363622206465737469643d2231312220736f75726365617474616368706f696e743d22313233222064657374617474616368706f696e743d22363422207365676d656e74656469746d6f64653d2230222062656e64706f696e74656469746d6f64653d2230222062656e64706f696e747669736962696c6974793d2230222072656c6174656469643d223022207669727475616c3d2230223e3c706f696e7420783d2234323930372220793d223235323030222f3e3c706f696e7420783d2234383030302220793d223235323030222f3e3c2f636f6e6e6563746f723e3c2f646473636f6e74726f6c3e3c646473636f6e74726f6c2073656d616e746963636f6f6b69653d22303166363733333835383233383533662220636f6e74726f6c70726f6769643d224d534444532e546578742e3038302e3122206c6566743d2234343130392220746f703d22323533373522206c6f676963616c69643d2236382220636f6e74726f6c69643d22363822206d617374657269643d223637222068696e74313d2230222068696e74323d2230222077696474683d223237343022206865696768743d2233333122206e6f726573697a653d223122206e6f6d6f76653d223022206e6f64656661756c74617474616368706f696e74733d223122206175746f647261673d2231222075736564656661756c7469646473686170653d2231222073656c65637461626c653d2231222073686f7773656c656374696f6e68616e646c65733d22312220616c6c6f776e756467696e673d223122206973616e6e6f746174696f6e3d22302220646f6e746175746f6c61796f75743d2231222067726f7570636f6c6c61707365643d2230222074616273746f703d2230222076697369626c653d22302220736e6170746f677269643d2230223e3c636f6e74726f6c3e3c646473786d6c6f626a65637473747265616d696e6974777261707065722062696e6172793d22303030323030303062343061303030303462303130303030303330303030303030303030666666666666303030383030303038303031303030303030313530303031303030303030393030313965333330313030303635343631363836663664363131333030343630303462303035663030343930303664303037303030366630303732303037343030343230303639303036633030366330303566303035353030373330303635303037323030333130303030303030303030222f3e3c2f636f6e74726f6c3e3c6c61796f75746f626a6563743e3c646473786d6c6f626a2f3e3c2f6c61796f75746f626a6563743e3c73686170652067726f7570736861706569643d2230222067726f75706e6f64653d2230222f3e3c2f646473636f6e74726f6c3e3c646473636f6e74726f6c2073656d616e746963636f6f6b69653d223031353964663362303130303030303036343030363230303666303030303030343630303462303035663030346530303635303037373030373330303566303035353030373330303635303037323030303030302220636f6e74726f6c70726f6769643d224d534444532e506f6c796c696e652e3038302e312220746f6f6c7469703d2252656c6174696f6e736869702027464b5f4e6577735f5573657227206265747765656e2027557365722720616e6420274e65772722206c6566743d2234323630372220746f703d22313936393322206c6f676963616c69643d2236392220636f6e74726f6c69643d22363922206d617374657269643d2230222068696e74313d2230222068696e74323d2230222077696474683d223235343322206865696768743d2238313522206e6f726573697a653d223022206e6f6d6f76653d223022206e6f64656661756c74617474616368706f696e74733d223122206175746f647261673d2230222075736564656661756c7469646473686170653d2230222073656c65637461626c653d2231222073686f7773656c656374696f6e68616e646c65733d22302220616c6c6f776e756467696e673d223122206973616e6e6f746174696f6e3d22302220646f6e746175746f6c61796f75743d2230222067726f7570636f6c6c61707365643d2230222074616273746f703d2231222076697369626c653d22312220736e6170746f677269643d2230223e3c636f6e74726f6c3e3c646473786d6c6f626a3e3c706f6c796c696e6520656e64747970656473743d22302220656e64747970657372633d2232222075736572636f6c6f723d22313537393033323022206c696e657374796c653d223022206c696e6572656e6465723d22302220637573746f6d656e647479706564737469643d22302220637573746f6d656e647479706573726369643d2230222061646f726e7376697369626c653d2231223e3c61646f726e6d656e742070657263656e74706f733d2235302e353138373036313832393737372220636f6e74726f6c69643d223730222077696474683d223139373522206865696768743d223333312220736964653d223022206265686176696f723d2233222068696d65747269633d2239383122206469737466726f6d6c696e653d22313735222073746172746f626a3d22302220783d2234323839302220793d223230323735222076697369626c653d22302220616c6c6f776f7665726c61703d2231222075736570657263656e743d2231222f3e3c2f706f6c796c696e653e3c2f646473786d6c6f626a3e3c2f636f6e74726f6c3e3c6c61796f75746f626a6563743e3c646473786d6c6f626a2f3e3c2f6c61796f75746f626a6563743e3c636f6e6e6563746f7220736f7572636569643d22363622206465737469643d2231352220736f75726365617474616368706f696e743d223535222064657374617474616368706f696e743d22373822207365676d656e74656469746d6f64653d2230222062656e64706f696e74656469746d6f64653d2230222062656e64706f696e747669736962696c6974793d2230222072656c6174656469643d223022207669727475616c3d2230223e3c706f696e7420783d2234323930372220793d223230313030222f3e3c706f696e7420783d2234343835302220793d223230313030222f3e3c2f636f6e6e6563746f723e3c2f646473636f6e74726f6c3e3c646473636f6e74726f6c2073656d616e746963636f6f6b69653d22303166363733333831383231383533662220636f6e74726f6c70726f6769643d224d534444532e546578742e3038302e3122206c6566743d2234323839302220746f703d22323032373522206c6f676963616c69643d2237302220636f6e74726f6c69643d22373022206d617374657269643d223639222068696e74313d2230222068696e74323d2230222077696474683d223139373522206865696768743d2233333122206e6f726573697a653d223122206e6f6d6f76653d223022206e6f64656661756c74617474616368706f696e74733d223122206175746f647261673d2231222075736564656661756c7469646473686170653d2231222073656c65637461626c653d2231222073686f7773656c656374696f6e68616e646c65733d22312220616c6c6f776e756467696e673d223122206973616e6e6f746174696f6e3d22302220646f6e746175746f6c61796f75743d2231222067726f7570636f6c6c61707365643d2230222074616273746f703d2230222076697369626c653d22302220736e6170746f677269643d2230223e3c636f6e74726f6c3e3c646473786d6c6f626a65637473747265616d696e6974777261707065722062696e6172793d223030303230303030623730373030303034623031303030303033303030303030303030306666666666663030303830303030383030313030303030303135303030313030303030303930303139653333303130303036353436313638366636643631306330303436303034623030356630303465303036353030373730303733303035663030353530303733303036353030373230303030303030303030222f3e3c2f636f6e74726f6c3e3c6c61796f75746f626a6563743e3c646473786d6c6f626a2f3e3c2f6c61796f75746f626a6563743e3c73686170652067726f7570736861706569643d2230222067726f75706e6f64653d2230222f3e3c2f646473636f6e74726f6c3e3c646473636f6e74726f6c20636f6e74726f6c70726f6769643d227b36323341433037352d324337372d343837332d383833442d3933304234333634423442437d2220746f6f6c7469703d225573657247726f757022206c6566743d2232393730302220746f703d22313935303022206c6f676963616c69643d2237312220636f6e74726f6c69643d22373122206d617374657269643d2230222068696e74313d2230222068696e74323d2230222077696474683d223534323422206865696768743d223231313622206e6f726573697a653d223022206e6f6d6f76653d223022206e6f64656661756c74617474616368706f696e74733d223022206175746f647261673d2230222075736564656661756c7469646473686170653d2230222073656c65637461626c653d2231222073686f7773656c656374696f6e68616e646c65733d22302220616c6c6f776e756467696e673d223122206973616e6e6f746174696f6e3d22302220646f6e746175746f6c61796f75743d2230222067726f7570636f6c6c61707365643d2230222074616273746f703d2231222076697369626c653d22312220736e6170746f677269643d2231223e3c636f6e74726f6c3e3c646473786d6c6f626a65637473747265616d696e6974777261707065722062696e6172793d223231343333343132303830303030303033303135303030303434303830303030373835363334313230373030303030303134303130303030353530303733303036353030373230303437303037323030366630303735303037303030303030303030303030303030303030303030303030303030303030303030303030303030303030303030303030303030303030303030303030303030303030303030303030303030303030303030303030303030303030303030303030303030303030303030303030303030303030303030303030303030303030303030303030303030303030303030303030303030303030303030303030303030303030303030303030303030303030303030303030303030303030303030303030303030303030303030303030303030303030303030303030303030303030303030303030303030303030303030303030303030303030303030303030303030303030303030303030303030303030303030303030303030303030303030303030303030303030303030303030303030303030303030303030303030303030303030303030303030303030303030303030303030303030303030303030303030303030303030303030303030303030303030303030303030303030303030303030303030303030303030303030303030303030303030303030303030303030303030303030303030303030303030303030303030303030303030303030303030303030303030303030303030303030303031303030303030303530303030303035343030303030303263303030303030326330303030303032633030303030303334303030303030303030303030303030303030303030303135346530303030613831323030303030303030303030303264303130303030303730303030303030633030303030303037303030303030316330313030303030633132303030306334306530303030343830333030303031613034303030306466303230303030643830393030303032373036303030306231303330303030323730363030303063623037303030303535303530303030303030303030303030313030303030303330313530303030343430383030303030303030303030303032303030303030303230303030303030323030303030303032303030303030316330313030303035303061303030303030303030303030303130303030303039323232303030303863303430303030303030303030303030313030303030303031303030303030303230303030303030323030303030303163303130303030306331323030303030313030303030303030303030303030393232323030303038383032303030303030303030303030303030303030303030303030303030303032303030303030303230303030303031633031303030303063313230303030303030303030303030303030303030303732356630303030626631653030303030303030303030303030303030303030306430303030303030343030303030303034303030303030316330313030303030633132303030303534313530303030323030643030303037383536333431323034303030303030356330303030303030313030303030303031303030303030306230303030303030303030303030303031303030303030303230303030303030333030303030303034303030303030303530303030303030363030303030303037303030303030303830303030303030393030303030303061303030303030303430303030303036343030363230303666303030303030306130303030303035353030373330303635303037323030343730303732303036663030373530303730303030303030222f3e3c2f636f6e74726f6c3e3c6c61796f75746f626a6563743e3c646473786d6c6f626a3e3c70726f7065727479206e616d653d224163746976655461626c65566965774d6f6465222076616c75653d22312220766172747970653d2238222f3e3c70726f7065727479206e616d653d225461626c65566965774d6f64653a30222076616c75653d22342c302c3238342c302c343632302c312c333738302c352c323532302220766172747970653d2238222f3e3c70726f7065727479206e616d653d225461626c65566965774d6f64653a31222076616c75653d22322c302c3238342c302c323634302220766172747970653d2238222f3e3c70726f7065727479206e616d653d225461626c65566965774d6f64653a32222076616c75653d22322c302c3238342c302c343632302220766172747970653d2238222f3e3c70726f7065727479206e616d653d225461626c65566965774d6f64653a33222076616c75653d22322c302c3238342c302c343632302220766172747970653d2238222f3e3c70726f7065727479206e616d653d225461626c65566965774d6f64653a34222076616c75653d22342c302c3238342c302c343632302c31322c353436302c31312c333336302220766172747970653d2238222f3e3c2f646473786d6c6f626a3e3c2f6c61796f75746f626a6563743e3c73686170652067726f7570736861706569643d2230222067726f75706e6f64653d2230222f3e3c2f646473636f6e74726f6c3e3c646473636f6e74726f6c2073656d616e746963636f6f6b69653d2230313135613436613031303030303030363430303632303036663030303030303436303034623030356630303535303037333030363530303732303035663030353530303733303036353030373230303437303037323030366630303735303037303030303030302220636f6e74726f6c70726f6769643d224d534444532e506f6c796c696e652e3038302e312220746f6f6c7469703d2252656c6174696f6e736869702027464b5f557365725f5573657247726f757027206265747765656e20275573657247726f75702720616e642027557365722722206c6566743d2233343832342220746f703d22313936393322206c6f676963616c69643d2237322220636f6e74726f6c69643d22373222206d617374657269643d2230222068696e74313d2230222068696e74323d2230222077696474683d223431373622206865696768743d2238313522206e6f726573697a653d223022206e6f6d6f76653d223022206e6f64656661756c74617474616368706f696e74733d223122206175746f647261673d2230222075736564656661756c7469646473686170653d2230222073656c65637461626c653d2231222073686f7773656c656374696f6e68616e646c65733d22302220616c6c6f776e756467696e673d223122206973616e6e6f746174696f6e3d22302220646f6e746175746f6c61796f75743d2230222067726f7570636f6c6c61707365643d2230222074616273746f703d2231222076697369626c653d22312220736e6170746f677269643d2230223e3c636f6e74726f6c3e3c646473786d6c6f626a3e3c706f6c796c696e6520656e64747970656473743d22302220656e64747970657372633d2232222075736572636f6c6f723d22313537393033323022206c696e657374796c653d223022206c696e6572656e6465723d22302220637573746f6d656e647479706564737469643d22302220637573746f6d656e647479706573726369643d2230222061646f726e7376697369626c653d2231223e3c61646f726e6d656e742070657263656e74706f733d2234392e393637383337333835383232372220636f6e74726f6c69643d223733222077696474683d223236383222206865696768743d223333312220736964653d223122206265686176696f723d2233222068696d65747269633d223137383622206469737466726f6d6c696e653d22313735222073746172746f626a3d22302220783d2233353537302220793d223139353934222076697369626c653d22302220616c6c6f776f7665726c61703d2231222075736570657263656e743d2231222f3e3c2f706f6c796c696e653e3c2f646473786d6c6f626a3e3c2f636f6e74726f6c3e3c6c61796f75746f626a6563743e3c646473786d6c6f626a2f3e3c2f6c61796f75746f626a6563743e3c636f6e6e6563746f7220736f7572636569643d22373122206465737469643d2236362220736f75726365617474616368706f696e743d223737222064657374617474616368706f696e743d22353422207365676d656e74656469746d6f64653d2230222062656e64706f696e74656469746d6f64653d2230222062656e64706f696e747669736962696c6974793d2230222072656c6174656469643d223022207669727475616c3d2230223e3c706f696e7420783d2233353132342220793d223230313030222f3e3c706f696e7420783d2233383730302220793d223230313030222f3e3c2f636f6e6e6563746f723e3c2f646473636f6e74726f6c3e3c646473636f6e74726f6c2073656d616e746963636f6f6b69653d22303166363733333864383234383533662220636f6e74726f6c70726f6769643d224d534444532e546578742e3038302e3122206c6566743d2233353537302220746f703d22313935393422206c6f676963616c69643d2237332220636f6e74726f6c69643d22373322206d617374657269643d223732222068696e74313d2230222068696e74323d2230222077696474683d223236383222206865696768743d2233333122206e6f726573697a653d223122206e6f6d6f76653d223022206e6f64656661756c74617474616368706f696e74733d223122206175746f647261673d2231222075736564656661756c7469646473686170653d2231222073656c65637461626c653d2231222073686f7773656c656374696f6e68616e646c65733d22312220616c6c6f776e756467696e673d223122206973616e6e6f746174696f6e3d22302220646f6e746175746f6c61796f75743d2231222067726f7570636f6c6c61707365643d2230222074616273746f703d2230222076697369626c653d22302220736e6170746f677269643d2230223e3c636f6e74726f6c3e3c646473786d6c6f626a65637473747265616d696e6974777261707065722062696e6172793d2230303032303030303761306130303030346230313030303030333030303030303030303066666666666630303038303030303830303130303030303031353030303130303030303039303031396533333031303030363534363136383666366436313131303034363030346230303566303035353030373330303635303037323030356630303535303037333030363530303732303034373030373230303666303037353030373030303030303030303030222f3e3c2f636f6e74726f6c3e3c6c61796f75746f626a6563743e3c646473786d6c6f626a2f3e3c2f6c61796f75746f626a6563743e3c73686170652067726f7570736861706569643d2230222067726f75706e6f64653d2230222f3e3c2f646473636f6e74726f6c3e3c646473636f6e74726f6c2073656d616e746963636f6f6b69653d2230313539646633623031303030303030363430303632303036663030303030303436303034623030356630303433303037323030363530303634303036353030366530303734303036393030363130303663303035663030353530303733303036353030373230303437303037323030366630303735303037303030303030302220636f6e74726f6c70726f6769643d224d534444532e506f6c796c696e652e3038302e312220746f6f6c7469703d2252656c6174696f6e736869702027464b5f43726564656e7469616c5f5573657247726f757027206265747765656e20275573657247726f75702720616e64202743726564656e7469616c2722206c6566743d2232393434332220746f703d22323039323122206c6f676963616c69643d2237342220636f6e74726f6c69643d22373422206d617374657269643d2230222068696e74313d2230222068696e74323d2230222077696474683d2238313522206865696768743d223238373922206e6f726573697a653d223022206e6f6d6f76653d223022206e6f64656661756c74617474616368706f696e74733d223122206175746f647261673d2230222075736564656661756c7469646473686170653d2230222073656c65637461626c653d2231222073686f7773656c656374696f6e68616e646c65733d22302220616c6c6f776e756467696e673d223122206973616e6e6f746174696f6e3d22302220646f6e746175746f6c61796f75743d2230222067726f7570636f6c6c61707365643d2230222074616273746f703d2231222076697369626c653d22312220736e6170746f677269643d2230223e3c636f6e74726f6c3e3c646473786d6c6f626a3e3c706f6c796c696e6520656e64747970656473743d22302220656e64747970657372633d2232222075736572636f6c6f723d22313537393033323022206c696e657374796c653d223022206c696e6572656e6465723d22302220637573746f6d656e647479706564737469643d22302220637573746f6d656e647479706573726369643d2230222061646f726e7376697369626c653d2231223e3c61646f726e6d656e742070657263656e74706f733d2235312e323135313630383135343330332220636f6e74726f6c69643d223735222077696474683d223334343622206865696768743d223333312220736964653d223022206265686176696f723d2233222068696d65747269633d2237363022206469737466726f6d6c696e653d22313735222073746172746f626a3d22302220783d2232363232392220793d223232323036222076697369626c653d22302220616c6c6f776f7665726c61703d2231222075736570657263656e743d2231222f3e3c2f706f6c796c696e653e3c2f646473786d6c6f626a3e3c2f636f6e74726f6c3e3c6c61796f75746f626a6563743e3c646473786d6c6f626a2f3e3c2f6c61796f75746f626a6563743e3c636f6e6e6563746f7220736f7572636569643d22373122206465737469643d22322220736f75726365617474616368706f696e743d2231222064657374617474616368706f696e743d22353022207365676d656e74656469746d6f64653d2230222062656e64706f696e74656469746d6f64653d2230222062656e64706f696e747669736962696c6974793d2230222072656c6174656469643d223022207669727475616c3d2230223e3c706f696e7420783d2232393835302220793d223231363136222f3e3c706f696e7420783d2232393835302220793d223233313030222f3e3c2f636f6e6e6563746f723e3c2f646473636f6e74726f6c3e3c646473636f6e74726f6c2073656d616e746963636f6f6b69653d22303166363733333835383231383533662220636f6e74726f6c70726f6769643d224d534444532e546578742e3038302e3122206c6566743d2232363232392220746f703d22323232303622206c6f676963616c69643d2237352220636f6e74726f6c69643d22373522206d617374657269643d223734222068696e74313d2230222068696e74323d2230222077696474683d223334343622206865696768743d2233333122206e6f726573697a653d223122206e6f6d6f76653d223022206e6f64656661756c74617474616368706f696e74733d223122206175746f647261673d2231222075736564656661756c7469646473686170653d2231222073656c65637461626c653d2231222073686f7773656c656374696f6e68616e646c65733d22312220616c6c6f776e756467696e673d223122206973616e6e6f746174696f6e3d22302220646f6e746175746f6c61796f75743d2231222067726f7570636f6c6c61707365643d2230222074616273746f703d2230222076697369626c653d22302220736e6170746f677269643d2230223e3c636f6e74726f6c3e3c646473786d6c6f626a65637473747265616d696e6974777261707065722062696e6172793d2230303032303030303736306430303030346230313030303030333030303030303030303066666666666630303038303030303830303130303030303031353030303130303030303039303031396533333031303030363534363136383666366436313137303034363030346230303566303034333030373230303635303036343030363530303665303037343030363930303631303036633030356630303535303037333030363530303732303034373030373230303666303037353030373030303030303030303030222f3e3c2f636f6e74726f6c3e3c6c61796f75746f626a6563743e3c646473786d6c6f626a2f3e3c2f6c61796f75746f626a6563743e3c73686170652067726f7570736861706569643d2230222067726f75706e6f64653d2230222f3e3c2f646473636f6e74726f6c3e3c646473636f6e74726f6c20636f6e74726f6c70726f6769643d227b36323341433037352d324337372d343837332d383833442d3933304234333634423442437d2220746f6f6c7469703d22566f756368657222206c6566743d2236313635302220746f703d22323031303022206c6f676963616c69643d2237362220636f6e74726f6c69643d22373622206d617374657269643d2230222068696e74313d2230222068696e74323d2230222077696474683d223436383322206865696768743d223639303622206e6f726573697a653d223022206e6f6d6f76653d223022206e6f64656661756c74617474616368706f696e74733d223022206175746f647261673d2230222075736564656661756c7469646473686170653d2230222073656c65637461626c653d2231222073686f7773656c656374696f6e68616e646c65733d22302220616c6c6f776e756467696e673d223122206973616e6e6f746174696f6e3d22302220646f6e746175746f6c61796f75743d2230222067726f7570636f6c6c61707365643d2230222074616273746f703d2231222076697369626c653d22312220736e6170746f677269643d2231223e3c636f6e74726f6c3e3c646473786d6c6f626a65637473747265616d696e6974777261707065722062696e6172793d22323134333334313230383030303030303462313230303030666131613030303037383536333431323037303030303030313430313030303035363030366630303735303036333030363830303635303037323030303030303030303030303030303030303030303030303030303030303030303030303030303030303030303030303030303030303030303030303030303030303030303030303030303030303030303030303030303030303030303030303030303030303030303030303030303030303030303030303030303030303030303030303030303030303030303030303030303030303030303030303030303030303030303030303030303030303030303030303030303030303030303030303030303030303030303030303030303030303030303030303030303030303030303030303030303030303030303030303030303030303030303030303030303030303030303030303030303030303030303030303030303030303030303030303030303030303030303030303030303030303030303030303030303030303030303030303030303030303030303030303030303030303030303030303030303030303030303030303030303030303030303030303030303030303030303030303030303030303030303030303030303030303030303030303030303030303030303030303030303030303030303030303030303030303030303030303030303030303030303030303030303030303030303030303030303130303030303030353030303030303534303030303030326330303030303032633030303030303263303030303030333430303030303030303030303030303030303030303030313534653030303062663165303030303030303030303030326430313030303030643030303030303063303030303030303730303030303031633031303030303063313230303030633430653030303034383033303030303161303430303030646630323030303064383039303030303237303630303030623130333030303032373036303030306362303730303030353530353030303030303030303030303031303030303030346231323030303066613161303030303030303030303030306230303030303030623030303030303032303030303030303230303030303031633031303030306165303630303030303030303030303030313030303030303932323230303030386330343030303030303030303030303031303030303030303130303030303030323030303030303032303030303030316330313030303030633132303030303031303030303030303030303030303039323232303030303838303230303030303030303030303030303030303030303030303030303030303230303030303030323030303030303163303130303030306331323030303030303030303030303030303030303030373235663030303062663165303030303030303030303030303030303030303030643030303030303034303030303030303430303030303031633031303030303063313230303030353431353030303032303064303030303738353633343132303430303030303035383030303030303031303030303030303130303030303030623030303030303030303030303030303130303030303030323030303030303033303030303030303430303030303030353030303030303036303030303030303730303030303030383030303030303039303030303030306130303030303030343030303030303634303036323030366630303030303030383030303030303536303036663030373530303633303036383030363530303732303030303030222f3e3c2f636f6e74726f6c3e3c6c61796f75746f626a6563743e3c646473786d6c6f626a3e3c70726f7065727479206e616d653d224163746976655461626c65566965774d6f6465222076616c75653d22312220766172747970653d2238222f3e3c70726f7065727479206e616d653d225461626c65566965774d6f64653a30222076616c75653d22342c302c3238342c302c343632302c312c333738302c352c323532302220766172747970653d2238222f3e3c70726f7065727479206e616d653d225461626c65566965774d6f64653a31222076616c75653d22322c302c3238342c302c313731302220766172747970653d2238222f3e3c70726f7065727479206e616d653d225461626c65566965774d6f64653a32222076616c75653d22322c302c3238342c302c343632302220766172747970653d2238222f3e3c70726f7065727479206e616d653d225461626c65566965774d6f64653a33222076616c75653d22322c302c3238342c302c343632302220766172747970653d2238222f3e3c70726f7065727479206e616d653d225461626c65566965774d6f64653a34222076616c75653d22342c302c3238342c302c343632302c31322c353436302c31312c333336302220766172747970653d2238222f3e3c2f646473786d6c6f626a3e3c2f6c61796f75746f626a6563743e3c73686170652067726f7570736861706569643d2230222067726f75706e6f64653d2230222f3e3c2f646473636f6e74726f6c3e3c646473636f6e74726f6c2073656d616e746963636f6f6b69653d22303163653432373430313030303030303634303036323030366630303030303034363030346230303566303034663030373230303634303036353030373230303566303035363030366630303735303036333030363830303635303037323030303030302220636f6e74726f6c70726f6769643d224d534444532e506f6c796c696e652e3038302e312220746f6f6c7469703d2252656c6174696f6e736869702027464b5f4f726465725f566f756368657227206265747765656e2027566f75636865722720616e6420274f726465722722206c6566743d2235393430372220746f703d22313938343322206c6f676963616c69643d2237372220636f6e74726f6c69643d22373722206d617374657269643d2230222068696e74313d2230222068696e74323d2230222077696474683d223235343322206865696768743d2238313522206e6f726573697a653d223022206e6f6d6f76653d223022206e6f64656661756c74617474616368706f696e74733d223122206175746f647261673d2230222075736564656661756c7469646473686170653d2230222073656c65637461626c653d2231222073686f7773656c656374696f6e68616e646c65733d22302220616c6c6f776e756467696e673d223122206973616e6e6f746174696f6e3d22302220646f6e746175746f6c61796f75743d2230222067726f7570636f6c6c61707365643d2230222074616273746f703d2231222076697369626c653d22312220736e6170746f677269643d2230223e3c636f6e74726f6c3e3c646473786d6c6f626a3e3c706f6c796c696e6520656e64747970656473743d22302220656e64747970657372633d2232222075736572636f6c6f723d22313537393033323022206c696e657374796c653d223022206c696e6572656e6465723d22302220637573746f6d656e647479706564737469643d22302220637573746f6d656e647479706573726369643d2230222061646f726e7376697369626c653d2231223e3c61646f726e6d656e742070657263656e74706f733d2235312e313230323831373434393137312220636f6e74726f6c69643d223738222077696474683d223235333722206865696768743d223333312220736964653d223022206265686176696f723d2233222068696d65747269633d2239393322206469737466726f6d6c696e653d22313735222073746172746f626a3d22302220783d2235393431362220793d223139373434222076697369626c653d22302220616c6c6f776f7665726c61703d2231222075736570657263656e743d2231222f3e3c2f706f6c796c696e653e3c2f646473786d6c6f626a3e3c2f636f6e74726f6c3e3c6c61796f75746f626a6563743e3c646473786d6c6f626a2f3e3c2f6c61796f75746f626a6563743e3c636f6e6e6563746f7220736f7572636569643d22373622206465737469643d2231362220736f75726365617474616368706f696e743d223630222064657374617474616368706f696e743d22373722207365676d656e74656469746d6f64653d2230222062656e64706f696e74656469746d6f64653d2230222062656e64706f696e747669736962696c6974793d2230222072656c6174656469643d223022207669727475616c3d2230223e3c706f696e7420783d2236313635302220793d223230323530222f3e3c706f696e7420783d2235393730372220793d223230323530222f3e3c2f636f6e6e6563746f723e3c2f646473636f6e74726f6c3e3c646473636f6e74726f6c2073656d616e746963636f6f6b69653d22303166363733333831383230383533662220636f6e74726f6c70726f6769643d224d534444532e546578742e3038302e3122206c6566743d2235393431362220746f703d22313937343422206c6f676963616c69643d2237382220636f6e74726f6c69643d22373822206d617374657269643d223737222068696e74313d2230222068696e74323d2230222077696474683d223235333722206865696768743d2233333122206e6f726573697a653d223122206e6f6d6f76653d223022206e6f64656661756c74617474616368706f696e74733d223122206175746f647261673d2231222075736564656661756c7469646473686170653d2231222073656c65637461626c653d2231222073686f7773656c656374696f6e68616e646c65733d22312220616c6c6f776e756467696e673d223122206973616e6e6f746174696f6e3d22302220646f6e746175746f6c61796f75743d2231222067726f7570636f6c6c61707365643d2230222074616273746f703d2230222076697369626c653d22302220736e6170746f677269643d2230223e3c636f6e74726f6c3e3c646473786d6c6f626a65637473747265616d696e6974777261707065722062696e6172793d22303030323030303065393039303030303462303130303030303330303030303030303030666666666666303030383030303038303031303030303030313530303031303030303030393030313965333330313030303635343631363836663664363131303030343630303462303035663030346630303732303036343030363530303732303035663030353630303666303037353030363330303638303036353030373230303030303030303030222f3e3c2f636f6e74726f6c3e3c6c61796f75746f626a6563743e3c646473786d6c6f626a2f3e3c2f6c61796f75746f626a6563743e3c73686170652067726f7570736861706569643d2230222067726f75706e6f64653d2230222f3e3c2f646473636f6e74726f6c3e3c646473636f6e74726f6c20636f6e74726f6c70726f6769643d227b36323341433037352d324337372d343837332d383833442d3933304234333634423442437d2220746f6f6c7469703d22536c69646522206c6566743d2232363430302220746f703d22333936303022206c6f676963616c69643d2237392220636f6e74726f6c69643d22373922206d617374657269643d2230222068696e74313d2230222068696e74323d2230222077696474683d223436333022206865696768743d223339343222206e6f726573697a653d223022206e6f6d6f76653d223022206e6f64656661756c74617474616368706f696e74733d223022206175746f647261673d2230222075736564656661756c7469646473686170653d2230222073656c65637461626c653d2231222073686f7773656c656374696f6e68616e646c65733d22302220616c6c6f776e756467696e673d223122206973616e6e6f746174696f6e3d22302220646f6e746175746f6c61796f75743d2230222067726f7570636f6c6c61707365643d2230222074616273746f703d2231222076697369626c653d22312220736e6170746f677269643d2231223e3c636f6e74726f6c3e3c646473786d6c6f626a65637473747265616d696e6974777261707065722062696e6172793d2232313433333431323038303030303030313631323030303036363066303030303738353633343132303730303030303031343031303030303533303036633030363930303634303036353030303030303030303030303030303030303030303030303030303030303030303030303030303030303030303030303030303030303030303030303030303030303030303030303030303030303030303030303030303030303030303030303030303030303030303030303030303030303030303030303030303030303030303030303030303030303030303030303030303030303030303030303030303030303030303030303030303030303030303030303030303030303030303030303030303030303030303030303030303030303030303030303030303030303030303030303030303030303030303030303030303030303030303030303030303030303030303030303030303030303030303030303030303030303030303030303030303030303030303030303030303030303030303030303030303030303030303030303030303030303030303030303030303030303030303030303030303030303030303030303030303030303030303030303030303030303030303030303030303030303030303030303030303030303030303030303030303030303030303030303030303030303030303030303030303030303030303030303030303030303030303030303030303030303030303030303030303030303030303030303030303030303035303030303030353430303030303032633030303030303263303030303030326330303030303033343030303030303030303030303030303030303030303031363132303030303636306630303030303030303030303032643031303030303064303030303030306330303030303030373030303030303163303130303030333530373030303065623035303030303438303330303030316130343030303064663032303030306564303330303030323730363030303062313033303030303237303630303030636230373030303035353035303030303030303030303030303130303030303062363066303030306133303230303030303030303030303030303030303030303030303030303030303230303030303030323030303030303163303130303030333530373030303030303030303030303031303030303030623630663030303061333032303030303030303030303030303030303030303030303030303030303032303030303030303230303030303031633031303030303335303730303030303130303030303030303030303030306236306630303030613330323030303030303030303030303030303030303030303030303030303030323030303030303032303030303030316330313030303033353037303030303030303030303030303030303030303034323238303030306630316630303030303030303030303030303030303030303064303030303030303430303030303030343030303030303163303130303030333530373030303038373038303030303366303530303030373835363334313230343030303030303534303030303030303130303030303030313030303030303062303030303030303030303030303030313030303030303032303030303030303330303030303030343030303030303035303030303030303630303030303030373030303030303038303030303030303930303030303030613030303030303034303030303030363430303632303036663030303030303036303030303030353330303663303036393030363430303635303030303030222f3e3c2f636f6e74726f6c3e3c6c61796f75746f626a6563743e3c646473786d6c6f626a3e3c70726f7065727479206e616d653d224163746976655461626c65566965774d6f6465222076616c75653d22302220766172747970653d2238222f3e3c70726f7065727479206e616d653d225461626c65566965774d6f64653a30222076616c75653d22342c302c3238342c302c313834352c312c313531352c352c313030352220766172747970653d2238222f3e3c70726f7065727479206e616d653d225461626c65566965774d6f64653a31222076616c75653d22322c302c3238342c302c313834352220766172747970653d2238222f3e3c70726f7065727479206e616d653d225461626c65566965774d6f64653a32222076616c75653d22322c302c3238342c302c313834352220766172747970653d2238222f3e3c70726f7065727479206e616d653d225461626c65566965774d6f64653a33222076616c75653d22322c302c3238342c302c313834352220766172747970653d2238222f3e3c70726f7065727479206e616d653d225461626c65566965774d6f64653a34222076616c75653d22342c302c3238342c302c313834352c31322c323138332c31312c313334332220766172747970653d2238222f3e3c2f646473786d6c6f626a3e3c2f6c61796f75746f626a6563743e3c73686170652067726f7570736861706569643d2230222067726f75706e6f64653d2230222f3e3c2f646473636f6e74726f6c3e3c646473636f6e74726f6c2073656d616e746963636f6f6b69653d22303135396466336230313030303030303634303036323030366630303030303034363030346230303566303035333030366330303639303036343030363530303566303035303030363130303637303036353030303030302220636f6e74726f6c70726f6769643d224d534444532e506f6c796c696e652e3038302e312220746f6f6c7469703d2252656c6174696f6e736869702027464b5f536c6964655f5061676527206265747765656e2027506167652720616e642027536c6964652722206c6566743d2232363134332220746f703d22333636363222206c6f676963616c69643d2238302220636f6e74726f6c69643d22383022206d617374657269643d2230222068696e74313d2230222068696e74323d2230222077696474683d2238313522206865696768743d223336333822206e6f726573697a653d223022206e6f6d6f76653d223022206e6f64656661756c74617474616368706f696e74733d223122206175746f647261673d2230222075736564656661756c7469646473686170653d2230222073656c65637461626c653d2231222073686f7773656c656374696f6e68616e646c65733d22302220616c6c6f776e756467696e673d223122206973616e6e6f746174696f6e3d22302220646f6e746175746f6c61796f75743d2230222067726f7570636f6c6c61707365643d2230222074616273746f703d2231222076697369626c653d22312220736e6170746f677269643d2230223e3c636f6e74726f6c3e3c646473786d6c6f626a3e3c706f6c796c696e6520656e64747970656473743d22302220656e64747970657372633d2232222075736572636f6c6f723d22313537393033323022206c696e657374796c653d223022206c696e6572656e6465723d22302220637573746f6d656e647479706564737469643d22302220637573746f6d656e647479706573726369643d2230222061646f726e7376697369626c653d2231223e3c61646f726e6d656e742070657263656e74706f733d2234392e363234303630313530333735392220636f6e74726f6c69643d223831222077696474683d223139363022206865696768743d223333312220736964653d223022206265686176696f723d2233222068696d65747269633d223131313322206469737466726f6d6c696e653d22313735222073746172746f626a3d22302220783d2232343431352220793d223338333035222076697369626c653d22302220616c6c6f776f7665726c61703d2231222075736570657263656e743d2231222f3e3c2f706f6c796c696e653e3c2f646473786d6c6f626a3e3c2f636f6e74726f6c3e3c6c61796f75746f626a6563743e3c646473786d6c6f626a2f3e3c2f6c61796f75746f626a6563743e3c636f6e6e6563746f7220736f7572636569643d22323222206465737469643d2237392220736f75726365617474616368706f696e743d223133222064657374617474616368706f696e743d223022207365676d656e74656469746d6f64653d2230222062656e64706f696e74656469746d6f64653d2230222062656e64706f696e747669736962696c6974793d2230222072656c6174656469643d223022207669727475616c3d2230223e3c706f696e7420783d2232363535302220793d223337333537222f3e3c706f696e7420783d2232363535302220793d223339363030222f3e3c2f636f6e6e6563746f723e3c2f646473636f6e74726f6c3e3c646473636f6e74726f6c2073656d616e746963636f6f6b69653d22303166363733333862303565306234302220636f6e74726f6c70726f6769643d224d534444532e546578742e3038302e3122206c6566743d2232343431352220746f703d22333833303522206c6f676963616c69643d2238312220636f6e74726f6c69643d22383122206d617374657269643d223830222068696e74313d2230222068696e74323d2230222077696474683d223139363022206865696768743d2233333122206e6f726573697a653d223122206e6f6d6f76653d223022206e6f64656661756c74617474616368706f696e74733d223122206175746f647261673d2231222075736564656661756c7469646473686170653d2231222073656c65637461626c653d2231222073686f7773656c656374696f6e68616e646c65733d22312220616c6c6f776e756467696e673d223122206973616e6e6f746174696f6e3d22302220646f6e746175746f6c61796f75743d2231222067726f7570636f6c6c61707365643d2230222074616273746f703d2230222076697369626c653d22302220736e6170746f677269643d2230223e3c636f6e74726f6c3e3c646473786d6c6f626a65637473747265616d696e6974777261707065722062696e6172793d22303030323030303061383037303030303462303130303030303330303030303030303030666666666666303030383030303038303031303030303030313530303031303030303030393030313965333330313030303635343631363836663664363130643030343630303462303035663030353330303663303036393030363430303635303035663030353030303631303036373030363530303030303030303030222f3e3c2f636f6e74726f6c3e3c6c61796f75746f626a6563743e3c646473786d6c6f626a2f3e3c2f6c61796f75746f626a6563743e3c73686170652067726f7570736861706569643d2230222067726f75706e6f64653d2230222f3e3c2f646473636f6e74726f6c3e3c2f6464733e0d0a000000000000000000000000000000000000000000000000000000000000000000000000000000000000000000000000000000000000000000000000000000000000000000000000feffffff02000000030000000400000005000000060000000700000008000000090000000a0000000b0000000c0000000d0000000e0000000f000000100000001100000012000000130000001400000015000000160000001700000018000000190000001a0000001b0000001c000000fefffffffeffffffffffffffffffffffffffffffffffffffffffffffffffffffffffffffffffffffffffffffffffffffffffffffffffffffffffffffffffffffffffffffffffffffffffffffffffffffffffffffffffffffffffffffffffffffffffffffffffffffffffffffffffffffffffffffffffffffffffffffffffffffffffffffffffffffffffffffffffffffffffffffffffffffffffffffffffffffffffffffffffffffffffffffffffffffffffffffffffffffffffffffffffffffffffffffffffffffffffffffffffffffffffffffffffffffffffffffffffffffffffffffffffffffffffffffffffffffffffffffffffffffffffffffffffffffffffffffffffffffffffffffffffffffffffffffffffffffffffffffffffffffffffffffffffffffffffffffffffffffffffffffffffffffffffffffffffffffffffffffffffffffffffffffffffffffffffffffffffffffffffffffffffffffffffffffffffffffffffffffffffffffffffffffffffffffffffffffffffffffffffffffffffffffffffffffffffffff010003000000000000000c0000000b0000004e61bc00000000000000000000000000000000000000000000000000000000000000000000000000000000000000dbe6b0e91c81d011ad5100a0c90f573900000200f098d46e176ed901020200001048450000000000000000000000000000000000ea0100004400610074006100200053006f0075007200630065003d004c004100500054004f0050002d00360054003500460049004b00380035005c00530051004c0045005800500052004500530053003b0049006e0069007400690061006c00200043006100740061006c006f0067003d004400610041006e0034003b0049006e00740065006700720061007400650064002000530065006300750072006900740079003d0054007200750065003b004d0075006c007400690070006c0065002000410063007400690076006500200052006500730075006c007400200053006500740073003d00460061006c00730065003b0043006f006e006e006500630074002000540069006d0065006f00750074003d00330030003b005400720075007300740020005300650072007600650072002000430065007200740069006600690063006100740065003d00460061006c00730065003b005000610063006b00650074002000530069007a0065003d0034003000390036003b004100700070006c00690063006100740069006f006e0020004e0061006d0065003d0022004d006900630072006f0073006f00660074002000530051004c00200053006500720076006500720020004d0061006e006100670065006d0065006e0074002000530074007500640069006f002200000000800500140000004400690061006700720061006d005f00300000000002260012000000430061007400650067006f0072007900000008000000640062006f0000000002260016000000430072006500640065006e007400690061006c00000008000000640062006f000000000226001200000043007500730074006f006d0065007200000008000000640062006f000000000226001e00000044006900730063006f0075006e007400440065007400610069006c00000008000000640062006f000000000226002000000044006900730063006f0075006e007400500072006f006400750063007400000008000000640062006f000000000226001200000046006500650064006200610063006b00000008000000640062006f000000000226001600000049006d0070006f0072007400420069006c006c00000008000000640062006f000000000226002200000049006d0070006f0072007400420069006c006c00440065007400610069006c00000008000000640062006f00000000022600080000004e0065007700000008000000640062006f000000000226000c0000004f007200640065007200000008000000640062006f00000000022600180000004f007200640065007200440065007400610069006c00000008000000640062006f000000000226000a0000005000610067006500000008000000640062006f0000000002260010000000500072006f006400750063007400000008000000640062006f0000000002260016000000500072006f006400750063007400430061007400000008000000640062006f000000000226001a000000500072006f00640075006300740043006f006c006f007200000008000000640062006f000000000226001a000000500072006f00640075006300740049006d00610067006500000008000000640062006f000000000226001e000000500072006f006400750063007400530065006300740069006f006e00000008000000640062006f0000000002260018000000500072006f006400750063007400530069007a006500000008000000640062006f0000000002260022000000500072006f00640075006300740056006100720069006100740069006f006e00000008000000640062006f000000000226000a00000052006f006c006500000008000000640062006f0000000002260010000000530065006300740069006f006e00000008000000640062006f000000000226001800000053007400610074006900730074006900630061006c00000008000000640062006f00000000022600180000005300740061007400750073004f007200640065007200000008000000640062006f000000000226000a0000005500730065007200000008000000640062006f00000000022600140000005500730065007200470072006f0075007000000008000000640062006f000000000226001000000056006f0075006300680065007200000008000000640062006f000000000224000c00000053006c00690064006500000008000000640062006f00000001000000d68509b3bb6bf2459ab8371664f0327008004e0000007b00310036003300340043004400440037002d0030003800380038002d0034003200450033002d0039004600410032002d004200360044003300320035003600330042003900310044007d00000000000000000000000000000000000000010003000000000000000c0000000b00000000000000000000000000000000000000000000000000000000000000000000000000000000000000000000000000000000000000000000000000000000000000000000000000000000000000000000000000000000000000000000000000000000000000000000000000000000000000000000000000000000000000000000000000000000000000000000000000000000000000000000000000000000000000000000000000000000000000000053006300680065006d00610020005500440056002000440065006600610075006c007400200050006f007300740020005600360000000000000000000000000036000200ffffffffffffffffffffffff0000000000000000000000000000000000000000000000000000000000000000000000001d00000012000000000000000000000000000000000000000000000000000000000000000000000000000000000000000000000000000000000000000000000000000000000000000000000000000000ffffffffffffffffffffffff0000000000000000000000000000000000000000000000000000000000000000000000000000000000000000000000000000000000000000000000000000000000000000000000000000000000000000000000000000000000000000000000000000000000000000000000000000000000000000ffffffffffffffffffffffff0000000000000000000000000000000000000000000000000000000000000000000000000000000000000000000000000000000000000000000000000000000000000000000000000000000000000000000000000000000000000000000000000000000000000000000000000000000000000000ffffffffffffffffffffffff00000000000000000000000000000000000000000000000000000000000000000000000000000000000000000000000062885214);

-- --------------------------------------------------------

--
-- Cấu trúc bảng cho bảng `users`
--

CREATE TABLE `users` (
  `id` bigint(20) UNSIGNED NOT NULL,
  `name` varchar(255) NOT NULL,
  `email` varchar(255) NOT NULL,
  `email_verified_at` timestamp NULL DEFAULT NULL,
  `password` varchar(255) NOT NULL,
  `remember_token` varchar(100) DEFAULT NULL,
  `created_at` timestamp NULL DEFAULT NULL,
  `updated_at` timestamp NULL DEFAULT NULL
) ENGINE=InnoDB DEFAULT CHARSET=utf8mb4 COLLATE=utf8mb4_unicode_ci;

--
-- Đang đổ dữ liệu cho bảng `users`
--

INSERT INTO `users` (`id`, `name`, `email`, `email_verified_at`, `password`, `remember_token`, `created_at`, `updated_at`) VALUES
(1, 'Trần Khánh Sơn', 'transon30082002@gmail.com', NULL, '$2y$10$5bTmVCICh5syHVzgM0udl.woIG5/4XHnxS8iquh3JscnZiVGs11We', NULL, '2023-05-27 15:46:31', '2023-05-27 15:46:31'),
(2, 'Minh Tâm', 'tam@gmail.com', NULL, '$2y$10$LxX./hw/2MprN384nZJ03.NvPVzsREahO9FlMKH9rP8Dc1TZoPImS', NULL, '2023-06-01 03:24:05', '2023-06-01 03:24:05'),
(3, 'Thùy dương', 'tranduong@gmail.com', NULL, '$2y$10$ZS.ftMIPvsEmPi2rl0Ypret246puzai/6FiGq5/BQ.pyonvi.Kcyu', NULL, '2023-06-01 16:47:35', '2023-06-01 16:47:35');

-- --------------------------------------------------------

--
-- Cấu trúc bảng cho bảng `voucher`
--

CREATE TABLE `voucher` (
  `VoucherId` int(11) NOT NULL,
  `Name` varchar(200) DEFAULT NULL,
  `Description` varchar(200) DEFAULT NULL,
  `StartDate` datetime DEFAULT NULL,
  `EndDate` datetime DEFAULT NULL,
  `Amount` double NOT NULL,
  `TypeAmount` varchar(20) DEFAULT NULL,
  `MiximumMoney` int(11) DEFAULT NULL,
  `MaximumMoney` int(11) DEFAULT NULL,
  `UsedCurrent` int(11) DEFAULT NULL,
  `MaxUses` int(11) DEFAULT NULL,
  `updated_at` timestamp NULL DEFAULT current_timestamp(),
  `created_at` timestamp NULL DEFAULT current_timestamp() ON UPDATE current_timestamp()
) ENGINE=InnoDB DEFAULT CHARSET=utf8 COLLATE=utf8_general_ci;

--
-- Chỉ mục cho các bảng đã đổ
--

--
-- Chỉ mục cho bảng `access_logs`
--
ALTER TABLE `access_logs`
  ADD PRIMARY KEY (`id`),
  ADD KEY `access_logs_user_id_foreign` (`user_id`);

--
-- Chỉ mục cho bảng `category`
--
ALTER TABLE `category`
  ADD PRIMARY KEY (`CatID`);

--
-- Chỉ mục cho bảng `customer`
--
ALTER TABLE `customer`
  ADD PRIMARY KEY (`CusID`);

--
-- Chỉ mục cho bảng `discountdetail`
--
ALTER TABLE `discountdetail`
  ADD PRIMARY KEY (`DiscountDetailId`);

--
-- Chỉ mục cho bảng `discountproduct`
--
ALTER TABLE `discountproduct`
  ADD PRIMARY KEY (`DiscountProductId`);

--
-- Chỉ mục cho bảng `feedback`
--
ALTER TABLE `feedback`
  ADD PRIMARY KEY (`FeedbackId`);

--
-- Chỉ mục cho bảng `importbill`
--
ALTER TABLE `importbill`
  ADD PRIMARY KEY (`ImpId`);

--
-- Chỉ mục cho bảng `importbilldetail`
--
ALTER TABLE `importbilldetail`
  ADD PRIMARY KEY (`ProVariationID`,`ImpId`);

--
-- Chỉ mục cho bảng `migrations`
--
ALTER TABLE `migrations`
  ADD PRIMARY KEY (`id`);

--
-- Chỉ mục cho bảng `model_has_permissions`
--
ALTER TABLE `model_has_permissions`
  ADD PRIMARY KEY (`permission_id`,`model_id`,`model_type`),
  ADD KEY `model_has_permissions_model_id_model_type_index` (`model_id`,`model_type`);

--
-- Chỉ mục cho bảng `model_has_roles`
--
ALTER TABLE `model_has_roles`
  ADD PRIMARY KEY (`role_id`,`model_id`,`model_type`),
  ADD KEY `model_has_roles_model_id_model_type_index` (`model_id`,`model_type`);

--
-- Chỉ mục cho bảng `order`
--
ALTER TABLE `order`
  ADD PRIMARY KEY (`OrdID`);

--
-- Chỉ mục cho bảng `orderdetail`
--
ALTER TABLE `orderdetail`
  ADD PRIMARY KEY (`ProVariationID`,`OrdID`);

--
-- Chỉ mục cho bảng `page`
--
ALTER TABLE `page`
  ADD PRIMARY KEY (`PageId`);

--
-- Chỉ mục cho bảng `permissions`
--
ALTER TABLE `permissions`
  ADD PRIMARY KEY (`id`),
  ADD UNIQUE KEY `permissions_name_guard_name_unique` (`name`,`guard_name`);

--
-- Chỉ mục cho bảng `personal_access_tokens`
--
ALTER TABLE `personal_access_tokens`
  ADD PRIMARY KEY (`id`),
  ADD UNIQUE KEY `personal_access_tokens_token_unique` (`token`),
  ADD KEY `personal_access_tokens_tokenable_type_tokenable_id_index` (`tokenable_type`,`tokenable_id`);

--
-- Chỉ mục cho bảng `post`
--
ALTER TABLE `post`
  ADD PRIMARY KEY (`PostId`);

--
-- Chỉ mục cho bảng `product`
--
ALTER TABLE `product`
  ADD PRIMARY KEY (`ProId`);

--
-- Chỉ mục cho bảng `productcat`
--
ALTER TABLE `productcat`
  ADD PRIMARY KEY (`ProCatId`);

--
-- Chỉ mục cho bảng `productcolor`
--
ALTER TABLE `productcolor`
  ADD PRIMARY KEY (`ProColorID`);

--
-- Chỉ mục cho bảng `productimage`
--
ALTER TABLE `productimage`
  ADD PRIMARY KEY (`ProImageId`);

--
-- Chỉ mục cho bảng `productsection`
--
ALTER TABLE `productsection`
  ADD PRIMARY KEY (`ProductSectionId`);

--
-- Chỉ mục cho bảng `productsize`
--
ALTER TABLE `productsize`
  ADD PRIMARY KEY (`ProSizeID`);

--
-- Chỉ mục cho bảng `productvariation`
--
ALTER TABLE `productvariation`
  ADD PRIMARY KEY (`ProVariationID`);

--
-- Chỉ mục cho bảng `reportproduct`
--
ALTER TABLE `reportproduct`
  ADD PRIMARY KEY (`ReportProductId`);

--
-- Chỉ mục cho bảng `roles`
--
ALTER TABLE `roles`
  ADD PRIMARY KEY (`id`),
  ADD UNIQUE KEY `roles_name_guard_name_unique` (`name`,`guard_name`);

--
-- Chỉ mục cho bảng `role_has_permissions`
--
ALTER TABLE `role_has_permissions`
  ADD PRIMARY KEY (`permission_id`,`role_id`),
  ADD KEY `role_has_permissions_role_id_foreign` (`role_id`);

--
-- Chỉ mục cho bảng `section`
--
ALTER TABLE `section`
  ADD PRIMARY KEY (`SectionId`);

--
-- Chỉ mục cho bảng `slide`
--
ALTER TABLE `slide`
  ADD PRIMARY KEY (`SlideId`);

--
-- Chỉ mục cho bảng `statistical`
--
ALTER TABLE `statistical`
  ADD PRIMARY KEY (`statisticalId`);

--
-- Chỉ mục cho bảng `statusorder`
--
ALTER TABLE `statusorder`
  ADD PRIMARY KEY (`StatusOrderId`);

--
-- Chỉ mục cho bảng `sysdiagrams`
--
ALTER TABLE `sysdiagrams`
  ADD PRIMARY KEY (`diagram_id`),
  ADD UNIQUE KEY `UK_principal_name` (`principal_id`,`name`);

--
-- Chỉ mục cho bảng `users`
--
ALTER TABLE `users`
  ADD PRIMARY KEY (`id`);

--
-- Chỉ mục cho bảng `voucher`
--
ALTER TABLE `voucher`
  ADD PRIMARY KEY (`VoucherId`);

--
-- AUTO_INCREMENT cho các bảng đã đổ
--

--
-- AUTO_INCREMENT cho bảng `access_logs`
--
ALTER TABLE `access_logs`
  MODIFY `id` bigint(20) UNSIGNED NOT NULL AUTO_INCREMENT, AUTO_INCREMENT=26;

--
-- AUTO_INCREMENT cho bảng `category`
--
ALTER TABLE `category`
  MODIFY `CatID` int(11) NOT NULL AUTO_INCREMENT, AUTO_INCREMENT=52;

--
-- AUTO_INCREMENT cho bảng `customer`
--
ALTER TABLE `customer`
  MODIFY `CusID` bigint(20) NOT NULL AUTO_INCREMENT, AUTO_INCREMENT=7;

--
-- AUTO_INCREMENT cho bảng `discountdetail`
--
ALTER TABLE `discountdetail`
  MODIFY `DiscountDetailId` bigint(20) NOT NULL AUTO_INCREMENT, AUTO_INCREMENT=104;

--
-- AUTO_INCREMENT cho bảng `discountproduct`
--
ALTER TABLE `discountproduct`
  MODIFY `DiscountProductId` int(11) NOT NULL AUTO_INCREMENT, AUTO_INCREMENT=20;

--
-- AUTO_INCREMENT cho bảng `feedback`
--
ALTER TABLE `feedback`
  MODIFY `FeedbackId` bigint(20) NOT NULL AUTO_INCREMENT, AUTO_INCREMENT=17;

--
-- AUTO_INCREMENT cho bảng `importbill`
--
ALTER TABLE `importbill`
  MODIFY `ImpId` bigint(20) NOT NULL AUTO_INCREMENT, AUTO_INCREMENT=28;

--
-- AUTO_INCREMENT cho bảng `migrations`
--
ALTER TABLE `migrations`
  MODIFY `id` int(10) UNSIGNED NOT NULL AUTO_INCREMENT, AUTO_INCREMENT=5;

--
-- AUTO_INCREMENT cho bảng `order`
--
ALTER TABLE `order`
  MODIFY `OrdID` bigint(20) NOT NULL AUTO_INCREMENT, AUTO_INCREMENT=17;

--
-- AUTO_INCREMENT cho bảng `page`
--
ALTER TABLE `page`
  MODIFY `PageId` int(11) NOT NULL AUTO_INCREMENT;

--
-- AUTO_INCREMENT cho bảng `permissions`
--
ALTER TABLE `permissions`
  MODIFY `id` bigint(20) UNSIGNED NOT NULL AUTO_INCREMENT, AUTO_INCREMENT=23;

--
-- AUTO_INCREMENT cho bảng `personal_access_tokens`
--
ALTER TABLE `personal_access_tokens`
  MODIFY `id` bigint(20) UNSIGNED NOT NULL AUTO_INCREMENT;

--
-- AUTO_INCREMENT cho bảng `post`
--
ALTER TABLE `post`
  MODIFY `PostId` int(11) NOT NULL AUTO_INCREMENT, AUTO_INCREMENT=7;

--
-- AUTO_INCREMENT cho bảng `product`
--
ALTER TABLE `product`
  MODIFY `ProId` bigint(20) NOT NULL AUTO_INCREMENT, AUTO_INCREMENT=65;

--
-- AUTO_INCREMENT cho bảng `productcat`
--
ALTER TABLE `productcat`
  MODIFY `ProCatId` int(11) NOT NULL AUTO_INCREMENT, AUTO_INCREMENT=45;

--
-- AUTO_INCREMENT cho bảng `productcolor`
--
ALTER TABLE `productcolor`
  MODIFY `ProColorID` bigint(20) NOT NULL AUTO_INCREMENT, AUTO_INCREMENT=16;

--
-- AUTO_INCREMENT cho bảng `productimage`
--
ALTER TABLE `productimage`
  MODIFY `ProImageId` int(11) NOT NULL AUTO_INCREMENT, AUTO_INCREMENT=96;

--
-- AUTO_INCREMENT cho bảng `productsection`
--
ALTER TABLE `productsection`
  MODIFY `ProductSectionId` int(11) NOT NULL AUTO_INCREMENT;

--
-- AUTO_INCREMENT cho bảng `productsize`
--
ALTER TABLE `productsize`
  MODIFY `ProSizeID` bigint(20) NOT NULL AUTO_INCREMENT, AUTO_INCREMENT=10;

--
-- AUTO_INCREMENT cho bảng `productvariation`
--
ALTER TABLE `productvariation`
  MODIFY `ProVariationID` bigint(20) NOT NULL AUTO_INCREMENT, AUTO_INCREMENT=269;

--
-- AUTO_INCREMENT cho bảng `reportproduct`
--
ALTER TABLE `reportproduct`
  MODIFY `ReportProductId` int(11) NOT NULL AUTO_INCREMENT, AUTO_INCREMENT=51;

--
-- AUTO_INCREMENT cho bảng `roles`
--
ALTER TABLE `roles`
  MODIFY `id` bigint(20) UNSIGNED NOT NULL AUTO_INCREMENT, AUTO_INCREMENT=5;

--
-- AUTO_INCREMENT cho bảng `section`
--
ALTER TABLE `section`
  MODIFY `SectionId` int(11) NOT NULL AUTO_INCREMENT;

--
-- AUTO_INCREMENT cho bảng `slide`
--
ALTER TABLE `slide`
  MODIFY `SlideId` int(11) NOT NULL AUTO_INCREMENT;

--
-- AUTO_INCREMENT cho bảng `statistical`
--
ALTER TABLE `statistical`
  MODIFY `statisticalId` int(11) NOT NULL AUTO_INCREMENT, AUTO_INCREMENT=14;

--
-- AUTO_INCREMENT cho bảng `statusorder`
--
ALTER TABLE `statusorder`
  MODIFY `StatusOrderId` int(11) NOT NULL AUTO_INCREMENT, AUTO_INCREMENT=5;

--
-- AUTO_INCREMENT cho bảng `users`
--
ALTER TABLE `users`
  MODIFY `id` bigint(20) UNSIGNED NOT NULL AUTO_INCREMENT, AUTO_INCREMENT=4;

--
-- AUTO_INCREMENT cho bảng `voucher`
--
ALTER TABLE `voucher`
  MODIFY `VoucherId` int(11) NOT NULL AUTO_INCREMENT;

--
-- Các ràng buộc cho các bảng đã đổ
--

--
-- Các ràng buộc cho bảng `access_logs`
--
ALTER TABLE `access_logs`
  ADD CONSTRAINT `access_logs_user_id_foreign` FOREIGN KEY (`user_id`) REFERENCES `users` (`id`) ON DELETE CASCADE;

--
-- Các ràng buộc cho bảng `model_has_permissions`
--
ALTER TABLE `model_has_permissions`
  ADD CONSTRAINT `model_has_permissions_permission_id_foreign` FOREIGN KEY (`permission_id`) REFERENCES `permissions` (`id`) ON DELETE CASCADE;

--
-- Các ràng buộc cho bảng `model_has_roles`
--
ALTER TABLE `model_has_roles`
  ADD CONSTRAINT `model_has_roles_role_id_foreign` FOREIGN KEY (`role_id`) REFERENCES `roles` (`id`) ON DELETE CASCADE;

--
-- Các ràng buộc cho bảng `role_has_permissions`
--
ALTER TABLE `role_has_permissions`
  ADD CONSTRAINT `role_has_permissions_permission_id_foreign` FOREIGN KEY (`permission_id`) REFERENCES `permissions` (`id`) ON DELETE CASCADE,
  ADD CONSTRAINT `role_has_permissions_role_id_foreign` FOREIGN KEY (`role_id`) REFERENCES `roles` (`id`) ON DELETE CASCADE;
COMMIT;

/*!40101 SET CHARACTER_SET_CLIENT=@OLD_CHARACTER_SET_CLIENT */;
/*!40101 SET CHARACTER_SET_RESULTS=@OLD_CHARACTER_SET_RESULTS */;
/*!40101 SET COLLATION_CONNECTION=@OLD_COLLATION_CONNECTION */;
